"13504","3E7D6DB138A992B55A7917DBDEE67140E25E7B88","0000-00-00",631,163656381214,447623966,1337611887,2
"3E7D6DB138A992B55A7917DBDEE67140E25E7B88","ACValhalla.exe",580306984,580306984,372658954,0
"3E7D6DB138A992B55A7917DBDEE67140E25E7B88","ACValhalla_Plus.exe",619628072,619628072,399836584,0
"3E7D6DB138A992B55A7917DBDEE67140E25E7B88","streaminginstall.ini",28907,28907,3921,1
"3E7D6DB138A992B55A7917DBDEE67140E25E7B88","tobii_gameintegration_x64.dll",3144488,3144488,1162545,1
"3E7D6DB138A992B55A7917DBDEE67140E25E7B88","GFSDK_Aftermath_Lib.x64.dll",1205248,1205248,383420,1
"3E7D6DB138A992B55A7917DBDEE67140E25E7B88","d3dcompiler_47.dll",4524696,4524696,1811874,1
"3E7D6DB138A992B55A7917DBDEE67140E25E7B88","gpudatabase_win64.dll",83968,83968,13671,1
"3E7D6DB138A992B55A7917DBDEE67140E25E7B88","dbdata.dll",413256,413256,159403,1
"3E7D6DB138A992B55A7917DBDEE67140E25E7B88","dbghelp64.dll",1369952,1369952,501349,1
"3E7D6DB138A992B55A7917DBDEE67140E25E7B88","localization.lang",23,23,35,1
"3E7D6DB138A992B55A7917DBDEE67140E25E7B88","upc_r2_loader64.dll",413336,413336,160361,1
"3E7D6DB138A992B55A7917DBDEE67140E25E7B88","amd_ags_x64.dll",134144,134144,64659,1
"3E7D6DB138A992B55A7917DBDEE67140E25E7B88","benchmark.dat",395932,395932,311735,1
"3E7D6DB138A992B55A7917DBDEE67140E25E7B88","main.psodb",11433028,11433028,653328,1
"3E7D6DB138A992B55A7917DBDEE67140E25E7B88","Support\Software\VCRedist\vc_redist.x64.exe",15001520,15001520,14751033,1
"3E7D6DB138A992B55A7917DBDEE67140E25E7B88","splashscreen.png",922432,922432,922678,1
"3E7D6DB138A992B55A7917DBDEE67140E25E7B88","Installer_Resources\Autorun.exe",4607832,4607832,1247314,1
"3E7D6DB138A992B55A7917DBDEE67140E25E7B88","Installer_Resources\Autorun.ico",222726,222726,170697,1
"3E7D6DB138A992B55A7917DBDEE67140E25E7B88","Installer_Resources\Autorun.inf",65,65,50,1
"3E7D6DB138A992B55A7917DBDEE67140E25E7B88","Installer_Resources\game_art.png",137314,137314,137491,1
"3E7D6DB138A992B55A7917DBDEE67140E25E7B88","Installer_Resources\game_art_blurred.png",67292,67292,67384,1
"3E7D6DB138A992B55A7917DBDEE67140E25E7B88","Installer_Resources\UPlayInstaller.exe",76242992,76242992,75959899,1
"3E7D6DB138A992B55A7917DBDEE67140E25E7B88","ShaderDataDX12.bin",70000658,70000658,10541026,3
"3E7D6DB138A992B55A7917DBDEE67140E25E7B88","DataPC.forge",1103790080,1103790080,1008473390,3
"3E7D6DB138A992B55A7917DBDEE67140E25E7B88","DataPC_patch_01.forge",175439872,175439872,162024379,3
"3E7D6DB138A992B55A7917DBDEE67140E25E7B88","DataPC_DX12.forge",2588672,2588672,2408883,3
"3E7D6DB138A992B55A7917DBDEE67140E25E7B88","DataPC_extra.forge",1657929728,1657929728,1580959124,3
"3E7D6DB138A992B55A7917DBDEE67140E25E7B88","DataPC_extra_patch_01.forge",158826496,158826496,150713362,3
"3E7D6DB138A992B55A7917DBDEE67140E25E7B88","DataPC_extra_DX12.forge",425984,425984,394667,3
"3E7D6DB138A992B55A7917DBDEE67140E25E7B88","DataPC_ACK_TitleScreen.forge",45187072,45187072,44478818,3
"3E7D6DB138A992B55A7917DBDEE67140E25E7B88","DataPC_ACK_TitleScreen_patch_01.forge",9109504,9109504,8846334,3
"3E7D6DB138A992B55A7917DBDEE67140E25E7B88","DataPC_ACK_TitleScreen_DX12.forge",229376,229376,213601,3
"3E7D6DB138A992B55A7917DBDEE67140E25E7B88","DataPC_ACK_WhiteRoom.forge",62816256,62816256,61319906,3
"3E7D6DB138A992B55A7917DBDEE67140E25E7B88","DataPC_ACK_WhiteRoom_patch_01.forge",5898240,5898240,5657000,3
"3E7D6DB138A992B55A7917DBDEE67140E25E7B88","DataPC_ACK_WhiteRoom_DX12.forge",32768,32768,863,3
"3E7D6DB138A992B55A7917DBDEE67140E25E7B88","DataPC_SharedGroup_00.forge",8957820928,367886336,122100062,3
"3E7D6DB138A992B55A7917DBDEE67140E25E7B88","DataPC_SharedGroup_00_patch_01.forge",391151616,391151616,375900807,3
"3E7D6DB138A992B55A7917DBDEE67140E25E7B88","DataPC_SharedGroup_00_DX12.forge",36667392,36667392,35213387,3
"3E7D6DB138A992B55A7917DBDEE67140E25E7B88","dlc_35\sounds_bra_dlc_350.pck",33734479,33734479,30755387,3
"3E7D6DB138A992B55A7917DBDEE67140E25E7B88","dlc_35\sounds_eng_dlc_350.pck",33665007,33665007,30717858,3
"3E7D6DB138A992B55A7917DBDEE67140E25E7B88","dlc_35\sounds_fre_dlc_350.pck",34072815,34072815,31152995,3
"3E7D6DB138A992B55A7917DBDEE67140E25E7B88","dlc_35\sounds_ger_dlc_350.pck",34175638,34175638,31169261,3
"3E7D6DB138A992B55A7917DBDEE67140E25E7B88","dlc_35\sounds_ita_dlc_350.pck",35732089,35732089,32762664,3
"3E7D6DB138A992B55A7917DBDEE67140E25E7B88","dlc_35\sounds_jap_dlc_350.pck",34331295,34331295,31356471,3
"3E7D6DB138A992B55A7917DBDEE67140E25E7B88","dlc_35\sounds_rus_dlc_350.pck",31850594,31850594,28854820,3
"3E7D6DB138A992B55A7917DBDEE67140E25E7B88","dlc_35\sounds_sfx_dlc_350.pck",52483590,52483590,50308186,3
"3E7D6DB138A992B55A7917DBDEE67140E25E7B88","dlc_35\sounds_spa_dlc_350.pck",34745341,34745341,31806637,3
"3E7D6DB138A992B55A7917DBDEE67140E25E7B88","dlc_35\DataPC_35_dlc.forge",4418174976,123207680,4293153731,3
"3E7D6DB138A992B55A7917DBDEE67140E25E7B88","dlc_35\DataPC_35_dlc_DX12.forge",688128,688128,612410,3
"3E7D6DB138A992B55A7917DBDEE67140E25E7B88","dlc_35\DataPC_35_dlc_SharedGroup_00.forge",6515097600,2220130304,2037467444,3
"3E7D6DB138A992B55A7917DBDEE67140E25E7B88","dlc_35\DataPC_35_dlc_SharedGroup_00_DX12.forge",27295744,27295744,26160345,3
"3E7D6DB138A992B55A7917DBDEE67140E25E7B88","dlc_35\DataPC_ACK_England_35_dlc.forge",98107392,98107392,95386609,3
"3E7D6DB138A992B55A7917DBDEE67140E25E7B88","dlc_35\DataPC_ACK_England_35_dlc_DX12.forge",37552128,37552128,35984080,3
"3E7D6DB138A992B55A7917DBDEE67140E25E7B88","dlc_35\DataPC_ACK_EX_Niflheim.forge",2035580928,2035580928,1941236930,3
"3E7D6DB138A992B55A7917DBDEE67140E25E7B88","dlc_35\DataPC_ACK_EX_Niflheim_DX12.forge",1802240,1802240,1727830,3
"3E7D6DB138A992B55A7917DBDEE67140E25E7B88","dlc_35\DataPC_ACK_EX_Niflheim_gi.forge",202637312,202637312,198541908,3
"3E7D6DB138A992B55A7917DBDEE67140E25E7B88","dlc_35\DataPC_ACK_EX_Niflheim_TerrainHD.forge",933298176,933298176,913419727,3
"3E7D6DB138A992B55A7917DBDEE67140E25E7B88","dlc_35\DataPC_ACK_EX_ProtoWorld_Niflheim.forge",936148992,936148992,898501864,3
"3E7D6DB138A992B55A7917DBDEE67140E25E7B88","dlc_35\DataPC_ACK_EX_ProtoWorld_Niflheim_DX12.forge",851968,851968,809258,3
"3E7D6DB138A992B55A7917DBDEE67140E25E7B88","dlc_35\DataPC_ACK_EX_ProtoWorld_Niflheim_TerrainHD.forge",684294144,684294144,673944745,3
"3E7D6DB138A992B55A7917DBDEE67140E25E7B88","dlc_35\DataPC_ACK_WhiteRoom_35_dlc.forge",1998848,1998848,1923026,3
"3E7D6DB138A992B55A7917DBDEE67140E25E7B88","dlc_35\DataPC_ACK_WhiteRoom_35_dlc_DX12.forge",36700160,36700160,35168213,3
"3E7D6DB138A992B55A7917DBDEE67140E25E7B88","dlc_42\DataPC_42_dlc.forge",145260544,145260544,138609195,3
"3E7D6DB138A992B55A7917DBDEE67140E25E7B88","dlc_42\DataPC_42_dlc_DX12.forge",7995392,7995392,7681637,3
"3E7D6DB138A992B55A7917DBDEE67140E25E7B88","dlc_211\DataPC_211_dlc_DX12.forge",4587520,4587520,4360483,3
"3E7D6DB138A992B55A7917DBDEE67140E25E7B88","DataPC_211_dlc_DX12_patch_01.forge",16154624,16154624,15529186,3
"3E7D6DB138A992B55A7917DBDEE67140E25E7B88","dlc_211\DataPC_ACK_Asgard_211_dlc_DX12.forge",37224448,37224448,35680462,3
"3E7D6DB138A992B55A7917DBDEE67140E25E7B88","dlc_211\DataPC_ACK_EndGame_211_dlc_DX12.forge",36962304,36962304,35415037,3
"3E7D6DB138A992B55A7917DBDEE67140E25E7B88","dlc_211\DataPC_ACK_England_211_dlc_DX12.forge",360448,360448,314510,3
"3E7D6DB138A992B55A7917DBDEE67140E25E7B88","DataPC_ACK_England_211_dlc_DX12_patch_01.forge",40239104,40239104,38582826,3
"3E7D6DB138A992B55A7917DBDEE67140E25E7B88","dlc_211\DataPC_ACK_EX_ACD_Connection_DX12.forge",327680,327680,315935,3
"3E7D6DB138A992B55A7917DBDEE67140E25E7B88","DataPC_ACK_EX_ACD_Connection_DX12_patch_01.forge",3276800,3276800,3111387,3
"3E7D6DB138A992B55A7917DBDEE67140E25E7B88","dlc_211\DataPC_ACK_Jotunheim_211_dlc_DX12.forge",36864000,36864000,35309682,3
"3E7D6DB138A992B55A7917DBDEE67140E25E7B88","dlc_211\DataPC_ACK_Norway_211_dlc_DX12.forge",37322752,37322752,35764519,3
"3E7D6DB138A992B55A7917DBDEE67140E25E7B88","dlc_211\DataPC_ACK_WhiteRoom_211_dlc_DX12.forge",36503552,36503552,34985137,3
"3E7D6DB138A992B55A7917DBDEE67140E25E7B88","dlc_222\sounds_sfx_dlc_2220.pck",177024,177024,103122,3
"3E7D6DB138A992B55A7917DBDEE67140E25E7B88","dlc_222\DataPC_222_dlc.forge",134774784,134774784,132145015,3
"3E7D6DB138A992B55A7917DBDEE67140E25E7B88","dlc_222\DataPC_222_dlc_DX12.forge",1736704,1736704,1645695,3
"3E7D6DB138A992B55A7917DBDEE67140E25E7B88","dlc_223\sounds_sfx_dlc_2230.pck",714587,714587,620034,3
"3E7D6DB138A992B55A7917DBDEE67140E25E7B88","dlc_223\DataPC_223_dlc.forge",224559104,224559104,216284579,3
"3E7D6DB138A992B55A7917DBDEE67140E25E7B88","dlc_223\DataPC_223_dlc_DX12.forge",3735552,3735552,3587626,3
"3E7D6DB138A992B55A7917DBDEE67140E25E7B88","dlc_225\sounds_sfx_dlc_2250.pck",98852,98852,26693,3
"3E7D6DB138A992B55A7917DBDEE67140E25E7B88","dlc_225\DataPC_225_dlc.forge",9011200,9011200,8730461,3
"3E7D6DB138A992B55A7917DBDEE67140E25E7B88","dlc_225\DataPC_225_dlc_DX12.forge",196608,196608,165802,3
"3E7D6DB138A992B55A7917DBDEE67140E25E7B88","dlc_231\DataPC_231_dlc_DX12.forge",294912,294912,245697,3
"3E7D6DB138A992B55A7917DBDEE67140E25E7B88","DataPC_231_dlc_DX12_patch_01.forge",3735552,3735552,3604214,3
"3E7D6DB138A992B55A7917DBDEE67140E25E7B88","dlc_232\DataPC_232_dlc_DX12.forge",13205504,13205504,12688001,3
"3E7D6DB138A992B55A7917DBDEE67140E25E7B88","DataPC_232_dlc_DX12_patch_01.forge",98304,98304,87356,3
"3E7D6DB138A992B55A7917DBDEE67140E25E7B88","dlc_232\DataPC_ACK_England_232_dlc_DX12.forge",37814272,37814272,36241001,3
"3E7D6DB138A992B55A7917DBDEE67140E25E7B88","DataPC_ACK_England_232_dlc_DX12_patch_01.forge",38010880,38010880,36424147,3
"3E7D6DB138A992B55A7917DBDEE67140E25E7B88","dlc_234\DataPC_234_dlc.forge",504299520,504299520,484984438,3
"3E7D6DB138A992B55A7917DBDEE67140E25E7B88","DataPC_234_dlc_patch_01.forge",10944512,10944512,10257320,3
"3E7D6DB138A992B55A7917DBDEE67140E25E7B88","dlc_234\DataPC_234_dlc_DX12.forge",6619136,6619136,6352232,3
"3E7D6DB138A992B55A7917DBDEE67140E25E7B88","DataPC_234_dlc_DX12_patch_01.forge",131072,131072,110952,3
"3E7D6DB138A992B55A7917DBDEE67140E25E7B88","dlc_234\DataPC_ACK_England_234_dlc.forge",280756224,280756224,252034303,3
"3E7D6DB138A992B55A7917DBDEE67140E25E7B88","DataPC_ACK_England_234_dlc_patch_01.forge",6651904,6651904,5108800,3
"3E7D6DB138A992B55A7917DBDEE67140E25E7B88","dlc_234\DataPC_ACK_England_234_dlc_DX12.forge",39878656,39878656,38236440,3
"3E7D6DB138A992B55A7917DBDEE67140E25E7B88","DataPC_ACK_England_234_dlc_DX12_patch_01.forge",327680,327680,297284,3
"3E7D6DB138A992B55A7917DBDEE67140E25E7B88","dlc_234\sounds_bra_dlc_1111.pck",4688860,4688860,4166715,3
"3E7D6DB138A992B55A7917DBDEE67140E25E7B88","dlc_234\sounds_eng_dlc_1111.pck",4725685,4725685,4223132,3
"3E7D6DB138A992B55A7917DBDEE67140E25E7B88","dlc_234\sounds_fre_dlc_1111.pck",4743608,4743608,4230006,3
"3E7D6DB138A992B55A7917DBDEE67140E25E7B88","dlc_234\sounds_ger_dlc_1111.pck",4677611,4677611,4141626,3
"3E7D6DB138A992B55A7917DBDEE67140E25E7B88","dlc_234\sounds_ita_dlc_1111.pck",4756845,4756845,4227519,3
"3E7D6DB138A992B55A7917DBDEE67140E25E7B88","dlc_234\sounds_jap_dlc_1111.pck",4614125,4614125,4095157,3
"3E7D6DB138A992B55A7917DBDEE67140E25E7B88","dlc_234\sounds_rus_dlc_1111.pck",4253055,4253055,3733551,3
"3E7D6DB138A992B55A7917DBDEE67140E25E7B88","dlc_234\sounds_sfx_dlc_1111.pck",2701633,2701633,2499930,3
"3E7D6DB138A992B55A7917DBDEE67140E25E7B88","dlc_234\sounds_sfx_dlc_2150.pck",707963,707963,625529,3
"3E7D6DB138A992B55A7917DBDEE67140E25E7B88","dlc_234\sounds_sfx_dlc_2160.pck",397395,397395,319898,3
"3E7D6DB138A992B55A7917DBDEE67140E25E7B88","dlc_234\sounds_spa_dlc_1111.pck",4814603,4814603,4289125,3
"3E7D6DB138A992B55A7917DBDEE67140E25E7B88","dlc_242\DataPC_242_dlc.forge",462815232,462815232,445856467,3
"3E7D6DB138A992B55A7917DBDEE67140E25E7B88","DataPC_242_dlc_patch_01.forge",11763712,11763712,11146091,3
"3E7D6DB138A992B55A7917DBDEE67140E25E7B88","dlc_242\DataPC_242_dlc_DX12.forge",4653056,4653056,4454016,3
"3E7D6DB138A992B55A7917DBDEE67140E25E7B88","dlc_242\DataPC_ACK_England_242_dlc.forge",36274176,36274176,34845282,3
"3E7D6DB138A992B55A7917DBDEE67140E25E7B88","DataPC_ACK_England_242_dlc_patch_01.forge",3473408,3473408,3265364,3
"3E7D6DB138A992B55A7917DBDEE67140E25E7B88","dlc_242\DataPC_ACK_England_242_dlc_DX12.forge",37191680,37191680,35642644,3
"3E7D6DB138A992B55A7917DBDEE67140E25E7B88","DataPC_ACK_England_242_dlc_DX12_patch_01.forge",360448,360448,324512,3
"3E7D6DB138A992B55A7917DBDEE67140E25E7B88","dlc_242\sounds_sfx_dlc_2180.pck",219923,219923,144232,3
"3E7D6DB138A992B55A7917DBDEE67140E25E7B88","dlc_242\sounds_sfx_dlc_2190.pck",468116,468116,386555,3
"3E7D6DB138A992B55A7917DBDEE67140E25E7B88","dlc_243\DataPC_243_dlc.forge",503906304,503906304,490330144,3
"3E7D6DB138A992B55A7917DBDEE67140E25E7B88","DataPC_243_dlc_patch_01.forge",14090240,14090240,13568669,3
"3E7D6DB138A992B55A7917DBDEE67140E25E7B88","dlc_243\DataPC_243_dlc_DX12.forge",4456448,4456448,4293395,3
"3E7D6DB138A992B55A7917DBDEE67140E25E7B88","DataPC_243_dlc_DX12_patch_01.forge",65536,65536,60205,3
"3E7D6DB138A992B55A7917DBDEE67140E25E7B88","dlc_243\sounds_sfx_dlc_2200.pck",497643,497643,418686,3
"3E7D6DB138A992B55A7917DBDEE67140E25E7B88","DataPC_148_dlc_DX12_patch_01.forge",294912,294912,257919,3
"3E7D6DB138A992B55A7917DBDEE67140E25E7B88","DataPC_148_dlc_patch_01.forge",107577344,107577344,101885954,3
"3E7D6DB138A992B55A7917DBDEE67140E25E7B88","DataPC_207_dlc_patch_01.forge",96403456,96403456,89627213,3
"3E7D6DB138A992B55A7917DBDEE67140E25E7B88","DataPC_20_dlc_patch_01.forge",199196672,199196672,188828789,3
"3E7D6DB138A992B55A7917DBDEE67140E25E7B88","DataPC_ACK_DLC_Francia_DX12_patch_01.forge",27688960,27688960,26530697,3
"3E7D6DB138A992B55A7917DBDEE67140E25E7B88","DataPC_ACK_DLC_Francia_patch_01.forge",826572800,826572800,787746127,3
"3E7D6DB138A992B55A7917DBDEE67140E25E7B88","DataPC_ACK_DLC_Francia_TerrainHD_patch_01.forge",16023552,16023552,15632714,3
"3E7D6DB138A992B55A7917DBDEE67140E25E7B88","DataPC_ACK_DLC_Ireland_DX12_patch_01.forge",28049408,28049408,26891576,3
"3E7D6DB138A992B55A7917DBDEE67140E25E7B88","DataPC_ACK_DLC_Ireland_gi_patch_01.forge",819200,819200,784393,3
"3E7D6DB138A992B55A7917DBDEE67140E25E7B88","DataPC_ACK_DLC_Ireland_patch_01.forge",689700864,689700864,643074150,3
"3E7D6DB138A992B55A7917DBDEE67140E25E7B88","DataPC_ACK_DLC_Ireland_TerrainHD_patch_01.forge",11272192,11272192,10894041,3
"3E7D6DB138A992B55A7917DBDEE67140E25E7B88","DataPC_ACK_DLC_Svartalfheim_DX12_patch_01.forge",1671168,1671168,1596024,3
"3E7D6DB138A992B55A7917DBDEE67140E25E7B88","DataPC_ACK_DLC_Svartalfheim_gi_patch_01.forge",21397504,21397504,20883482,3
"3E7D6DB138A992B55A7917DBDEE67140E25E7B88","DataPC_ACK_DLC_Svartalfheim_patch_01.forge",524025856,524025856,497840959,3
"3E7D6DB138A992B55A7917DBDEE67140E25E7B88","DataPC_ACK_DLC_Svartalfheim_TerrainHD_patch_01.forge",16023552,16023552,15642662,3
"3E7D6DB138A992B55A7917DBDEE67140E25E7B88","DataPC_ACK_England_148_dlc_DX12_patch_01.forge",524288,524288,481265,3
"3E7D6DB138A992B55A7917DBDEE67140E25E7B88","DataPC_ACK_England_148_dlc_patch_01.forge",98304,98304,54695,3
"3E7D6DB138A992B55A7917DBDEE67140E25E7B88","DataPC_ACK_England_207_dlc_DX12_patch_01.forge",38141952,38141952,36577918,3
"3E7D6DB138A992B55A7917DBDEE67140E25E7B88","DataPC_ACK_England_207_dlc_patch_01.forge",10649600,10649600,10408343,3
"3E7D6DB138A992B55A7917DBDEE67140E25E7B88","DataPC_ACK_England_20_dlc_DX12_patch_01.forge",37781504,37781504,36221460,3
"3E7D6DB138A992B55A7917DBDEE67140E25E7B88","DataPC_ACK_England_20_dlc_patch_01.forge",163840,163840,118020,3
"3E7D6DB138A992B55A7917DBDEE67140E25E7B88","DataPC_ACK_WhiteRoom_148_dlc_DX12_patch_01.forge",557056,557056,522613,3
"3E7D6DB138A992B55A7917DBDEE67140E25E7B88","sounddata\PC\sounds_sfx_preinit.pck",3443908,3443908,3345912,4
"3E7D6DB138A992B55A7917DBDEE67140E25E7B88","sounddata\PC\sounds_sfx_playgo.pck",868587687,868587687,848476434,4
"3E7D6DB138A992B55A7917DBDEE67140E25E7B88","sounddata\PC\sounds_sfx_tu_30000.pck",1368881643,1368881643,1353673160,4
"3E7D6DB138A992B55A7917DBDEE67140E25E7B88","videos\ar\Epilepsy.webm",518846,518846,414289,5
"3E7D6DB138A992B55A7917DBDEE67140E25E7B88","videos\ar\PC_WarningSaving.webm",185485,185485,181406,5
"3E7D6DB138A992B55A7917DBDEE67140E25E7B88","videos\ar\warning_disclaimer.webm",148602,148602,86231,5
"3E7D6DB138A992B55A7917DBDEE67140E25E7B88","videos\br\Epilepsy.webm",568930,568930,546475,5
"3E7D6DB138A992B55A7917DBDEE67140E25E7B88","videos\br\PC_WarningSaving.webm",217126,217126,185141,5
"3E7D6DB138A992B55A7917DBDEE67140E25E7B88","videos\br\warning_disclaimer.webm",165228,165228,115521,5
"3E7D6DB138A992B55A7917DBDEE67140E25E7B88","videos\cn\Epilepsy.webm",690559,690559,666940,5
"3E7D6DB138A992B55A7917DBDEE67140E25E7B88","videos\cn\PC_WarningSaving.webm",197033,197033,179089,5
"3E7D6DB138A992B55A7917DBDEE67140E25E7B88","videos\cn\warning_disclaimer.webm",154506,154506,79107,5
"3E7D6DB138A992B55A7917DBDEE67140E25E7B88","videos\cz\Epilepsy.webm",495669,495669,473229,5
"3E7D6DB138A992B55A7917DBDEE67140E25E7B88","videos\cz\PC_WarningSaving.webm",200473,200473,184739,5
"3E7D6DB138A992B55A7917DBDEE67140E25E7B88","videos\cz\warning_disclaimer.webm",162309,162309,103264,5
"3E7D6DB138A992B55A7917DBDEE67140E25E7B88","videos\de\Epilepsy.webm",649333,649333,626842,5
"3E7D6DB138A992B55A7917DBDEE67140E25E7B88","videos\de\PC_WarningSaving.webm",204531,204531,186779,5
"3E7D6DB138A992B55A7917DBDEE67140E25E7B88","videos\de\warning_disclaimer.webm",170413,170413,123471,5
"3E7D6DB138A992B55A7917DBDEE67140E25E7B88","videos\du\Epilepsy.webm",597861,597861,574251,5
"3E7D6DB138A992B55A7917DBDEE67140E25E7B88","videos\du\PC_WarningSaving.webm",203865,203865,186284,5
"3E7D6DB138A992B55A7917DBDEE67140E25E7B88","videos\du\warning_disclaimer.webm",175277,175277,140557,5
"3E7D6DB138A992B55A7917DBDEE67140E25E7B88","videos\en\Epilepsy.webm",540103,540103,517672,5
"3E7D6DB138A992B55A7917DBDEE67140E25E7B88","videos\en\PC_WarningSaving.webm",200755,200755,182187,5
"3E7D6DB138A992B55A7917DBDEE67140E25E7B88","videos\en\warning_disclaimer.webm",165730,165730,107479,5
"3E7D6DB138A992B55A7917DBDEE67140E25E7B88","videos\fr\Epilepsy.webm",1108389,1108389,1086451,5
"3E7D6DB138A992B55A7917DBDEE67140E25E7B88","videos\fr\PC_WarningSaving.webm",207818,207818,190224,5
"3E7D6DB138A992B55A7917DBDEE67140E25E7B88","videos\fr\warning_disclaimer.webm",165162,165162,115798,5
"3E7D6DB138A992B55A7917DBDEE67140E25E7B88","videos\hu\Epilepsy.webm",109900,109900,106513,5
"3E7D6DB138A992B55A7917DBDEE67140E25E7B88","videos\hu\PC_WarningSaving.webm",200755,200755,182187,5
"3E7D6DB138A992B55A7917DBDEE67140E25E7B88","videos\hu\warning_disclaimer.webm",165730,165730,107479,5
"3E7D6DB138A992B55A7917DBDEE67140E25E7B88","videos\it\Epilepsy.webm",864329,864329,841004,5
"3E7D6DB138A992B55A7917DBDEE67140E25E7B88","videos\it\PC_WarningSaving.webm",203456,203456,186273,5
"3E7D6DB138A992B55A7917DBDEE67140E25E7B88","videos\it\warning_disclaimer.webm",164306,164306,115369,5
"3E7D6DB138A992B55A7917DBDEE67140E25E7B88","videos\jp\Epilepsy.webm",751708,751708,727378,5
"3E7D6DB138A992B55A7917DBDEE67140E25E7B88","videos\jp\PC_WarningSaving.webm",203326,203326,185861,5
"3E7D6DB138A992B55A7917DBDEE67140E25E7B88","videos\jp\warning_disclaimer.webm",163070,163070,103323,5
"3E7D6DB138A992B55A7917DBDEE67140E25E7B88","videos\ko\Epilepsy.webm",558384,558384,534915,5
"3E7D6DB138A992B55A7917DBDEE67140E25E7B88","videos\ko\PC_WarningSaving.webm",198991,198991,181632,5
"3E7D6DB138A992B55A7917DBDEE67140E25E7B88","videos\ko\warning_disclaimer.webm",151852,151852,77481,5
"3E7D6DB138A992B55A7917DBDEE67140E25E7B88","videos\mx\Epilepsy.webm",135545,135545,132190,5
"3E7D6DB138A992B55A7917DBDEE67140E25E7B88","videos\mx\PC_WarningSaving.webm",200198,200198,181992,5
"3E7D6DB138A992B55A7917DBDEE67140E25E7B88","videos\mx\warning_disclaimer.webm",189594,189594,142384,5
"3E7D6DB138A992B55A7917DBDEE67140E25E7B88","videos\pl\Epilepsy.webm",548528,548528,526067,5
"3E7D6DB138A992B55A7917DBDEE67140E25E7B88","videos\pl\PC_WarningSaving.webm",205278,205278,187000,5
"3E7D6DB138A992B55A7917DBDEE67140E25E7B88","videos\pl\warning_disclaimer.webm",185204,185204,141960,5
"3E7D6DB138A992B55A7917DBDEE67140E25E7B88","videos\ru\Epilepsy.webm",1014902,1014902,992778,5
"3E7D6DB138A992B55A7917DBDEE67140E25E7B88","videos\ru\PC_WarningSaving.webm",196060,196060,177122,5
"3E7D6DB138A992B55A7917DBDEE67140E25E7B88","videos\ru\warning_disclaimer.webm",177864,177864,144366,5
"3E7D6DB138A992B55A7917DBDEE67140E25E7B88","videos\sp\Epilepsy.webm",641530,641530,617972,5
"3E7D6DB138A992B55A7917DBDEE67140E25E7B88","videos\sp\PC_WarningSaving.webm",200198,200198,181992,5
"3E7D6DB138A992B55A7917DBDEE67140E25E7B88","videos\sp\warning_disclaimer.webm",189594,189594,142384,5
"3E7D6DB138A992B55A7917DBDEE67140E25E7B88","videos\tw\Epilepsy.webm",179284,179284,176237,5
"3E7D6DB138A992B55A7917DBDEE67140E25E7B88","videos\tw\PC_WarningSaving.webm",199395,199395,181330,5
"3E7D6DB138A992B55A7917DBDEE67140E25E7B88","videos\tw\warning_disclaimer.webm",111985,111985,47027,5
"3E7D6DB138A992B55A7917DBDEE67140E25E7B88","videos\1stCiv\ACK_HackZone_1stCivVideo_01.webm",1505241,1505241,1506301,5
"3E7D6DB138A992B55A7917DBDEE67140E25E7B88","videos\1stCiv\ACK_HackZone_1stCivVideo_02.webm",1681092,1681092,1682368,5
"3E7D6DB138A992B55A7917DBDEE67140E25E7B88","videos\1stCiv\ACK_HackZone_1stCivVideo_03.webm",1212406,1212406,1213269,5
"3E7D6DB138A992B55A7917DBDEE67140E25E7B88","videos\1stCiv\ACK_HackZone_1stCivVideo_04.webm",1495531,1495531,1496560,5
"3E7D6DB138A992B55A7917DBDEE67140E25E7B88","videos\1stCiv\ACK_HackZone_1stCivVideo_05.webm",1607683,1607683,1608899,5
"3E7D6DB138A992B55A7917DBDEE67140E25E7B88","videos\1stCiv\ACK_HackZone_1stCivVideo_06.webm",1743561,1743561,1744886,5
"3E7D6DB138A992B55A7917DBDEE67140E25E7B88","videos\1stCiv\ACK_HackZone_1stCivVideo_07.webm",1199535,1199535,1200244,5
"3E7D6DB138A992B55A7917DBDEE67140E25E7B88","videos\1stCiv\ACK_HackZone_1stCivVideo_08.webm",1420673,1420673,1421678,5
"3E7D6DB138A992B55A7917DBDEE67140E25E7B88","videos\1stCiv\ACK_HackZone_1stCivVideo_09.webm",1398929,1398929,1400027,5
"3E7D6DB138A992B55A7917DBDEE67140E25E7B88","videos\1stCiv\ACK_HackZone_1stCivVideo_Complete.webm",71910756,71910756,71934751,5
"3E7D6DB138A992B55A7917DBDEE67140E25E7B88","videos\abilities\ABLT_0001.webm",3676027,3676027,3680027,5
"3E7D6DB138A992B55A7917DBDEE67140E25E7B88","videos\abilities\ABLT_0002.webm",2808062,2808062,2811111,5
"3E7D6DB138A992B55A7917DBDEE67140E25E7B88","videos\abilities\ABLT_0003.webm",3028645,3028645,3031957,5
"3E7D6DB138A992B55A7917DBDEE67140E25E7B88","videos\abilities\ABLT_0004.webm",4821890,4821890,4827387,5
"3E7D6DB138A992B55A7917DBDEE67140E25E7B88","videos\abilities\ABLT_0005.webm",1992266,1992266,1993949,5
"3E7D6DB138A992B55A7917DBDEE67140E25E7B88","videos\abilities\ABLT_0005_B.webm",2634201,2634201,2637023,5
"3E7D6DB138A992B55A7917DBDEE67140E25E7B88","videos\abilities\ABLT_0007.webm",2725270,2725270,2728199,5
"3E7D6DB138A992B55A7917DBDEE67140E25E7B88","videos\abilities\ABLT_0008.webm",2276201,2276201,2278198,5
"3E7D6DB138A992B55A7917DBDEE67140E25E7B88","videos\abilities\ABLT_0009.webm",7265092,7265092,7272776,5
"3E7D6DB138A992B55A7917DBDEE67140E25E7B88","videos\abilities\ABLT_0010.webm",3797694,3797694,3801854,5
"3E7D6DB138A992B55A7917DBDEE67140E25E7B88","videos\abilities\ABLT_0011.webm",2994150,2994150,2997292,5
"3E7D6DB138A992B55A7917DBDEE67140E25E7B88","videos\abilities\ABLT_0013.webm",7288676,7288676,7297110,5
"3E7D6DB138A992B55A7917DBDEE67140E25E7B88","videos\abilities\ABLT_0014.webm",5198605,5198605,5204034,5
"3E7D6DB138A992B55A7917DBDEE67140E25E7B88","videos\abilities\ABLT_0015.webm",2503575,2503575,2506148,5
"3E7D6DB138A992B55A7917DBDEE67140E25E7B88","videos\abilities\ABLT_0015_B.webm",3817299,3817299,3821608,5
"3E7D6DB138A992B55A7917DBDEE67140E25E7B88","videos\abilities\ABLT_0016.webm",17959565,17959565,17981111,5
"3E7D6DB138A992B55A7917DBDEE67140E25E7B88","videos\abilities\ABLT_0017.webm",6019865,6019865,6026862,5
"3E7D6DB138A992B55A7917DBDEE67140E25E7B88","videos\abilities\ABLT_0019.webm",2880013,2880013,2883132,5
"3E7D6DB138A992B55A7917DBDEE67140E25E7B88","videos\abilities\ABLT_0020.webm",3017589,3017589,3020905,5
"3E7D6DB138A992B55A7917DBDEE67140E25E7B88","videos\abilities\ABLT_0022.webm",4858609,4858609,4863813,5
"3E7D6DB138A992B55A7917DBDEE67140E25E7B88","videos\abilities\ABLT_0023.webm",6037744,6037744,6044692,5
"3E7D6DB138A992B55A7917DBDEE67140E25E7B88","videos\abilities\ABLT_0024.webm",1612857,1612857,1614450,5
"3E7D6DB138A992B55A7917DBDEE67140E25E7B88","videos\abilities\ABLT_0001_LV2.webm",2919116,2919116,2921842,5
"3E7D6DB138A992B55A7917DBDEE67140E25E7B88","videos\abilities\ABLT_0002_LV2.webm",2668054,2668054,2670903,5
"3E7D6DB138A992B55A7917DBDEE67140E25E7B88","videos\abilities\ABLT_0003_LV2.webm",5191194,5191194,5197175,5
"3E7D6DB138A992B55A7917DBDEE67140E25E7B88","videos\abilities\ABLT_0004_LV2.webm",4556043,4556043,4561202,5
"3E7D6DB138A992B55A7917DBDEE67140E25E7B88","videos\abilities\ABLT_0005_LV2.webm",4631668,4631668,4636730,5
"3E7D6DB138A992B55A7917DBDEE67140E25E7B88","videos\abilities\ABLT_0005_B_LV2.webm",2744097,2744097,2747082,5
"3E7D6DB138A992B55A7917DBDEE67140E25E7B88","videos\abilities\ABLT_0007_LV2.webm",3157721,3157721,3161279,5
"3E7D6DB138A992B55A7917DBDEE67140E25E7B88","videos\abilities\ABLT_0008_LV2.webm",2861168,2861168,2864269,5
"3E7D6DB138A992B55A7917DBDEE67140E25E7B88","videos\abilities\ABLT_0009_LV2.webm",10397182,10397182,10409427,5
"3E7D6DB138A992B55A7917DBDEE67140E25E7B88","videos\abilities\ABLT_0010_LV2.webm",4893251,4893251,4898454,5
"3E7D6DB138A992B55A7917DBDEE67140E25E7B88","videos\abilities\ABLT_0011_LV2.webm",2654010,2654010,2656837,5
"3E7D6DB138A992B55A7917DBDEE67140E25E7B88","videos\abilities\ABLT_0013_LV2.webm",10685600,10685600,10697754,5
"3E7D6DB138A992B55A7917DBDEE67140E25E7B88","videos\abilities\ABLT_0014_LV2.webm",2112754,2112754,2114631,5
"3E7D6DB138A992B55A7917DBDEE67140E25E7B88","videos\abilities\ABLT_0015_LV2.webm",5611572,5611572,5618048,5
"3E7D6DB138A992B55A7917DBDEE67140E25E7B88","videos\abilities\ABLT_0015_B_LV2.webm",8218277,8218277,8227583,5
"3E7D6DB138A992B55A7917DBDEE67140E25E7B88","videos\abilities\ABLT_0016_LV2.webm",7840475,7840475,7849564,5
"3E7D6DB138A992B55A7917DBDEE67140E25E7B88","videos\abilities\ABLT_0017_LV2.webm",8534826,8534826,8544887,5
"3E7D6DB138A992B55A7917DBDEE67140E25E7B88","videos\abilities\ABLT_0019_LV2.webm",8113961,8113961,8123065,5
"3E7D6DB138A992B55A7917DBDEE67140E25E7B88","videos\abilities\ABLT_0020_LV2.webm",3956195,3956195,3960598,5
"3E7D6DB138A992B55A7917DBDEE67140E25E7B88","videos\abilities\ABLT_0022_LV2.webm",4145252,4145252,4149912,5
"3E7D6DB138A992B55A7917DBDEE67140E25E7B88","videos\abilities\ABLT_0023_LV2.webm",6567648,6567648,6575290,5
"3E7D6DB138A992B55A7917DBDEE67140E25E7B88","videos\abilities\ABLT_0024_LV2.webm",1833923,1833923,1835784,5
"3E7D6DB138A992B55A7917DBDEE67140E25E7B88","videos\assassinations\Back_Slash.webm",1159573,1159573,1160702,5
"3E7D6DB138A992B55A7917DBDEE67140E25E7B88","videos\assassinations\Chest_001.webm",1288740,1288740,1289987,5
"3E7D6DB138A992B55A7917DBDEE67140E25E7B88","videos\assassinations\Gut_001.webm",1195542,1195542,1196715,5
"3E7D6DB138A992B55A7917DBDEE67140E25E7B88","videos\assassinations\Head_001.webm",1077534,1077534,1078550,5
"3E7D6DB138A992B55A7917DBDEE67140E25E7B88","videos\assassinations\Neck_001.webm",1300086,1300086,1301390,5
"3E7D6DB138A992B55A7917DBDEE67140E25E7B88","videos\assassinations\Neck_Slash.webm",1130931,1130931,1131160,5
"3E7D6DB138A992B55A7917DBDEE67140E25E7B88","videos\BlackScreen.webm",35769,35769,4368,5
"3E7D6DB138A992B55A7917DBDEE67140E25E7B88","videos\ANVIL_Logo.webm",1958525,1958525,1958283,5
"3E7D6DB138A992B55A7917DBDEE67140E25E7B88","videos\UbisoftLogo.webm",2292862,2292862,2294966,5
"3E7D6DB138A992B55A7917DBDEE67140E25E7B88","videos\NW1_MQ000_S005_CIN_IntroPrologue.webm",30914194,30914194,30867615,5
"3E7D6DB138A992B55A7917DBDEE67140E25E7B88","videos\NW1_MQ000_S005_CIN_TheBattle.webm",97686867,97686867,97644297,5
"3E7D6DB138A992B55A7917DBDEE67140E25E7B88","videos\PR1_MQ020_S090_CIN_LokiRevived.webm",1314888,1314888,1316189,5
"3E7D6DB138A992B55A7917DBDEE67140E25E7B88","videos\RL1_MQ050_CIN_CheatingDeath_Part010_Female.webm",2870230,2870230,2871636,5
"3E7D6DB138A992B55A7917DBDEE67140E25E7B88","videos\RL1_MQ050_CIN_CheatingDeath_Part010_Male.webm",2870230,2870230,2871636,5
"3E7D6DB138A992B55A7917DBDEE67140E25E7B88","videos\RL1_MQ050_CIN_CheatingDeath_Part020_Female.webm",26834868,26834868,26864900,5
"3E7D6DB138A992B55A7917DBDEE67140E25E7B88","videos\RL1_MQ050_CIN_CheatingDeath_Part020_Male.webm",26824377,26824377,26853511,5
"3E7D6DB138A992B55A7917DBDEE67140E25E7B88","videos\RL3_MQ040_S040_CIN_SacrificeEye.webm",10095163,10095163,10107238,5
"3E7D6DB138A992B55A7917DBDEE67140E25E7B88","videos\WM3_MQ060_S060_CIN_Parley_Aelfred.webm",2641882,2641882,2641419,5
"3E7D6DB138A992B55A7917DBDEE67140E25E7B88","videos\skills\MNSKL_0001.webm",3256044,3256044,3259177,5
"3E7D6DB138A992B55A7917DBDEE67140E25E7B88","videos\skills\MNSKL_0002.webm",2689510,2689510,2692431,5
"3E7D6DB138A992B55A7917DBDEE67140E25E7B88","videos\skills\MNSKL_0003.webm",4072530,4072530,4077140,5
"3E7D6DB138A992B55A7917DBDEE67140E25E7B88","videos\skills\MNSKL_0004.webm",2747679,2747679,2750763,5
"3E7D6DB138A992B55A7917DBDEE67140E25E7B88","videos\skills\MNSKL_0006.webm",3440526,3440526,3444383,5
"3E7D6DB138A992B55A7917DBDEE67140E25E7B88","videos\skills\MNSKL_0007.webm",3208866,3208866,3212407,5
"3E7D6DB138A992B55A7917DBDEE67140E25E7B88","videos\skills\MNSKL_0009.webm",2732232,2732232,2735215,5
"3E7D6DB138A992B55A7917DBDEE67140E25E7B88","videos\skills\MNSKL_0010.webm",4486077,4486077,4491111,5
"3E7D6DB138A992B55A7917DBDEE67140E25E7B88","videos\skills\MNSKL_0011.webm",5513848,5513848,5520189,5
"3E7D6DB138A992B55A7917DBDEE67140E25E7B88","videos\skills\MNSKL_0012.webm",5662133,5662133,5668189,5
"3E7D6DB138A992B55A7917DBDEE67140E25E7B88","videos\skills\MNSKL_0013.webm",1995977,1995977,1998022,5
"3E7D6DB138A992B55A7917DBDEE67140E25E7B88","videos\skills\MNSKL_0014.webm",3559188,3559188,3562836,5
"3E7D6DB138A992B55A7917DBDEE67140E25E7B88","videos\skills\MNSKL_0016.webm",2953132,2953132,2956244,5
"3E7D6DB138A992B55A7917DBDEE67140E25E7B88","videos\skills\MNSKL_0018.webm",2773374,2773374,2776349,5
"3E7D6DB138A992B55A7917DBDEE67140E25E7B88","videos\skills\MNSKL_0019.webm",2404732,2404732,2407208,5
"3E7D6DB138A992B55A7917DBDEE67140E25E7B88","videos\skills\MNSKL_0020.webm",4107119,4107119,4111789,5
"3E7D6DB138A992B55A7917DBDEE67140E25E7B88","videos\skills\MNSKL_0022.webm",1882306,1882306,1884101,5
"3E7D6DB138A992B55A7917DBDEE67140E25E7B88","videos\skills\MNSKL_0023.webm",2106866,2106866,2109036,5
"3E7D6DB138A992B55A7917DBDEE67140E25E7B88","videos\skills\MNSKL_0024.webm",2943686,2943686,2946214,5
"3E7D6DB138A992B55A7917DBDEE67140E25E7B88","videos\skills\MNSKL_0025.webm",5908129,5908129,5914984,5
"3E7D6DB138A992B55A7917DBDEE67140E25E7B88","videos\skills\MNSKL_0026.webm",2716998,2716998,2719818,5
"3E7D6DB138A992B55A7917DBDEE67140E25E7B88","videos\skills\MNSKL_0027.webm",1811600,1811600,1813248,5
"3E7D6DB138A992B55A7917DBDEE67140E25E7B88","videos\skills\MNSKL_0028.webm",3066811,3066811,3070172,5
"3E7D6DB138A992B55A7917DBDEE67140E25E7B88","videos\skills\MNSKL_0030.webm",2199576,2199576,2201899,5
"3E7D6DB138A992B55A7917DBDEE67140E25E7B88","videos\skills\MNSKL_0032.webm",3947379,3947379,3951773,5
"3E7D6DB138A992B55A7917DBDEE67140E25E7B88","videos\skills\MNSKL_0035.webm",6431454,6431454,6438925,5
"3E7D6DB138A992B55A7917DBDEE67140E25E7B88","videos\skills\MNSKL_0037.webm",2606897,2606897,2609399,5
"3E7D6DB138A992B55A7917DBDEE67140E25E7B88","videos\skills\MNSKL_0039.webm",1671036,1671036,1672581,5
"3E7D6DB138A992B55A7917DBDEE67140E25E7B88","videos\skills\MNSKL_0041.webm",4501764,4501764,4506830,5
"3E7D6DB138A992B55A7917DBDEE67140E25E7B88","videos\skills\MNSKL_0042.webm",2057877,2057877,2060051,5
"3E7D6DB138A992B55A7917DBDEE67140E25E7B88","videos\skills\MNSKL_0043.webm",1497331,1497331,1498779,5
"3E7D6DB138A992B55A7917DBDEE67140E25E7B88","videos\skills\MNSKL_0044.webm",3219140,3219140,3222770,5
"3E7D6DB138A992B55A7917DBDEE67140E25E7B88","videos\skills\MNSKL_0047.webm",8244963,8244963,8253813,5
"3E7D6DB138A992B55A7917DBDEE67140E25E7B88","videos\skills\MNSKL_0049.webm",1617032,1617032,1618631,5
"3E7D6DB138A992B55A7917DBDEE67140E25E7B88","videos\skills\MNSKL_0050.webm",4196708,4196708,4201342,5
"3E7D6DB138A992B55A7917DBDEE67140E25E7B88","videos\skills\MNSKL_0051.webm",4411532,4411532,4416561,5
"3E7D6DB138A992B55A7917DBDEE67140E25E7B88","videos\skills\MNSKL_0052.webm",2724045,2724045,2726946,5
"3E7D6DB138A992B55A7917DBDEE67140E25E7B88","videos\skills\MNSKL_0053.webm",3710512,3710512,3714730,5
"3E7D6DB138A992B55A7917DBDEE67140E25E7B88","videos\skills\EE_S1U1_MNSKL_0002.webm",2302522,2302522,2304735,5
"3E7D6DB138A992B55A7917DBDEE67140E25E7B88","videos\skills\EE_S1U1_MNSKL_0003.webm",3234512,3234512,3237879,5
"3E7D6DB138A992B55A7917DBDEE67140E25E7B88","videos\skills\EE_S1U1_MNSKL_0005.webm",4617262,4617262,4622352,5
"3E7D6DB138A992B55A7917DBDEE67140E25E7B88","videos\skills\EE_S1U2_MNSKL_0001.webm",2774489,2774489,2777488,5
"3E7D6DB138A992B55A7917DBDEE67140E25E7B88","videos\skills\EE_S1U2_MNSKL_0007.webm",7494416,7494416,7503078,5
"3E7D6DB138A992B55A7917DBDEE67140E25E7B88","videos\skills\EE_S1U2_MNSKL_0008.webm",6635867,6635867,6642785,5
"3E7D6DB138A992B55A7917DBDEE67140E25E7B88","videos\abilities\EE_S1U2_ABLT_0001.webm",9359277,9359277,9370271,5
"3E7D6DB138A992B55A7917DBDEE67140E25E7B88","videos\abilities\EE_S1U2_ABLT_0002.webm",2115304,2115304,2117073,5
"3E7D6DB138A992B55A7917DBDEE67140E25E7B88","videos\abilities\EE_S1U2_ABLT_0003.webm",1604264,1604264,1605682,5
"3E7D6DB138A992B55A7917DBDEE67140E25E7B88","videos\skills\EE_S2U1_MNSKL_0002.webm",2322864,2322864,2325297,5
"3E7D6DB138A992B55A7917DBDEE67140E25E7B88","videos\skills\EE_S2U1_MNSKL_0003.webm",1792853,1792853,1794637,5
"3E7D6DB138A992B55A7917DBDEE67140E25E7B88","videos\skills\EE_S2U1_MNSKL_0004.webm",4692006,4692006,4696883,5
"3E7D6DB138A992B55A7917DBDEE67140E25E7B88","videos\skills\EXP1_MNSKL_0001.webm",6498958,6498958,6506479,5
"3E7D6DB138A992B55A7917DBDEE67140E25E7B88","videos\skills\EXP1_MNSKL_0002.webm",2158945,2158945,2161166,5
"3E7D6DB138A992B55A7917DBDEE67140E25E7B88","videos\skills\EXP1_MNSKL_0003.webm",5499569,5499569,5505780,5
"3E7D6DB138A992B55A7917DBDEE67140E25E7B88","videos\abilities\EXP1_ABLT_0001.webm",2870903,2870903,2873851,5
"3E7D6DB138A992B55A7917DBDEE67140E25E7B88","videos\abilities\EXP1_ABLT_0002.webm",4367472,4367472,4370229,5
"3E7D6DB138A992B55A7917DBDEE67140E25E7B88","videos\abilities\EXP1_ABLT_0002_LV2.webm",7317519,7317519,7325798,5
"3E7D6DB138A992B55A7917DBDEE67140E25E7B88","videos\abilities\EXP1_ABLT_0003.webm",2786417,2786417,2789410,5
"3E7D6DB138A992B55A7917DBDEE67140E25E7B88","videos\abilities\EXP1_ABLT_0001_LV2.webm",2544259,2544259,2546946,5
"3E7D6DB138A992B55A7917DBDEE67140E25E7B88","videos\abilities\EXP1_ABLT_0003_LV2.webm",2427032,2427032,2429460,5
"3E7D6DB138A992B55A7917DBDEE67140E25E7B88","videos\skills\EE_S2U1_MNSKL_0001.webm",1898715,1898715,1900621,5
"3E7D6DB138A992B55A7917DBDEE67140E25E7B88","videos\skills\EE_S2U1_MNSKL_0005.webm",2943841,2943841,2946703,5
"3E7D6DB138A992B55A7917DBDEE67140E25E7B88","videos\skills\EE_S2U1_MNSKL_0006.webm",1329181,1329181,1330335,5
"3E7D6DB138A992B55A7917DBDEE67140E25E7B88","videos\tutorials\EXP2_TUTO_0001.webm",2770740,2770740,2773444,5
"3E7D6DB138A992B55A7917DBDEE67140E25E7B88","videos\tutorials\EXP2_TUTO_0002.webm",2529865,2529865,2532342,5
"3E7D6DB138A992B55A7917DBDEE67140E25E7B88","videos\tutorials\EXP2_TUTO_0003.webm",3527150,3527150,3530741,5
"3E7D6DB138A992B55A7917DBDEE67140E25E7B88","videos\tutorials\EXP2_TUTO_0004.webm",2728538,2728538,2731245,5
"3E7D6DB138A992B55A7917DBDEE67140E25E7B88","videos\tutorials\EXP2_TUTO_0005.webm",10402449,10402449,10414510,5
"3E7D6DB138A992B55A7917DBDEE67140E25E7B88","videos\skills\EXP2_MNSKL_0003.webm",4945448,4945448,4951096,5
"3E7D6DB138A992B55A7917DBDEE67140E25E7B88","videos\skills\EXP2_MNSKL_0002.webm",2769685,2769685,2772685,5
"3E7D6DB138A992B55A7917DBDEE67140E25E7B88","videos\skills\EXP2_MNSKL_0001.webm",5496694,5496694,5503059,5
"3E7D6DB138A992B55A7917DBDEE67140E25E7B88","videos\abilities\EXP2_ABLT_0001.webm",2604781,2604781,2607560,5
"3E7D6DB138A992B55A7917DBDEE67140E25E7B88","videos\abilities\EXP2_ABLT_0001_LV2.webm",3057545,3057545,3060750,5
"3E7D6DB138A992B55A7917DBDEE67140E25E7B88","videos\abilities\EXP2_ABLT_0002.webm",4549206,4549206,4554048,5
"3E7D6DB138A992B55A7917DBDEE67140E25E7B88","videos\abilities\EXP2_ABLT_0002_LV2.webm",4125195,4125195,4129818,5
"3E7D6DB138A992B55A7917DBDEE67140E25E7B88","videos\abilities\EXP2_ABLT_0003.webm",7460387,7460387,7468990,5
"3E7D6DB138A992B55A7917DBDEE67140E25E7B88","videos\abilities\EXP2_ABLT_0003_LV2.webm",8081420,8081420,8090952,5
"3E7D6DB138A992B55A7917DBDEE67140E25E7B88","videos\skills\EE_S3U1_MNSKL_0002.webm",4849388,4849388,4855041,5
"3E7D6DB138A992B55A7917DBDEE67140E25E7B88","videos\skills\EE_S3U1_MNSKL_0003.webm",4571823,4571823,4577145,5
"3E7D6DB138A992B55A7917DBDEE67140E25E7B88","videos\skills\EE_S3U1_MNSKL_0004.webm",3218022,3218022,3221684,5
"3E7D6DB138A992B55A7917DBDEE67140E25E7B88","videos\abilities\EE_S3U2_ABLT_0001.webm",4181418,4181418,4186254,5
"3E7D6DB138A992B55A7917DBDEE67140E25E7B88","videos\abilities\EE_S3U2_ABLT_0002.webm",2190129,2190129,2192538,5
"3E7D6DB138A992B55A7917DBDEE67140E25E7B88","videos\abilities\EE_S3U2_ABLT_0003.webm",4868582,4868582,4874116,5
"3E7D6DB138A992B55A7917DBDEE67140E25E7B88","videos\skills\EE_S4U1_MNSKL_0001.webm",2605641,2605641,2608421,5
"3E7D6DB138A992B55A7917DBDEE67140E25E7B88","videos\skills\EE_S4U1_MNSKL_0002.webm",3182068,3182068,3185697,5
"3E7D6DB138A992B55A7917DBDEE67140E25E7B88","videos\skills\EE_S4U1_MNSKL_0003.webm",3576111,3576111,3580210,5
"3E7D6DB138A992B55A7917DBDEE67140E25E7B88","videos\abilities\EE_NFH_ABLT_0001.webm",2407337,2407337,2409875,5
"3E7D6DB138A992B55A7917DBDEE67140E25E7B88","videos\abilities\EE_NFH_ABLT_0001_LVL2.webm",2291888,2291888,2293382,5
"3E7D6DB138A992B55A7917DBDEE67140E25E7B88","videos\abilities\EE_NFH_ABLT_0002.webm",1915788,1915788,1917566,5
"3E7D6DB138A992B55A7917DBDEE67140E25E7B88","videos\abilities\EE_NFH_ABLT_0003.webm",1571541,1571541,1570720,5
"3E7D6DB138A992B55A7917DBDEE67140E25E7B88","videos\abilities\EE_NFH_ABLT_0003_LVL2.webm",2086584,2086584,2087592,5
"3E7D6DB138A992B55A7917DBDEE67140E25E7B88","videos\abilities\EE_NFH_ABLT_0004.webm",2779814,2779814,2782425,5
"3E7D6DB138A992B55A7917DBDEE67140E25E7B88","videos\abilities\EE_NFH_ABLT_0005.webm",2202781,2202781,2205076,5
"3E7D6DB138A992B55A7917DBDEE67140E25E7B88","videos\abilities\EE_NFH_ABLT_0006.webm",2171684,2171684,2171778,5
"3E7D6DB138A992B55A7917DBDEE67140E25E7B88","videos\abilities\EE_NFH_ABLT_0007_LVL2.webm",2894328,2894328,2896315,5
"3E7D6DB138A992B55A7917DBDEE67140E25E7B88","videos\abilities\EE_NFH_ABLT_0008.webm",1822783,1822783,1824073,5
"3E7D6DB138A992B55A7917DBDEE67140E25E7B88","videos\abilities\EE_NFH_ABLT_0008_LVL2.webm",2187195,2187195,2188297,5
"3E7D6DB138A992B55A7917DBDEE67140E25E7B88","videos\abilities\EE_NFH_ABLT_0009.webm",2802697,2802697,2805707,5
"3E7D6DB138A992B55A7917DBDEE67140E25E7B88","videos\abilities\EE_NFH_ABLT_0010.webm",2350034,2350034,2351827,5
"3E7D6DB138A992B55A7917DBDEE67140E25E7B88","videos\ACV_DT_BlackBG_DLC112.webm",287260,287260,284351,5
"3E7D6DB138A992B55A7917DBDEE67140E25E7B88","videos\ACV_DT_Intro_DLC112.webm",72589689,72589689,72652644,5
"3E7D6DB138A992B55A7917DBDEE67140E25E7B88","videos\ACV_DT_Outro_DLC112.webm",19333164,19333164,19349728,5
"3E7D6DB138A992B55A7917DBDEE67140E25E7B88","videos\PC_AMD_Ryzen.webm",2301036,2301036,2302563,5
"3E7D6DB138A992B55A7917DBDEE67140E25E7B88","videos\EXP3_NarrativeContextBGVideo.webm",25948169,25948169,25879529,5
"3E7D6DB138A992B55A7917DBDEE67140E25E7B88","videos\EYS_MQ020_S090_CIN_HaviHugrExtraction_Part010.webm",133131,133131,132039,5
"3E7D6DB138A992B55A7917DBDEE67140E25E7B88","videos\EYS_MQ020_S090_CIN_HaviHugrExtraction_Part020.webm",217425,217425,216769,5
"3E7D6DB138A992B55A7917DBDEE67140E25E7B88","videos\GLD_MQ030_S100_CIN_GlodTransformation.webm",3094129,3094129,3097634,5
"3E7D6DB138A992B55A7917DBDEE67140E25E7B88","videos\INT_MQ020_S120_CIN_KillingSurtr.webm",8091007,8091007,7853061,5
"3E7D6DB138A992B55A7917DBDEE67140E25E7B88","videos\SIN_MQ040_S039_CIN_KillSurtrThroneRoom.webm",2140282,2140282,2094138,5
"3E7D6DB138A992B55A7917DBDEE67140E25E7B88","videos\SIN_MQ040_S048_CIN_KillSurtrTheTower.webm",1545889,1545889,1461246,5
"3E7D6DB138A992B55A7917DBDEE67140E25E7B88","videos\INT_MQ005_CIN_Intro_DLC176.webm",8694051,8694051,8698542,5
"3E7D6DB138A992B55A7917DBDEE67140E25E7B88","videos\skills\EXP3_MNSKL_0001.webm",2739140,2739140,2740325,5
"3E7D6DB138A992B55A7917DBDEE67140E25E7B88","videos\skills\EXP3_MNSKL_0002.webm",1670659,1670659,1671819,5
"3E7D6DB138A992B55A7917DBDEE67140E25E7B88","videos\skills\EXP3_MNSKL_0003.webm",1806579,1806579,1807898,5
"3E7D6DB138A992B55A7917DBDEE67140E25E7B88","videos\skills\EXP3_MNSKL_0004.webm",3751530,3751530,3749782,5
"3E7D6DB138A992B55A7917DBDEE67140E25E7B88","videos\skills\EXP3_MNSKL_0005.webm",3282744,3282744,3284527,5
"3E7D6DB138A992B55A7917DBDEE67140E25E7B88","videos\skills\EXP3_MNSKL_0006.webm",1902462,1902462,1904193,5
"3E7D6DB138A992B55A7917DBDEE67140E25E7B88","videos\abilities\EXP3_ABLT_0001.webm",3036580,3036580,3039278,5
"3E7D6DB138A992B55A7917DBDEE67140E25E7B88","videos\abilities\EXP3_ABLT_0001_LV2.webm",2057987,2057987,2060114,5
"3E7D6DB138A992B55A7917DBDEE67140E25E7B88","videos\abilities\EXP3_ABLT_0001_M.webm",2359934,2359934,2362429,5
"3E7D6DB138A992B55A7917DBDEE67140E25E7B88","videos\abilities\EXP3_ABLT_0001_M_LV2.webm",2665462,2665462,2668086,5
"3E7D6DB138A992B55A7917DBDEE67140E25E7B88","videos\abilities\EXP3_ABLT_0002.webm",3503078,3503078,3507080,5
"3E7D6DB138A992B55A7917DBDEE67140E25E7B88","videos\abilities\EXP3_ABLT_0002_LV2.webm",4558449,4558449,4563409,5
"3E7D6DB138A992B55A7917DBDEE67140E25E7B88","videos\abilities\EXP3_ABLT_0002_M.webm",2817742,2817742,2820805,5
"3E7D6DB138A992B55A7917DBDEE67140E25E7B88","videos\abilities\EXP3_ABLT_0002_M_LV2.webm",4234279,4234279,4238964,5
"3E7D6DB138A992B55A7917DBDEE67140E25E7B88","videos\abilities\EXP3_ABLT_0003.webm",2015395,2015395,2017395,5
"3E7D6DB138A992B55A7917DBDEE67140E25E7B88","videos\abilities\EXP3_ABLT_0003_LV2.webm",2150389,2150389,2152220,5
"3E7D6DB138A992B55A7917DBDEE67140E25E7B88","videos\abilities\EXP3_ABLT_0003_M.webm",1546685,1546685,1548184,5
"3E7D6DB138A992B55A7917DBDEE67140E25E7B88","videos\abilities\EXP3_ABLT_0003_M_LV2.webm",1463310,1463310,1464359,5
"3E7D6DB138A992B55A7917DBDEE67140E25E7B88","videos\abilities\EXP3_ABLT_0004.webm",1408475,1408475,1409880,5
"3E7D6DB138A992B55A7917DBDEE67140E25E7B88","videos\abilities\EXP3_ABLT_0004_LV2.webm",2502792,2502792,2505296,5
"3E7D6DB138A992B55A7917DBDEE67140E25E7B88","videos\abilities\EXP3_ABLT_0004_M.webm",1848327,1848327,1850257,5
"3E7D6DB138A992B55A7917DBDEE67140E25E7B88","videos\abilities\EXP3_ABLT_0004_M_LV2.webm",2200228,2200228,2202353,5
"3E7D6DB138A992B55A7917DBDEE67140E25E7B88","videos\abilities\EXP3_OP_0001.webm",2583061,2583061,2585556,5
"3E7D6DB138A992B55A7917DBDEE67140E25E7B88","videos\abilities\EXP3_OP_0001_LV2.webm",3904723,3904723,3909177,5
"3E7D6DB138A992B55A7917DBDEE67140E25E7B88","videos\abilities\EXP3_OP_0003.webm",4728867,4728867,4734210,5
"3E7D6DB138A992B55A7917DBDEE67140E25E7B88","videos\abilities\EXP3_OP_0003_LV2.webm",4801305,4801305,4806834,5
"3E7D6DB138A992B55A7917DBDEE67140E25E7B88","videos\abilities\EXP3_OP_0005.webm",8853527,8853527,8863671,5
"3E7D6DB138A992B55A7917DBDEE67140E25E7B88","videos\abilities\EXP3_OP_0005_LV1.webm",2763225,2763225,2765252,5
"3E7D6DB138A992B55A7917DBDEE67140E25E7B88","videos\abilities\EXP3_OP_0005_LV2.webm",4740541,4740541,4745971,5
"3E7D6DB138A992B55A7917DBDEE67140E25E7B88","videos\abilities\EXP3_OP_0006.webm",6737081,6737081,6744991,5
"3E7D6DB138A992B55A7917DBDEE67140E25E7B88","videos\abilities\EXP3_OP_0006_LV2.webm",4606626,4606626,4609944,5
"3E7D6DB138A992B55A7917DBDEE67140E25E7B88","videos\abilities\EXP3_OP_0007.webm",6386842,6386842,6394039,5
"3E7D6DB138A992B55A7917DBDEE67140E25E7B88","videos\abilities\EXP3_OP_0007_LV1.webm",3664453,3664453,3668554,5
"3E7D6DB138A992B55A7917DBDEE67140E25E7B88","videos\abilities\EXP3_OP_0007_LV2.webm",5875223,5875223,5882003,5
"3E7D6DB138A992B55A7917DBDEE67140E25E7B88","DataPC_ACK_Norway_gi.forge",297041920,297041920,290215634,6
"3E7D6DB138A992B55A7917DBDEE67140E25E7B88","DataPC_ACK_Norway_DX12.forge",327680,327680,304745,6
"3E7D6DB138A992B55A7917DBDEE67140E25E7B88","DataPC_ACK_Norway.forge",3737419776,3737419776,3597589405,6
"3E7D6DB138A992B55A7917DBDEE67140E25E7B88","DataPC_ACK_Norway_patch_01.forge",41025536,41025536,37657873,6
"3E7D6DB138A992B55A7917DBDEE67140E25E7B88","sounddata\PC\sounds_eng_playgo.pck",380008765,380008765,336750909,7
"3E7D6DB138A992B55A7917DBDEE67140E25E7B88","sounddata\PC\sounds_eng_tu_30000.pck",57556019,57556019,50123230,7
"3E7D6DB138A992B55A7917DBDEE67140E25E7B88","sounddata\PC\sounds_fre_playgo.pck",379574589,379574589,336506554,8
"3E7D6DB138A992B55A7917DBDEE67140E25E7B88","sounddata\PC\sounds_fre_tu_30000.pck",58503056,58503056,51157709,8
"3E7D6DB138A992B55A7917DBDEE67140E25E7B88","sounddata\PC\sounds_jap_playgo.pck",376416573,376416573,333171861,9
"3E7D6DB138A992B55A7917DBDEE67140E25E7B88","sounddata\PC\sounds_jap_tu_30000.pck",57252961,57252961,49770613,9
"3E7D6DB138A992B55A7917DBDEE67140E25E7B88","sounddata\PC\sounds_bra_playgo.pck",372128061,372128061,328302519,10
"3E7D6DB138A992B55A7917DBDEE67140E25E7B88","sounddata\PC\sounds_bra_tu_30000.pck",56069820,56069820,48514880,10
"3E7D6DB138A992B55A7917DBDEE67140E25E7B88","sounddata\PC\sounds_ger_playgo.pck",379138365,379138365,336000202,11
"3E7D6DB138A992B55A7917DBDEE67140E25E7B88","sounddata\PC\sounds_ger_tu_30000.pck",58660261,58660261,51282657,11
"3E7D6DB138A992B55A7917DBDEE67140E25E7B88","sounddata\PC\sounds_ita_playgo.pck",385214781,385214781,342139961,12
"3E7D6DB138A992B55A7917DBDEE67140E25E7B88","sounddata\PC\sounds_ita_tu_30000.pck",59532508,59532508,51980990,12
"3E7D6DB138A992B55A7917DBDEE67140E25E7B88","sounddata\PC\sounds_rus_playgo.pck",363372861,363372861,319546082,13
"3E7D6DB138A992B55A7917DBDEE67140E25E7B88","sounddata\PC\sounds_rus_tu_30000.pck",55148826,55148826,47645407,13
"3E7D6DB138A992B55A7917DBDEE67140E25E7B88","sounddata\PC\sounds_spa_playgo.pck",389116221,389116221,345866324,14
"3E7D6DB138A992B55A7917DBDEE67140E25E7B88","sounddata\PC\sounds_spa_tu_30000.pck",59370849,59370849,51899438,14
"3E7D6DB138A992B55A7917DBDEE67140E25E7B88","dlc_231\DataPC_231_dlc.forge",372211712,372211712,361272251,15
"3E7D6DB138A992B55A7917DBDEE67140E25E7B88","DataPC_231_dlc_patch_01.forge",25591808,25591808,24480772,15
"3E7D6DB138A992B55A7917DBDEE67140E25E7B88","dlc_231\sounds_sfx_dlc_1750.pck",435302,435302,356928,15
"3E7D6DB138A992B55A7917DBDEE67140E25E7B88","dlc_231\sounds_sfx_dlc_2120.pck",129527,129527,56809,15
"3E7D6DB138A992B55A7917DBDEE67140E25E7B88","dlc_231\sounds_sfx_dlc_2130.pck",463623,463623,387848,15
"3E7D6DB138A992B55A7917DBDEE67140E25E7B88","dlc_232\DataPC_232_dlc.forge",5053284352,758317056,609289570,15
"3E7D6DB138A992B55A7917DBDEE67140E25E7B88","DataPC_232_dlc_patch_01.forge",92897280,92897280,87382803,15
"3E7D6DB138A992B55A7917DBDEE67140E25E7B88","dlc_232\DataPC_ACK_England_232_dlc.forge",3538944,3538944,3418059,15
"3E7D6DB138A992B55A7917DBDEE67140E25E7B88","DataPC_ACK_England_232_dlc_patch_01.forge",52264960,52264960,51251137,15
"3E7D6DB138A992B55A7917DBDEE67140E25E7B88","dlc_232\sounds_sfx_dlc_2140.pck",486163,486163,412518,15
"3E7D6DB138A992B55A7917DBDEE67140E25E7B88","dlc_232\sounds_sfx_dlc_2170.pck",515722,515722,442512,15
"3E7D6DB138A992B55A7917DBDEE67140E25E7B88","dlc_211\DataPC_211_dlc.forge",8594685952,4751360,3977212044,15
"3E7D6DB138A992B55A7917DBDEE67140E25E7B88","DataPC_211_dlc_patch_01.forge",378732544,378732544,358296800,15
"3E7D6DB138A992B55A7917DBDEE67140E25E7B88","dlc_211\DataPC_211_dlc_SharedGroup_00.forge",6442221568,2147254272,1971101921,15
"3E7D6DB138A992B55A7917DBDEE67140E25E7B88","DataPC_211_dlc_SharedGroup_00_patch_01.forge",221544448,221544448,213222432,15
"3E7D6DB138A992B55A7917DBDEE67140E25E7B88","dlc_211\DataPC_211_dlc_SharedGroup_00_DX12.forge",17596416,17596416,16889974,15
"3E7D6DB138A992B55A7917DBDEE67140E25E7B88","DataPC_211_dlc_SharedGroup_00_DX12_patch_01.forge",24739840,24739840,23710318,15
"3E7D6DB138A992B55A7917DBDEE67140E25E7B88","dlc_211\DataPC_ACK_Asgard_211_dlc.forge",14974976,14974976,14412257,15
"3E7D6DB138A992B55A7917DBDEE67140E25E7B88","DataPC_ACK_Asgard_211_dlc_patch_01.forge",65536,65536,37381,15
"3E7D6DB138A992B55A7917DBDEE67140E25E7B88","dlc_211\DataPC_ACK_EndGame_211_dlc.forge",917504,917504,892292,15
"3E7D6DB138A992B55A7917DBDEE67140E25E7B88","DataPC_ACK_EndGame_211_dlc_patch_01.forge",32768,32768,4345,15
"3E7D6DB138A992B55A7917DBDEE67140E25E7B88","dlc_211\DataPC_ACK_England_211_dlc.forge",560398336,560398336,481402683,15
"3E7D6DB138A992B55A7917DBDEE67140E25E7B88","DataPC_ACK_England_211_dlc_patch_01.forge",71172096,71172096,65018753,15
"3E7D6DB138A992B55A7917DBDEE67140E25E7B88","dlc_211\DataPC_ACK_EX_ACD_Connection.forge",1230798848,1230798848,1164075117,15
"3E7D6DB138A992B55A7917DBDEE67140E25E7B88","DataPC_ACK_EX_ACD_Connection_patch_01.forge",69959680,69959680,66321904,15
"3E7D6DB138A992B55A7917DBDEE67140E25E7B88","dlc_211\DataPC_ACK_EX_ACD_Connection_gi.forge",67469312,67469312,66001864,15
"3E7D6DB138A992B55A7917DBDEE67140E25E7B88","dlc_211\DataPC_ACK_EX_ACD_Connection_TerrainHD.forge",684490752,684490752,674026921,15
"3E7D6DB138A992B55A7917DBDEE67140E25E7B88","DataPC_ACK_EX_ACD_Connection_TerrainHD_patch_01.forge",15990784,15990784,15618968,15
"3E7D6DB138A992B55A7917DBDEE67140E25E7B88","dlc_211\DataPC_ACK_EX_RR_Season1_01.forge",450887680,450887680,429574157,15
"3E7D6DB138A992B55A7917DBDEE67140E25E7B88","DataPC_ACK_EX_RR_Season1_01_patch_01.forge",27525120,27525120,26385940,15
"3E7D6DB138A992B55A7917DBDEE67140E25E7B88","dlc_211\DataPC_ACK_EX_RR_Season1_01_gi.forge",90603520,90603520,88469128,15
"3E7D6DB138A992B55A7917DBDEE67140E25E7B88","dlc_211\DataPC_ACK_EX_RR_Season1_01_TerrainHD.forge",684457984,684457984,674018660,15
"3E7D6DB138A992B55A7917DBDEE67140E25E7B88","DataPC_ACK_EX_RR_Season1_01_TerrainHD_patch_01.forge",15990784,15990784,15610963,15
"3E7D6DB138A992B55A7917DBDEE67140E25E7B88","dlc_211\DataPC_ACK_EX_RR_Season1_02.forge",385548288,385548288,366764370,15
"3E7D6DB138A992B55A7917DBDEE67140E25E7B88","DataPC_ACK_EX_RR_Season1_02_patch_01.forge",24477696,24477696,23408134,15
"3E7D6DB138A992B55A7917DBDEE67140E25E7B88","dlc_211\DataPC_ACK_EX_RR_Season1_02_gi.forge",71270400,71270400,69406416,15
"3E7D6DB138A992B55A7917DBDEE67140E25E7B88","dlc_211\DataPC_ACK_EX_RR_Season1_02_TerrainHD.forge",684457984,684457984,674017949,15
"3E7D6DB138A992B55A7917DBDEE67140E25E7B88","DataPC_ACK_EX_RR_Season1_02_TerrainHD_patch_01.forge",15990784,15990784,15610419,15
"3E7D6DB138A992B55A7917DBDEE67140E25E7B88","dlc_211\DataPC_ACK_EX_RR_Season1_03.forge",457015296,457015296,434469053,15
"3E7D6DB138A992B55A7917DBDEE67140E25E7B88","DataPC_ACK_EX_RR_Season1_03_patch_01.forge",29982720,29982720,28764020,15
"3E7D6DB138A992B55A7917DBDEE67140E25E7B88","dlc_211\DataPC_ACK_EX_RR_Season1_03_gi.forge",90636288,90636288,88475393,15
"3E7D6DB138A992B55A7917DBDEE67140E25E7B88","dlc_211\DataPC_ACK_EX_RR_Season1_03_TerrainHD.forge",684457984,684457984,674018683,15
"3E7D6DB138A992B55A7917DBDEE67140E25E7B88","DataPC_ACK_EX_RR_Season1_03_TerrainHD_patch_01.forge",15990784,15990784,15611163,15
"3E7D6DB138A992B55A7917DBDEE67140E25E7B88","dlc_211\DataPC_ACK_Jotunheim_211_dlc.forge",7831552,7831552,7594911,15
"3E7D6DB138A992B55A7917DBDEE67140E25E7B88","DataPC_ACK_Jotunheim_211_dlc_patch_01.forge",131072,131072,85898,15
"3E7D6DB138A992B55A7917DBDEE67140E25E7B88","dlc_211\DataPC_ACK_Norway_211_dlc.forge",50069504,50069504,47400940,15
"3E7D6DB138A992B55A7917DBDEE67140E25E7B88","DataPC_ACK_Norway_211_dlc_patch_01.forge",65536,65536,52562,15
"3E7D6DB138A992B55A7917DBDEE67140E25E7B88","dlc_211\DataPC_ACK_WhiteRoom_211_dlc.forge",62062592,62062592,60559215,15
"3E7D6DB138A992B55A7917DBDEE67140E25E7B88","DataPC_ACK_WhiteRoom_211_dlc_patch_01.forge",65536,65536,47751,15
"3E7D6DB138A992B55A7917DBDEE67140E25E7B88","dlc_211\sounds_bra_dlc_1110.pck",10068820,10068820,9027032,15
"3E7D6DB138A992B55A7917DBDEE67140E25E7B88","dlc_211\sounds_eng_dlc_1110.pck",10784453,10784453,9767737,15
"3E7D6DB138A992B55A7917DBDEE67140E25E7B88","dlc_211\sounds_fre_dlc_1110.pck",11019123,11019123,10009005,15
"3E7D6DB138A992B55A7917DBDEE67140E25E7B88","dlc_211\sounds_ger_dlc_1110.pck",10786715,10786715,9754352,15
"3E7D6DB138A992B55A7917DBDEE67140E25E7B88","dlc_211\sounds_ita_dlc_1110.pck",10950107,10950107,9930599,15
"3E7D6DB138A992B55A7917DBDEE67140E25E7B88","dlc_211\sounds_jap_dlc_1110.pck",10584629,10584629,9564295,15
"3E7D6DB138A992B55A7917DBDEE67140E25E7B88","dlc_211\sounds_rus_dlc_1110.pck",9490444,9490444,8418854,15
"3E7D6DB138A992B55A7917DBDEE67140E25E7B88","dlc_211\sounds_sfx_dlc_1110.pck",892530,892530,781713,15
"3E7D6DB138A992B55A7917DBDEE67140E25E7B88","dlc_211\sounds_sfx_dlc_1250.pck",228598,228598,134438,15
"3E7D6DB138A992B55A7917DBDEE67140E25E7B88","dlc_211\sounds_sfx_dlc_1700.pck",216226,216226,139918,15
"3E7D6DB138A992B55A7917DBDEE67140E25E7B88","dlc_211\sounds_sfx_dlc_1710.pck",777351,777351,644191,15
"3E7D6DB138A992B55A7917DBDEE67140E25E7B88","dlc_211\sounds_sfx_dlc_1720.pck",378061,378061,301584,15
"3E7D6DB138A992B55A7917DBDEE67140E25E7B88","dlc_211\sounds_spa_dlc_1110.pck",11057867,11057867,10035191,15
"3E7D6DB138A992B55A7917DBDEE67140E25E7B88","DataPC_ACK_EX_RR_Season2_01_patch_01.forge",21331968,21331968,20287627,16
"3E7D6DB138A992B55A7917DBDEE67140E25E7B88","dlc_211\DataPC_ACK_EX_RR_Season2_01.forge",1069809664,1069809664,901848645,16
"3E7D6DB138A992B55A7917DBDEE67140E25E7B88","dlc_211\DataPC_ACK_EX_RR_Season2_01_gi.forge",68157440,68157440,66418897,16
"3E7D6DB138A992B55A7917DBDEE67140E25E7B88","dlc_211\DataPC_ACK_EX_RR_Season2_01_TerrainHD.forge",389120000,389120000,380314048,16
"3E7D6DB138A992B55A7917DBDEE67140E25E7B88","DataPC_ACK_EX_RR_Season2_01_TerrainHD_patch_01.forge",11239424,11239424,10866896,16
"3E7D6DB138A992B55A7917DBDEE67140E25E7B88","dlc_211\DataPC_ACK_EX_RR_Season2_02.forge",925270016,925270016,876608370,16
"3E7D6DB138A992B55A7917DBDEE67140E25E7B88","DataPC_ACK_EX_RR_Season2_02_patch_01.forge",20250624,20250624,19228693,16
"3E7D6DB138A992B55A7917DBDEE67140E25E7B88","dlc_211\DataPC_ACK_EX_RR_Season2_02_gi.forge",81920000,81920000,79785765,16
"3E7D6DB138A992B55A7917DBDEE67140E25E7B88","dlc_211\DataPC_ACK_EX_RR_Season2_02_TerrainHD.forge",389120000,389120000,380314392,16
"3E7D6DB138A992B55A7917DBDEE67140E25E7B88","DataPC_ACK_EX_RR_Season2_02_TerrainHD_patch_01.forge",11239424,11239424,10867331,16
"3E7D6DB138A992B55A7917DBDEE67140E25E7B88","dlc_211\DataPC_ACK_EX_RR_Season2_03.forge",1228439552,1228439552,1163704698,16
"3E7D6DB138A992B55A7917DBDEE67140E25E7B88","DataPC_ACK_EX_RR_Season2_03_patch_01.forge",18841600,18841600,17901836,16
"3E7D6DB138A992B55A7917DBDEE67140E25E7B88","dlc_211\DataPC_ACK_EX_RR_Season2_03_gi.forge",108724224,108724224,106012593,16
"3E7D6DB138A992B55A7917DBDEE67140E25E7B88","dlc_211\DataPC_ACK_EX_RR_Season2_03_TerrainHD.forge",400097280,400097280,391114959,16
"3E7D6DB138A992B55A7917DBDEE67140E25E7B88","DataPC_ACK_EX_RR_Season2_03_TerrainHD_patch_01.forge",15990784,15990784,15607375,16
"3E7D6DB138A992B55A7917DBDEE67140E25E7B88","DataPC_ACK_Norway_ext_gi.forge",127500288,127500288,123479294,99
"3E7D6DB138A992B55A7917DBDEE67140E25E7B88","DataPC_ACK_Norway_ext.forge",1102348288,1102348288,1045530022,99
"3E7D6DB138A992B55A7917DBDEE67140E25E7B88","DataPC_ACK_Norway_ext_patch_01.forge",196608,196608,145631,99
"3E7D6DB138A992B55A7917DBDEE67140E25E7B88","DataPC_ACK_Norway_TerrainHD.forge",167968768,167968768,164985483,99
"3E7D6DB138A992B55A7917DBDEE67140E25E7B88","DataPC_ACK_Norway_TerrainHD_patch_01.forge",11010048,11010048,10625815,99
"3E7D6DB138A992B55A7917DBDEE67140E25E7B88","sounddata\PC\sounds_sfx.pck",1018133709,1018133709,984311507,98
"3E7D6DB138A992B55A7917DBDEE67140E25E7B88","sounddata\PC\sounds_sfx_music.pck",873764431,873764431,869566517,98
"3E7D6DB138A992B55A7917DBDEE67140E25E7B88","DataPC_ACK_Jotunheim_gi.forge",173309952,173309952,166992080,97
"3E7D6DB138A992B55A7917DBDEE67140E25E7B88","DataPC_ACK_Jotunheim_DX12.forge",32768,32768,863,97
"3E7D6DB138A992B55A7917DBDEE67140E25E7B88","DataPC_ACK_Jotunheim.forge",890437632,890437632,851919388,97
"3E7D6DB138A992B55A7917DBDEE67140E25E7B88","DataPC_ACK_Jotunheim_patch_01.forge",31031296,31031296,29816797,97
"3E7D6DB138A992B55A7917DBDEE67140E25E7B88","DataPC_ACK_Jotunheim_TerrainHD.forge",234717184,234717184,230003061,97
"3E7D6DB138A992B55A7917DBDEE67140E25E7B88","DataPC_ACK_Jotunheim_TerrainHD_patch_01.forge",5505024,5505024,5426637,97
"3E7D6DB138A992B55A7917DBDEE67140E25E7B88","DataPC_ACK_England_gi.forge",3130228736,3130228736,3047345158,96
"3E7D6DB138A992B55A7917DBDEE67140E25E7B88","DataPC_ACK_England_gi_patch_01.forge",32538624,32538624,31514139,96
"3E7D6DB138A992B55A7917DBDEE67140E25E7B88","DataPC_ACK_England_DX12.forge",1179648,1179648,1116876,96
"3E7D6DB138A992B55A7917DBDEE67140E25E7B88","DataPC_ACK_England.forge",19568230400,2388361216,1531852648,95
"3E7D6DB138A992B55A7917DBDEE67140E25E7B88","DataPC_ACK_England_patch_01.forge",797704192,797704192,718595993,95
"3E7D6DB138A992B55A7917DBDEE67140E25E7B88","DataPC_ACK_England_TerrainHD.forge",684556288,684556288,674087754,95
"3E7D6DB138A992B55A7917DBDEE67140E25E7B88","DataPC_ACK_England_TerrainHD_patch_01.forge",16056320,16056320,15679692,95
"3E7D6DB138A992B55A7917DBDEE67140E25E7B88","DataPC_ACK_EndGame_gi.forge",72155136,72155136,70851147,94
"3E7D6DB138A992B55A7917DBDEE67140E25E7B88","DataPC_ACK_EndGame_DX12.forge",98304,98304,70369,94
"3E7D6DB138A992B55A7917DBDEE67140E25E7B88","DataPC_ACK_EndGame.forge",478576640,478576640,460281302,94
"3E7D6DB138A992B55A7917DBDEE67140E25E7B88","DataPC_ACK_EndGame_patch_01.forge",17432576,17432576,16496003,94
"3E7D6DB138A992B55A7917DBDEE67140E25E7B88","DataPC_ACK_EndGame_TerrainHD.forge",279412736,279412736,274902593,94
"3E7D6DB138A992B55A7917DBDEE67140E25E7B88","DataPC_ACK_EndGame_TerrainHD_patch_01.forge",11239424,11239424,10863874,94
"3E7D6DB138A992B55A7917DBDEE67140E25E7B88","DataPC_ACK_America_gi.forge",73564160,73564160,71888351,93
"3E7D6DB138A992B55A7917DBDEE67140E25E7B88","DataPC_ACK_America_DX12.forge",32768,32768,860,93
"3E7D6DB138A992B55A7917DBDEE67140E25E7B88","DataPC_ACK_America.forge",915243008,915243008,860821690,93
"3E7D6DB138A992B55A7917DBDEE67140E25E7B88","DataPC_ACK_America_patch_01.forge",12910592,12910592,11956312,93
"3E7D6DB138A992B55A7917DBDEE67140E25E7B88","DataPC_ACK_America_TerrainHD.forge",290029568,290029568,286303604,93
"3E7D6DB138A992B55A7917DBDEE67140E25E7B88","DataPC_ACK_America_TerrainHD_patch_01.forge",131072,131072,105684,93
"3E7D6DB138A992B55A7917DBDEE67140E25E7B88","DataPC_ACK_Asgard_gi.forge",97648640,97648640,95429058,92
"3E7D6DB138A992B55A7917DBDEE67140E25E7B88","DataPC_ACK_Asgard_DX12.forge",163840,163840,126592,92
"3E7D6DB138A992B55A7917DBDEE67140E25E7B88","DataPC_ACK_Asgard.forge",907509760,907509760,873044230,92
"3E7D6DB138A992B55A7917DBDEE67140E25E7B88","DataPC_ACK_Asgard_patch_01.forge",19070976,19070976,17981098,92
"3E7D6DB138A992B55A7917DBDEE67140E25E7B88","DataPC_ACK_Asgard_TerrainHD.forge",128286720,128286720,126692954,92
"3E7D6DB138A992B55A7917DBDEE67140E25E7B88","DataPC_ACK_Asgard_TerrainHD_patch_01.forge",11272192,11272192,10892201,92
"3E7D6DB138A992B55A7917DBDEE67140E25E7B88","sounddata\PC\sounds_eng.pck",1450903156,1450903156,1321245471,91
"3E7D6DB138A992B55A7917DBDEE67140E25E7B88","sounddata\PC\sounds_eng_music.pck",1217324,1217324,1122328,91
"3E7D6DB138A992B55A7917DBDEE67140E25E7B88","sounddata\PC\sounds_fre.pck",1452238894,1452238894,1323339063,90
"3E7D6DB138A992B55A7917DBDEE67140E25E7B88","sounddata\PC\sounds_fre_music.pck",1192098,1192098,1096435,90
"3E7D6DB138A992B55A7917DBDEE67140E25E7B88","sounddata\PC\sounds_jap.pck",1434855153,1434855153,1304002550,89
"3E7D6DB138A992B55A7917DBDEE67140E25E7B88","sounddata\PC\sounds_jap_music.pck",1185305,1185305,1088890,89
"3E7D6DB138A992B55A7917DBDEE67140E25E7B88","sounddata\PC\sounds_bra.pck",1395522745,1395522745,1262435745,88
"3E7D6DB138A992B55A7917DBDEE67140E25E7B88","sounddata\PC\sounds_bra_music.pck",1197507,1197507,1097064,88
"3E7D6DB138A992B55A7917DBDEE67140E25E7B88","sounddata\PC\sounds_ger.pck",1455980104,1455980104,1325592590,87
"3E7D6DB138A992B55A7917DBDEE67140E25E7B88","sounddata\PC\sounds_ger_music.pck",1193520,1193520,1101237,87
"3E7D6DB138A992B55A7917DBDEE67140E25E7B88","sounddata\PC\sounds_ita.pck",1485585016,1485585016,1355106378,86
"3E7D6DB138A992B55A7917DBDEE67140E25E7B88","sounddata\PC\sounds_ita_music.pck",1235121,1235121,1138958,86
"3E7D6DB138A992B55A7917DBDEE67140E25E7B88","sounddata\PC\sounds_rus.pck",1327175477,1327175477,1192720717,85
"3E7D6DB138A992B55A7917DBDEE67140E25E7B88","sounddata\PC\sounds_rus_music.pck",1108120,1108120,1015805,85
"3E7D6DB138A992B55A7917DBDEE67140E25E7B88","sounddata\PC\sounds_spa.pck",1497328131,1497328131,1365928794,84
"3E7D6DB138A992B55A7917DBDEE67140E25E7B88","sounddata\PC\sounds_spa_music.pck",1220766,1220766,1122068,84
"3E7D6DB138A992B55A7917DBDEE67140E25E7B88","Support\Readme\English\Readme.txt",8347,8347,3061,119
"3E7D6DB138A992B55A7917DBDEE67140E25E7B88","Support\Readme\French\Readme.txt",8378,8378,2831,119
"3E7D6DB138A992B55A7917DBDEE67140E25E7B88","Support\Readme\Italian\Readme.txt",8029,8029,2796,119
"3E7D6DB138A992B55A7917DBDEE67140E25E7B88","Support\Readme\German\Readme.txt",8449,8449,3011,119
"3E7D6DB138A992B55A7917DBDEE67140E25E7B88","Support\Readme\Spanish\Readme.txt",8648,8648,2890,119
"3E7D6DB138A992B55A7917DBDEE67140E25E7B88","Support\Readme\Spanish(LATAM)\Readme.txt",8465,8465,2831,119
"3E7D6DB138A992B55A7917DBDEE67140E25E7B88","Support\Readme\Brazilian\Readme.txt",8226,8226,2838,119
"3E7D6DB138A992B55A7917DBDEE67140E25E7B88","Support\Readme\Japanese\Readme.txt",8834,8834,2946,119
"3E7D6DB138A992B55A7917DBDEE67140E25E7B88","Support\Readme\Russian\Readme.txt",12267,12267,3618,119
"3E7D6DB138A992B55A7917DBDEE67140E25E7B88","Support\Readme\Polish\Readme.txt",8873,8873,3189,119
"3E7D6DB138A992B55A7917DBDEE67140E25E7B88","Support\Readme\Korean\Readme.txt",8046,8046,2812,119
"3E7D6DB138A992B55A7917DBDEE67140E25E7B88","Support\Readme\Chinese(Trad)\Readme.txt",7133,7133,2683,119
"3E7D6DB138A992B55A7917DBDEE67140E25E7B88","Support\Readme\Chinese(Simp)\Readme.txt",7020,7020,2640,119
"3E7D6DB138A992B55A7917DBDEE67140E25E7B88","Support\Readme\Arabic\Readme.txt",10727,10727,3231,119
"3E7D6DB138A992B55A7917DBDEE67140E25E7B88","dlc_20\DataPC_20_dlc.forge",518455296,518455296,496872392,120
"3E7D6DB138A992B55A7917DBDEE67140E25E7B88","dlc_20\DataPC_ACK_DLC_Ireland.forge",10515415040,1925480448,1533256620,120
"3E7D6DB138A992B55A7917DBDEE67140E25E7B88","dlc_20\DataPC_ACK_DLC_Ireland_dx12.forge",22970368,22970368,22042428,120
"3E7D6DB138A992B55A7917DBDEE67140E25E7B88","dlc_20\DataPC_ACK_DLC_Ireland_gi.forge",301039616,301039616,293325392,120
"3E7D6DB138A992B55A7917DBDEE67140E25E7B88","dlc_20\DataPC_ACK_DLC_Ireland_TerrainHD.forge",389152768,389152768,380386535,120
"3E7D6DB138A992B55A7917DBDEE67140E25E7B88","dlc_20\DataPC_ACK_England_20_dlc.forge",7405568,7405568,7202355,120
"3E7D6DB138A992B55A7917DBDEE67140E25E7B88","dlc_20\DataPC_ACK_England_20_dlc_dx12.forge",31653888,31653888,30339105,120
"3E7D6DB138A992B55A7917DBDEE67140E25E7B88","dlc_20\sounds_bra_dlc_2000.pck",82198419,82198419,74389933,120
"3E7D6DB138A992B55A7917DBDEE67140E25E7B88","dlc_20\sounds_eng_dlc_2000.pck",85962095,85962095,78213426,120
"3E7D6DB138A992B55A7917DBDEE67140E25E7B88","dlc_20\sounds_fre_dlc_2000.pck",85753765,85753765,78089970,120
"3E7D6DB138A992B55A7917DBDEE67140E25E7B88","dlc_20\sounds_ger_dlc_2000.pck",86553536,86553536,78883804,120
"3E7D6DB138A992B55A7917DBDEE67140E25E7B88","dlc_20\sounds_ita_dlc_2000.pck",89016866,89016866,81287724,120
"3E7D6DB138A992B55A7917DBDEE67140E25E7B88","dlc_20\sounds_jap_dlc_2000.pck",85702427,85702427,77860744,120
"3E7D6DB138A992B55A7917DBDEE67140E25E7B88","dlc_20\sounds_rus_dlc_2000.pck",79309106,79309106,71455412,120
"3E7D6DB138A992B55A7917DBDEE67140E25E7B88","dlc_20\sounds_sfx_dlc_2000.pck",322107793,322107793,319924203,120
"3E7D6DB138A992B55A7917DBDEE67140E25E7B88","dlc_20\sounds_spa_dlc_2000.pck",89708889,89708889,81925139,120
"3E7D6DB138A992B55A7917DBDEE67140E25E7B88","dlc_207\DataPC_207_dlc.forge",385613824,385613824,365007424,121
"3E7D6DB138A992B55A7917DBDEE67140E25E7B88","dlc_207\DataPC_ACK_DLC_Francia.forge",8473903104,4178935808,3861219538,121
"3E7D6DB138A992B55A7917DBDEE67140E25E7B88","dlc_207\DataPC_ACK_DLC_Francia_dx12.forge",24313856,24313856,23301897,121
"3E7D6DB138A992B55A7917DBDEE67140E25E7B88","dlc_207\DataPC_ACK_DLC_Francia_gi.forge",282853376,282853376,275233320,121
"3E7D6DB138A992B55A7917DBDEE67140E25E7B88","dlc_207\DataPC_ACK_DLC_Francia_TerrainHD.forge",400130048,400130048,391174037,121
"3E7D6DB138A992B55A7917DBDEE67140E25E7B88","dlc_207\DataPC_ACK_England_207_dlc.forge",27066368,27066368,26583245,121
"3E7D6DB138A992B55A7917DBDEE67140E25E7B88","dlc_207\DataPC_ACK_England_207_dlc_dx12.forge",33325056,33325056,31941180,121
"3E7D6DB138A992B55A7917DBDEE67140E25E7B88","dlc_207\sounds_bra_dlc_3000.pck",131699704,131699704,118982343,121
"3E7D6DB138A992B55A7917DBDEE67140E25E7B88","dlc_207\sounds_eng_dlc_3000.pck",135369180,135369180,122886812,121
"3E7D6DB138A992B55A7917DBDEE67140E25E7B88","dlc_207\sounds_fre_dlc_3000.pck",134257225,134257225,121850519,121
"3E7D6DB138A992B55A7917DBDEE67140E25E7B88","dlc_207\sounds_ger_dlc_3000.pck",135629695,135629695,123085887,121
"3E7D6DB138A992B55A7917DBDEE67140E25E7B88","dlc_207\sounds_ita_dlc_3000.pck",139291231,139291231,126825187,121
"3E7D6DB138A992B55A7917DBDEE67140E25E7B88","dlc_207\sounds_jap_dlc_3000.pck",133777527,133777527,121253729,121
"3E7D6DB138A992B55A7917DBDEE67140E25E7B88","dlc_207\sounds_rus_dlc_3000.pck",122624145,122624145,109784135,121
"3E7D6DB138A992B55A7917DBDEE67140E25E7B88","dlc_207\sounds_sfx_dlc_3000.pck",245269391,245269391,242716546,121
"3E7D6DB138A992B55A7917DBDEE67140E25E7B88","dlc_207\sounds_spa_dlc_3000.pck",137306628,137306628,124746209,121
"3E7D6DB138A992B55A7917DBDEE67140E25E7B88","dlc_148\DataPC_148_dlc.forge",1881964544,1881964544,1799685347,122
"3E7D6DB138A992B55A7917DBDEE67140E25E7B88","dlc_148\DataPC_148_dlc_dx12.forge",2523136,2523136,2352032,122
"3E7D6DB138A992B55A7917DBDEE67140E25E7B88","dlc_148\DataPC_ACK_DLC_Svartalfheim.forge",11406671872,2816737280,2374137752,122
"3E7D6DB138A992B55A7917DBDEE67140E25E7B88","dlc_148\DataPC_ACK_DLC_Svartalfheim_dx12.forge",31555584,31555584,30324174,122
"3E7D6DB138A992B55A7917DBDEE67140E25E7B88","dlc_148\DataPC_ACK_DLC_Svartalfheim_gi.forge",569245696,569245696,556759109,122
"3E7D6DB138A992B55A7917DBDEE67140E25E7B88","dlc_148\DataPC_ACK_DLC_Svartalfheim_TerrainHD.forge",757661696,757661696,742327449,122
"3E7D6DB138A992B55A7917DBDEE67140E25E7B88","dlc_148\DataPC_ACK_England_148_dlc.forge",18710528,18710528,18300584,122
"3E7D6DB138A992B55A7917DBDEE67140E25E7B88","dlc_148\DataPC_ACK_England_148_dlc_dx12.forge",37584896,37584896,36038603,122
"3E7D6DB138A992B55A7917DBDEE67140E25E7B88","dlc_148\DataPC_ACK_WhiteRoom_148_dlc.forge",32768,32768,1732,122
"3E7D6DB138A992B55A7917DBDEE67140E25E7B88","dlc_148\DataPC_ACK_WhiteRoom_148_dlc_dx12.forge",36503552,36503552,34984877,122
"3E7D6DB138A992B55A7917DBDEE67140E25E7B88","dlc_148\sounds_bra_dlc_14800.pck",221425340,221425340,199128335,122
"3E7D6DB138A992B55A7917DBDEE67140E25E7B88","dlc_148\sounds_eng_dlc_14800.pck",227273779,227273779,205325958,122
"3E7D6DB138A992B55A7917DBDEE67140E25E7B88","dlc_148\sounds_fre_dlc_14800.pck",228661136,228661136,206986528,122
"3E7D6DB138A992B55A7917DBDEE67140E25E7B88","dlc_148\sounds_ger_dlc_14800.pck",231568805,231568805,209980909,122
"3E7D6DB138A992B55A7917DBDEE67140E25E7B88","dlc_148\sounds_ita_dlc_14800.pck",238955740,238955740,217061566,122
"3E7D6DB138A992B55A7917DBDEE67140E25E7B88","dlc_148\sounds_jap_dlc_14800.pck",228990049,228990049,206956575,122
"3E7D6DB138A992B55A7917DBDEE67140E25E7B88","dlc_148\sounds_rus_dlc_14800.pck",216121626,216121626,193930604,122
"3E7D6DB138A992B55A7917DBDEE67140E25E7B88","dlc_148\sounds_sfx_dlc_14800.pck",277600747,277600747,266272974,122
"3E7D6DB138A992B55A7917DBDEE67140E25E7B88","dlc_148\sounds_spa_dlc_14800.pck",233909601,233909601,212096341,122
