"1713","D80B6E7C57B6FF53BA4737C9ED1426810C09E62C","0000-00-00",301,82681036993,1076658369,2386605295,3
"D80B6E7C57B6FF53BA4737C9ED1426810C09E62C","skullandbones.exe",74545576,74545576,68899717,0
"D80B6E7C57B6FF53BA4737C9ED1426810C09E62C","streaminginstall.ini",10399,10399,1178,1
"D80B6E7C57B6FF53BA4737C9ED1426810C09E62C","tobii_gameintegration_x64.dll",3168168,3168168,1077876,1
"D80B6E7C57B6FF53BA4737C9ED1426810C09E62C","GFSDK_Aftermath_Lib.x64.dll",5570136,5570136,1748735,1
"D80B6E7C57B6FF53BA4737C9ED1426810C09E62C","d3dcompiler_47.dll",4895184,4895184,1833628,1
"D80B6E7C57B6FF53BA4737C9ED1426810C09E62C","gpudatabase_win64.dll",187672,187672,28467,1
"D80B6E7C57B6FF53BA4737C9ED1426810C09E62C","dbdata.dll",412992,412992,154527,1
"D80B6E7C57B6FF53BA4737C9ED1426810C09E62C","dbghelp64.dll",1369952,1369952,456097,1
"D80B6E7C57B6FF53BA4737C9ED1426810C09E62C","localization.lang",23,23,32,1
"D80B6E7C57B6FF53BA4737C9ED1426810C09E62C","upc_r2_loader64.dll",589632,589632,181647,1
"D80B6E7C57B6FF53BA4737C9ED1426810C09E62C","amd_ags_x64.dll",150032,150032,73054,1
"D80B6E7C57B6FF53BA4737C9ED1426810C09E62C","splashscreen.png",1791074,1791074,1779106,1
"D80B6E7C57B6FF53BA4737C9ED1426810C09E62C","benchmark.dat",395932,395932,124583,1
"D80B6E7C57B6FF53BA4737C9ED1426810C09E62C","main.psodb",3400272,3400272,129285,1
"D80B6E7C57B6FF53BA4737C9ED1426810C09E62C","Support\Software\VCRedist\vc_redist.x64.exe",15001520,15001520,14351914,1
"D80B6E7C57B6FF53BA4737C9ED1426810C09E62C","Support\Cleaner\Cleaner.exe",14888,14888,9111,1
"D80B6E7C57B6FF53BA4737C9ED1426810C09E62C","skullandbones_BE.exe",1315592,1315592,905005,1
"D80B6E7C57B6FF53BA4737C9ED1426810C09E62C","D3D12/D3D12Core.dll",3351064,3351064,961689,1
"D80B6E7C57B6FF53BA4737C9ED1426810C09E62C","D3D12/d3d12SDKLayers.dll",5080096,5080096,1713556,1
"D80B6E7C57B6FF53BA4737C9ED1426810C09E62C","battleye/BEClient_x64.cfg",28,28,37,1
"D80B6E7C57B6FF53BA4737C9ED1426810C09E62C","battleye/beclient_x64.dll",6111496,6111496,5644986,1
"D80B6E7C57B6FF53BA4737C9ED1426810C09E62C","battleye/belauncher.ini",97,97,100,1
"D80B6E7C57B6FF53BA4737C9ED1426810C09E62C","battleye/beservice_x64.exe",15044872,15044872,14153986,1
"D80B6E7C57B6FF53BA4737C9ED1426810C09E62C","battleye/install_battleye.bat",80,80,89,1
"D80B6E7C57B6FF53BA4737C9ED1426810C09E62C","battleye/privacy/cs.txt",1545,1545,815,1
"D80B6E7C57B6FF53BA4737C9ED1426810C09E62C","battleye/privacy/de.txt",1445,1445,738,1
"D80B6E7C57B6FF53BA4737C9ED1426810C09E62C","battleye/privacy/en.txt",1302,1302,631,1
"D80B6E7C57B6FF53BA4737C9ED1426810C09E62C","battleye/privacy/es-MX.txt",1540,1540,726,1
"D80B6E7C57B6FF53BA4737C9ED1426810C09E62C","battleye/privacy/es.txt",1532,1532,724,1
"D80B6E7C57B6FF53BA4737C9ED1426810C09E62C","battleye/privacy/fr.txt",1677,1677,807,1
"D80B6E7C57B6FF53BA4737C9ED1426810C09E62C","battleye/privacy/it.txt",1376,1376,661,1
"D80B6E7C57B6FF53BA4737C9ED1426810C09E62C","battleye/privacy/ja.txt",1601,1601,795,1
"D80B6E7C57B6FF53BA4737C9ED1426810C09E62C","battleye/privacy/ko.txt",1407,1407,761,1
"D80B6E7C57B6FF53BA4737C9ED1426810C09E62C","battleye/privacy/nl.txt",1394,1394,676,1
"D80B6E7C57B6FF53BA4737C9ED1426810C09E62C","battleye/privacy/pl.txt",1610,1610,835,1
"D80B6E7C57B6FF53BA4737C9ED1426810C09E62C","battleye/privacy/pt.txt",1512,1512,726,1
"D80B6E7C57B6FF53BA4737C9ED1426810C09E62C","battleye/privacy/ru.txt",2012,2012,839,1
"D80B6E7C57B6FF53BA4737C9ED1426810C09E62C","battleye/privacy/tr.txt",1376,1376,681,1
"D80B6E7C57B6FF53BA4737C9ED1426810C09E62C","battleye/privacy/zh-TW.txt",1067,1067,660,1
"D80B6E7C57B6FF53BA4737C9ED1426810C09E62C","battleye/privacy/zh.txt",1052,1052,649,1
"D80B6E7C57B6FF53BA4737C9ED1426810C09E62C","battleye/text/cs.ini",3192,3192,1455,1
"D80B6E7C57B6FF53BA4737C9ED1426810C09E62C","battleye/text/de.ini",3283,3283,1418,1
"D80B6E7C57B6FF53BA4737C9ED1426810C09E62C","battleye/text/en.ini",2748,2748,1172,1
"D80B6E7C57B6FF53BA4737C9ED1426810C09E62C","battleye/text/es.ini",3137,3137,1339,1
"D80B6E7C57B6FF53BA4737C9ED1426810C09E62C","battleye/text/fr.ini",3246,3246,1408,1
"D80B6E7C57B6FF53BA4737C9ED1426810C09E62C","battleye/text/it.ini",3024,3024,1302,1
"D80B6E7C57B6FF53BA4737C9ED1426810C09E62C","battleye/text/ja.ini",4125,4125,1552,1
"D80B6E7C57B6FF53BA4737C9ED1426810C09E62C","battleye/text/ko.ini",3362,3362,1431,1
"D80B6E7C57B6FF53BA4737C9ED1426810C09E62C","battleye/text/nl.ini",3004,3004,1309,1
"D80B6E7C57B6FF53BA4737C9ED1426810C09E62C","battleye/text/pl.ini",3165,3165,1436,1
"D80B6E7C57B6FF53BA4737C9ED1426810C09E62C","battleye/text/pt.ini",3054,3054,1324,1
"D80B6E7C57B6FF53BA4737C9ED1426810C09E62C","battleye/text/ru.ini",4901,4901,1718,1
"D80B6E7C57B6FF53BA4737C9ED1426810C09E62C","battleye/text/tr.ini",2990,2990,1347,1
"D80B6E7C57B6FF53BA4737C9ED1426810C09E62C","battleye/text/zh-tw.ini",2628,2628,1371,1
"D80B6E7C57B6FF53BA4737C9ED1426810C09E62C","battleye/text/zh.ini",2628,2628,1363,1
"D80B6E7C57B6FF53BA4737C9ED1426810C09E62C","battleye/uninstall_battleye.bat",80,80,89,1
"D80B6E7C57B6FF53BA4737C9ED1426810C09E62C","NGFX_Injection.dll",136728,136728,64138,1
"D80B6E7C57B6FF53BA4737C9ED1426810C09E62C","vivoxsdk.dll",12244600,12244600,6784013,1
"D80B6E7C57B6FF53BA4737C9ED1426810C09E62C","LICENSE",39423,39423,10583,1
"D80B6E7C57B6FF53BA4737C9ED1426810C09E62C","libxess.dll",67095056,67095056,40918133,1
"D80B6E7C57B6FF53BA4737C9ED1426810C09E62C","sen_client.dll",21680312,21680312,16100089,1
"D80B6E7C57B6FF53BA4737C9ED1426810C09E62C","NVStreamline/production/nvngx_dlss.dll",51263528,51263528,33883365,1
"D80B6E7C57B6FF53BA4737C9ED1426810C09E62C","NVStreamline/production/nvngx_dlssg.dll",9477688,9477688,4805301,1
"D80B6E7C57B6FF53BA4737C9ED1426810C09E62C","NVStreamline/production/sl.common.dll",627176,627176,234796,1
"D80B6E7C57B6FF53BA4737C9ED1426810C09E62C","NVStreamline/production/sl.dlss.dll",224744,224744,86357,1
"D80B6E7C57B6FF53BA4737C9ED1426810C09E62C","NVStreamline/production/sl.dlss_g.dll",422376,422376,156512,1
"D80B6E7C57B6FF53BA4737C9ED1426810C09E62C","NVStreamline/production/sl.interposer.dll",484840,484840,181423,1
"D80B6E7C57B6FF53BA4737C9ED1426810C09E62C","NVStreamline/production/sl.pcl.dll",165864,165864,63921,1
"D80B6E7C57B6FF53BA4737C9ED1426810C09E62C","NVStreamline/production/sl.reflex.dll",173032,173032,66217,1
"D80B6E7C57B6FF53BA4737C9ED1426810C09E62C","ShaderDataDX12.bin",54618606,54618606,10927186,3
"D80B6E7C57B6FF53BA4737C9ED1426810C09E62C","DataPC.forge",145363926,145363926,141786249,3
"D80B6E7C57B6FF53BA4737C9ED1426810C09E62C","DataPC_asset.forge",17939686229,759817045,2527363163,3
"D80B6E7C57B6FF53BA4737C9ED1426810C09E62C","DataPC_asset_patch_01.forge",254690595,254690595,215347553,3
"D80B6E7C57B6FF53BA4737C9ED1426810C09E62C","DataPC_asset_patch_02.forge",27843227,27843227,18704986,3
"D80B6E7C57B6FF53BA4737C9ED1426810C09E62C","DataPC_asset_patch_03.forge",245332,245332,108614,3
"D80B6E7C57B6FF53BA4737C9ED1426810C09E62C","DataPC_asset_patch_04.forge",24437920,24437920,16180867,3
"D80B6E7C57B6FF53BA4737C9ED1426810C09E62C","DataPC_asset_patch_05.forge",160137,160137,101437,3
"D80B6E7C57B6FF53BA4737C9ED1426810C09E62C","DataPC_asset_patch_06.forge",2851947867,2851947867,2443921211,3
"D80B6E7C57B6FF53BA4737C9ED1426810C09E62C","DataPC_asset_patch_07.forge",112237987,112237987,87964981,3
"D80B6E7C57B6FF53BA4737C9ED1426810C09E62C","DataPC_asset_patch_08.forge",53305389,53305389,40051835,3
"D80B6E7C57B6FF53BA4737C9ED1426810C09E62C","DataPC_asset_patch_09.forge",3324310194,3324310194,2844224017,3
"D80B6E7C57B6FF53BA4737C9ED1426810C09E62C","DataPC_asset_patch_10.forge",3034005,3034005,2839847,3
"D80B6E7C57B6FF53BA4737C9ED1426810C09E62C","DataPC_asset_patch_11.forge",100058981,100058981,78507170,3
"D80B6E7C57B6FF53BA4737C9ED1426810C09E62C","DataPC_asset_patch_12.forge",116109,116109,71553,3
"D80B6E7C57B6FF53BA4737C9ED1426810C09E62C","DataPC_asset_patch_13.forge",36192829,36192829,23949080,3
"D80B6E7C57B6FF53BA4737C9ED1426810C09E62C","DataPC_asset_patch_14.forge",2426971414,2426971414,2095812246,3
"D80B6E7C57B6FF53BA4737C9ED1426810C09E62C","DataPC_asset_patch_15.forge",128873266,128873266,105490825,3
"D80B6E7C57B6FF53BA4737C9ED1426810C09E62C","DataPC_asset_patch_16.forge",115271,115271,69421,3
"D80B6E7C57B6FF53BA4737C9ED1426810C09E62C","DataPC_asset_patch_17.forge",108719004,108719004,83624954,3
"D80B6E7C57B6FF53BA4737C9ED1426810C09E62C","DataPC_asset_patch_18.forge",117272,117272,71068,3
"D80B6E7C57B6FF53BA4737C9ED1426810C09E62C","DataPC_asset_patch_19.forge",118089,118089,72745,3
"D80B6E7C57B6FF53BA4737C9ED1426810C09E62C","DataPC_asset_patch_20.forge",31786165,31786165,20333064,3
"D80B6E7C57B6FF53BA4737C9ED1426810C09E62C","DataPC_asset_patch_21.forge",86415341,86415341,67393378,3
"D80B6E7C57B6FF53BA4737C9ED1426810C09E62C","DataPC_asset_patch_22.forge",36907710,36907710,24678964,3
"D80B6E7C57B6FF53BA4737C9ED1426810C09E62C","DataPC_asset_patch_23.forge",2861441618,2861441618,2440264114,3
"D80B6E7C57B6FF53BA4737C9ED1426810C09E62C","DataPC_asset_patch_24.forge",42176941,42176941,29486391,3
"D80B6E7C57B6FF53BA4737C9ED1426810C09E62C","DataPC_asset_patch_25.forge",122528,122528,74979,3
"D80B6E7C57B6FF53BA4737C9ED1426810C09E62C","DataPC_asset_patch_26.forge",154939,154939,99909,3
"D80B6E7C57B6FF53BA4737C9ED1426810C09E62C","DataPC_asset_patch_27.forge",5869003,5869003,3928190,3
"D80B6E7C57B6FF53BA4737C9ED1426810C09E62C","DataPC_asset_patch_28.forge",2924185753,2924185753,2441540108,3
"D80B6E7C57B6FF53BA4737C9ED1426810C09E62C","DataPC_asset_patch_29.forge",122097,122097,75026,3
"D80B6E7C57B6FF53BA4737C9ED1426810C09E62C","DataPC_asset_patch_30.forge",35566335,35566335,23483104,3
"D80B6E7C57B6FF53BA4737C9ED1426810C09E62C","DataPC_asset_patch_31.forge",133311,133311,84022,3
"D80B6E7C57B6FF53BA4737C9ED1426810C09E62C","DataPC_asset_patch_32.forge",36228034,36228034,23937171,3
"D80B6E7C57B6FF53BA4737C9ED1426810C09E62C","DataPC_asset_patch_33.forge",3445222589,3445222589,2863273996,3
"D80B6E7C57B6FF53BA4737C9ED1426810C09E62C","DataPC_asset_patch_34.forge",34110654,34110654,21888867,3
"D80B6E7C57B6FF53BA4737C9ED1426810C09E62C","DataPC_asset_patch_35.forge",130002,130002,80838,3
"D80B6E7C57B6FF53BA4737C9ED1426810C09E62C","DataPC_asset_patch_36.forge",34103964,34103964,21865655,3
"D80B6E7C57B6FF53BA4737C9ED1426810C09E62C","DataPC_asset_patch_37.forge",121218,121218,74805,3
"D80B6E7C57B6FF53BA4737C9ED1426810C09E62C","DataPC_asset_patch_38.forge",116179,116179,70840,3
"D80B6E7C57B6FF53BA4737C9ED1426810C09E62C","DataPC_asset_patch_39.forge",144116573,144116573,108438164,3
"D80B6E7C57B6FF53BA4737C9ED1426810C09E62C","DataPC_asset_patch_40.forge",34175827,34175827,21970528,3
"D80B6E7C57B6FF53BA4737C9ED1426810C09E62C","DataPC_asset_patch_41.forge",34195577,34195577,21937141,3
"D80B6E7C57B6FF53BA4737C9ED1426810C09E62C","DataPC_asset_patch_42.forge",118855,118855,72808,3
"D80B6E7C57B6FF53BA4737C9ED1426810C09E62C","DataPC_asset_patch_43.forge",3256963383,3256963383,2798258344,3
"D80B6E7C57B6FF53BA4737C9ED1426810C09E62C","DataPC_asset_patch_44.forge",49845036,49845036,35838303,3
"D80B6E7C57B6FF53BA4737C9ED1426810C09E62C","DataPC_asset_patch_45.forge",119291,119291,72295,3
"D80B6E7C57B6FF53BA4737C9ED1426810C09E62C","DataPC_asset_patch_46.forge",3708915,3708915,2611974,3
"D80B6E7C57B6FF53BA4737C9ED1426810C09E62C","DataPC_asset_patch_47.forge",88731,88731,54282,3
"D80B6E7C57B6FF53BA4737C9ED1426810C09E62C","DataPC_asset_patch_48.forge",504023024,504023024,421618894,3
"D80B6E7C57B6FF53BA4737C9ED1426810C09E62C","DataPC_asset_patch_49.forge",116204,116204,70638,3
"D80B6E7C57B6FF53BA4737C9ED1426810C09E62C","DataPC_asset_patch_50.forge",121456,121456,74961,3
"D80B6E7C57B6FF53BA4737C9ED1426810C09E62C","DataPC_asset_patch_51.forge",116852,116852,71669,3
"D80B6E7C57B6FF53BA4737C9ED1426810C09E62C","DataPC_asset_patch_52.forge",38437032,38437032,25503562,3
"D80B6E7C57B6FF53BA4737C9ED1426810C09E62C","DataPC_asset_patch_53.forge",1744563683,1744563683,1499935192,3
"D80B6E7C57B6FF53BA4737C9ED1426810C09E62C","DataPC_asset_patch_54.forge",36489846,36489846,23709177,3
"D80B6E7C57B6FF53BA4737C9ED1426810C09E62C","DataPC_asset_patch_55.forge",38074155,38074155,25207064,3
"D80B6E7C57B6FF53BA4737C9ED1426810C09E62C","DataPC_asset_patch_56.forge",36118926,36118926,23408911,3
"D80B6E7C57B6FF53BA4737C9ED1426810C09E62C","DataPC_asset_patch_57.forge",120918,120918,74699,3
"D80B6E7C57B6FF53BA4737C9ED1426810C09E62C","DataPC_asset_patch_58.forge",115605,115605,69919,3
"D80B6E7C57B6FF53BA4737C9ED1426810C09E62C","DataPC_DX12.forge",841466,841466,805759,3
"D80B6E7C57B6FF53BA4737C9ED1426810C09E62C","DataPC_DX12_asset.forge",83449469,83449469,45794143,3
"D80B6E7C57B6FF53BA4737C9ED1426810C09E62C","DataPC_DX12_asset_patch_01.forge",8311954,8311954,4514576,3
"D80B6E7C57B6FF53BA4737C9ED1426810C09E62C","DataPC_DX12_asset_patch_02.forge",1000952,1000952,486088,3
"D80B6E7C57B6FF53BA4737C9ED1426810C09E62C","DataPC_DX12_asset_patch_03.forge",22474281,22474281,12883043,3
"D80B6E7C57B6FF53BA4737C9ED1426810C09E62C","DataPC_DX12_asset_patch_04.forge",83443192,83443192,45856680,3
"D80B6E7C57B6FF53BA4737C9ED1426810C09E62C","DataPC_DX12_asset_patch_05.forge",88121779,88121779,48146776,3
"D80B6E7C57B6FF53BA4737C9ED1426810C09E62C","DataPC_DX12_asset_patch_06.forge",1655420,1655420,779953,3
"D80B6E7C57B6FF53BA4737C9ED1426810C09E62C","DataPC_DX12_asset_patch_07.forge",785178,785178,426232,3
"D80B6E7C57B6FF53BA4737C9ED1426810C09E62C","DataPC_DX12_asset_patch_08.forge",6585991,6585991,3753822,3
"D80B6E7C57B6FF53BA4737C9ED1426810C09E62C","DataPC_DX12_asset_patch_09.forge",24536500,24536500,13500376,3
"D80B6E7C57B6FF53BA4737C9ED1426810C09E62C","DataPC_DX12_asset_patch_10.forge",525191,525191,267983,3
"D80B6E7C57B6FF53BA4737C9ED1426810C09E62C","DataPC_DX12_asset_patch_11.forge",8019103,8019103,4281340,3
"D80B6E7C57B6FF53BA4737C9ED1426810C09E62C","DataPC_DX12_asset_patch_12.forge",21523512,21523512,11646081,3
"D80B6E7C57B6FF53BA4737C9ED1426810C09E62C","DataPC_DX12_asset_patch_13.forge",12322792,12322792,6780836,3
"D80B6E7C57B6FF53BA4737C9ED1426810C09E62C","DataPC_DX12_asset_patch_14.forge",4661515,4661515,2564723,3
"D80B6E7C57B6FF53BA4737C9ED1426810C09E62C","DataPC_extra.forge",32975726,32975726,32127379,3
"D80B6E7C57B6FF53BA4737C9ED1426810C09E62C","DataPC_extra_DX12.forge",595954,595954,565909,3
"D80B6E7C57B6FF53BA4737C9ED1426810C09E62C","DataPC_Libertalia.forge",23359,23359,6471,3
"D80B6E7C57B6FF53BA4737C9ED1426810C09E62C","DataPC_Libertalia_DX12.forge",553097,553097,523787,3
"D80B6E7C57B6FF53BA4737C9ED1426810C09E62C","DataPC_Libertalia_gi.forge",17247,17247,365,3
"D80B6E7C57B6FF53BA4737C9ED1426810C09E62C","DataPC_LTY_EpicIntro.forge",115584235,115584235,110938860,3
"D80B6E7C57B6FF53BA4737C9ED1426810C09E62C","DataPC_LTY_EpicIntro_DX12.forge",684932,684932,652598,3
"D80B6E7C57B6FF53BA4737C9ED1426810C09E62C","DataPC_LTY_EpicIntro_gi.forge",17250,17250,372,3
"D80B6E7C57B6FF53BA4737C9ED1426810C09E62C","DataPC_LTY_Store.forge",98204482,98204482,95689576,3
"D80B6E7C57B6FF53BA4737C9ED1426810C09E62C","DataPC_LTY_Store_DX12.forge",597734,597734,567085,3
"D80B6E7C57B6FF53BA4737C9ED1426810C09E62C","DataPC_LTY_Store_gi.forge",17248,17248,370,3
"D80B6E7C57B6FF53BA4737C9ED1426810C09E62C","DataPC_LTY_Domination_001.forge",110707074,110707074,107985936,3
"D80B6E7C57B6FF53BA4737C9ED1426810C09E62C","DataPC_LTY_Domination_001_DX12.forge",699378,699378,667594,3
"D80B6E7C57B6FF53BA4737C9ED1426810C09E62C","DataPC_LTY_Domination_001_gi.forge",226641,226641,201609,3
"D80B6E7C57B6FF53BA4737C9ED1426810C09E62C","DataPC_LTY_Domination_002.forge",106432845,106432845,103764948,3
"D80B6E7C57B6FF53BA4737C9ED1426810C09E62C","DataPC_LTY_Domination_002_DX12.forge",695239,695239,663032,3
"D80B6E7C57B6FF53BA4737C9ED1426810C09E62C","DataPC_LTY_Domination_002_gi.forge",106690,106690,86534,3
"D80B6E7C57B6FF53BA4737C9ED1426810C09E62C","DataPC_LTY_Domination_003.forge",111172137,111172137,108309921,3
"D80B6E7C57B6FF53BA4737C9ED1426810C09E62C","DataPC_LTY_Domination_003_DX12.forge",694546,694546,662296,3
"D80B6E7C57B6FF53BA4737C9ED1426810C09E62C","DataPC_LTY_Domination_003_gi.forge",231253,231253,205124,3
"D80B6E7C57B6FF53BA4737C9ED1426810C09E62C","DataPC_LTY_Domination_004.forge",105140165,105140165,102455555,3
"D80B6E7C57B6FF53BA4737C9ED1426810C09E62C","DataPC_LTY_Domination_004_DX12.forge",691333,691333,658054,3
"D80B6E7C57B6FF53BA4737C9ED1426810C09E62C","DataPC_LTY_Domination_004_gi.forge",17253,17253,371,3
"D80B6E7C57B6FF53BA4737C9ED1426810C09E62C","DataPC_LTY_Domination_005.forge",108821626,108821626,106131975,3
"D80B6E7C57B6FF53BA4737C9ED1426810C09E62C","DataPC_LTY_Domination_005_DX12.forge",699378,699378,667594,3
"D80B6E7C57B6FF53BA4737C9ED1426810C09E62C","DataPC_LTY_Domination_005_gi.forge",28399,28399,10909,3
"D80B6E7C57B6FF53BA4737C9ED1426810C09E62C","DataPC_LTY_Domination_006.forge",109731802,109731802,107047385,3
"D80B6E7C57B6FF53BA4737C9ED1426810C09E62C","DataPC_LTY_Domination_006_DX12.forge",688301,688301,656053,3
"D80B6E7C57B6FF53BA4737C9ED1426810C09E62C","DataPC_LTY_Domination_006_gi.forge",218000,218000,193251,3
"D80B6E7C57B6FF53BA4737C9ED1426810C09E62C","sounddata\PC\sounds_sfx_preinit.pck",74340,74340,16152,4
"D80B6E7C57B6FF53BA4737C9ED1426810C09E62C","sounddata\PC\sounds_sfx_hunt.pck",1580137,1580137,1240721,4
"D80B6E7C57B6FF53BA4737C9ED1426810C09E62C","sounddata\PC\sounds_eng_hunt.pck",14878577,14878577,13693034,4
"D80B6E7C57B6FF53BA4737C9ED1426810C09E62C","sounddata\PC\sounds_enc_hunt.pck",14877057,14877057,13697359,4
"D80B6E7C57B6FF53BA4737C9ED1426810C09E62C","sounddata\PC\sounds_fre_hunt.pck",14879351,14879351,13712332,4
"D80B6E7C57B6FF53BA4737C9ED1426810C09E62C","sounddata\PC\sounds_ger_hunt.pck",14874333,14874333,13690000,4
"D80B6E7C57B6FF53BA4737C9ED1426810C09E62C","sounddata\PC\sounds_spa_hunt.pck",14875009,14875009,13671444,4
"D80B6E7C57B6FF53BA4737C9ED1426810C09E62C","sounddata\PC\sounds_bra_hunt.pck",14874569,14874569,13693616,4
"D80B6E7C57B6FF53BA4737C9ED1426810C09E62C","sounddata\PC\sounds_jap_hunt.pck",14883201,14883201,13701537,4
"D80B6E7C57B6FF53BA4737C9ED1426810C09E62C","sounddata\PC\sounds_sfx_atolls.pck",708945783,708945783,667091702,4
"D80B6E7C57B6FF53BA4737C9ED1426810C09E62C","videos\CB_EPICINTRO_VERSION_09.webm",26725036,26725036,26210855,5
"D80B6E7C57B6FF53BA4737C9ED1426810C09E62C","videos\CB_EPICINTRO_VERSION_09_1440p.webm",26649705,26649705,26631979,5
"D80B6E7C57B6FF53BA4737C9ED1426810C09E62C","videos\EpicIntro_Outro.webm",42487770,42487770,42457669,5
"D80B6E7C57B6FF53BA4737C9ED1426810C09E62C","videos\EpicIntro_Outro_1440p.webm",42316892,42316892,42308972,5
"D80B6E7C57B6FF53BA4737C9ED1426810C09E62C","videos\StorySoFar.webm",76004464,76004464,75949145,5
"D80B6E7C57B6FF53BA4737C9ED1426810C09E62C","videos\StorySoFar_1440p.webm",76026287,76026287,76012245,5
"D80B6E7C57B6FF53BA4737C9ED1426810C09E62C","videos\UI_Bootstrap_AnvilLogo.webm",2608637,2608637,2601905,5
"D80B6E7C57B6FF53BA4737C9ED1426810C09E62C","videos\UI_Bootstrap_AnvilLogo_1440p.webm",2560678,2560678,2559307,5
"D80B6E7C57B6FF53BA4737C9ED1426810C09E62C","videos\UI_Bootstrap_Ubisoftlogo.webm",3635424,3635424,3628275,5
"D80B6E7C57B6FF53BA4737C9ED1426810C09E62C","videos\UI_Bootstrap_Ubisoftlogo_1440p.webm",3601158,3601158,3598998,5
"D80B6E7C57B6FF53BA4737C9ED1426810C09E62C","videos\UI_DynamicVideoPlaceholder.webm",21132030,21132030,21132645,5
"D80B6E7C57B6FF53BA4737C9ED1426810C09E62C","videos\UI_FreeUser_SealAnimation.webm",5742946,5742946,5741963,5
"D80B6E7C57B6FF53BA4737C9ED1426810C09E62C","videos\UI_Lapeste_background_video_1.webm",5187468,5187468,5187621,5
"D80B6E7C57B6FF53BA4737C9ED1426810C09E62C","videos\UI_Loadinganimation.webm",8011753,8011753,8010942,5
"D80B6E7C57B6FF53BA4737C9ED1426810C09E62C","videos\UI_MainMenu_Background.webm",46994998,46994998,46996348,5
"D80B6E7C57B6FF53BA4737C9ED1426810C09E62C","videos\UI_MainMenu_Background_Seasonal.webm",5619571,5619571,5619733,5
"D80B6E7C57B6FF53BA4737C9ED1426810C09E62C","videos\UI_MainMenu_Background_Seasonal_1440p.webm",5599564,5599564,5599726,5
"D80B6E7C57B6FF53BA4737C9ED1426810C09E62C","videos\UI_PremiumUser_SealAnimation.webm",1924613,1924613,1923440,5
"D80B6E7C57B6FF53BA4737C9ED1426810C09E62C","videos\UI_PressStart.webm",8404722,8404722,8404972,5
"D80B6E7C57B6FF53BA4737C9ED1426810C09E62C","videos\UI_SmugglerPass_Celebration.webm",4758452,4758452,4741711,5
"D80B6E7C57B6FF53BA4737C9ED1426810C09E62C","videos\UI_Store_Congratulation.webm",2310690,2310690,2303777,5
"D80B6E7C57B6FF53BA4737C9ED1426810C09E62C","videos\Y1S1_SeasonalTrailer.webm",38116929,38116929,38112297,5
"D80B6E7C57B6FF53BA4737C9ED1426810C09E62C","videos\Y1S1_SeasonalTrailer_1440p.webm",37674926,37674926,37674988,5
"D80B6E7C57B6FF53BA4737C9ED1426810C09E62C","videos\Y1S2_SeasonalTrailer.webm",43957857,43957857,43955706,5
"D80B6E7C57B6FF53BA4737C9ED1426810C09E62C","videos\Y1S2_SeasonalTrailer_1440p.webm",42531405,42531405,42525681,5
"D80B6E7C57B6FF53BA4737C9ED1426810C09E62C","videos\Y1S3_SeasonalTrailer.webm",42217262,42217262,42216348,5
"D80B6E7C57B6FF53BA4737C9ED1426810C09E62C","videos\Y1S3_SeasonalTrailer_1440p.webm",43119977,43119977,43121213,5
"D80B6E7C57B6FF53BA4737C9ED1426810C09E62C","videos\Y1S4_SeasonalTrailer.webm",43529979,43529979,43519017,5
"D80B6E7C57B6FF53BA4737C9ED1426810C09E62C","videos\Y1S4_SeasonalTrailer_1440p.webm",43695092,43695092,43687749,5
"D80B6E7C57B6FF53BA4737C9ED1426810C09E62C","videos\UI_DynamicVideoPlaceholder.png",2706470,2706470,2706554,5
"D80B6E7C57B6FF53BA4737C9ED1426810C09E62C","videos\UI_FreeUser_SealAnimation.png",1720151,1720151,1707582,5
"D80B6E7C57B6FF53BA4737C9ED1426810C09E62C","videos\UI_Lapeste_background_video_1.png",1223133,1223133,1223172,5
"D80B6E7C57B6FF53BA4737C9ED1426810C09E62C","videos\UI_MainMenu_Background.png",8629892,8629892,8629101,5
"D80B6E7C57B6FF53BA4737C9ED1426810C09E62C","videos\UI_PremiumUser_SealAnimation.png",1217488,1217488,1202933,5
"D80B6E7C57B6FF53BA4737C9ED1426810C09E62C","videos\UI_PressStart.png",10030275,10030275,10030563,5
"D80B6E7C57B6FF53BA4737C9ED1426810C09E62C","videos\UI_SmugglerPass_Celebration.png",1835701,1835701,1835755,5
"D80B6E7C57B6FF53BA4737C9ED1426810C09E62C","videos\UI_Store_Congratulation.png",496526,496526,485571,5
"D80B6E7C57B6FF53BA4737C9ED1426810C09E62C","sounddata\PC\sounds_eng_atolls.pck",194747294,194747294,167007483,6
"D80B6E7C57B6FF53BA4737C9ED1426810C09E62C","sounddata\PC\sounds_enc_atolls.pck",194746609,194746609,167311809,6
"D80B6E7C57B6FF53BA4737C9ED1426810C09E62C","sounddata\PC\sounds_fre_atolls.pck",203632898,203632898,176912045,7
"D80B6E7C57B6FF53BA4737C9ED1426810C09E62C","sounddata\PC\sounds_ger_atolls.pck",192843897,192843897,165972222,8
"D80B6E7C57B6FF53BA4737C9ED1426810C09E62C","sounddata\PC\sounds_spa_atolls.pck",197518938,197518938,170654697,9
"D80B6E7C57B6FF53BA4737C9ED1426810C09E62C","sounddata\PC\sounds_bra_atolls.pck",199521992,199521992,173164973,10
"D80B6E7C57B6FF53BA4737C9ED1426810C09E62C","sounddata\PC\sounds_jap_atolls.pck",194152998,194152998,167384941,11
"D80B6E7C57B6FF53BA4737C9ED1426810C09E62C","DataPC_LTY_IndianOcean.forge",430308086,430308086,420127801,99
"D80B6E7C57B6FF53BA4737C9ED1426810C09E62C","DataPC_LTY_IndianOcean_DX12.forge",738550,738550,705815,99
"D80B6E7C57B6FF53BA4737C9ED1426810C09E62C","DataPC_LTY_IndianOcean_gi.forge",4664204,4664204,4419963,99
"D80B6E7C57B6FF53BA4737C9ED1426810C09E62C","DataPC_worlds_asset.forge",22138556505,663720025,1698033292,99
"D80B6E7C57B6FF53BA4737C9ED1426810C09E62C","DataPC_worlds_asset_patch_01.forge",5458724,5458724,4406067,99
"D80B6E7C57B6FF53BA4737C9ED1426810C09E62C","DataPC_worlds_asset_patch_02.forge",1654265,1654265,1407501,99
"D80B6E7C57B6FF53BA4737C9ED1426810C09E62C","DataPC_worlds_asset_patch_03.forge",1478500,1478500,1267264,99
"D80B6E7C57B6FF53BA4737C9ED1426810C09E62C","DataPC_worlds_asset_patch_04.forge",1478498,1478498,1263935,99
"D80B6E7C57B6FF53BA4737C9ED1426810C09E62C","DataPC_worlds_asset_patch_05.forge",1479534,1479534,1255421,99
"D80B6E7C57B6FF53BA4737C9ED1426810C09E62C","DataPC_worlds_asset_patch_06.forge",46700193,46700193,41596400,99
"D80B6E7C57B6FF53BA4737C9ED1426810C09E62C","DataPC_worlds_asset_patch_07.forge",1481645,1481645,1259389,99
"D80B6E7C57B6FF53BA4737C9ED1426810C09E62C","DataPC_worlds_asset_patch_08.forge",1478514,1478514,1251361,99
"D80B6E7C57B6FF53BA4737C9ED1426810C09E62C","DataPC_worlds_asset_patch_09.forge",217050576,217050576,189599618,99
"D80B6E7C57B6FF53BA4737C9ED1426810C09E62C","DataPC_worlds_asset_patch_10.forge",1487853,1487853,1271833,99
"D80B6E7C57B6FF53BA4737C9ED1426810C09E62C","DataPC_worlds_asset_patch_11.forge",2105264,2105264,1779387,99
"D80B6E7C57B6FF53BA4737C9ED1426810C09E62C","DataPC_worlds_asset_patch_12.forge",1488366,1488366,1274254,99
"D80B6E7C57B6FF53BA4737C9ED1426810C09E62C","DataPC_worlds_asset_patch_13.forge",1488728,1488728,1270715,99
"D80B6E7C57B6FF53BA4737C9ED1426810C09E62C","DataPC_worlds_asset_patch_14.forge",25556752,25556752,22044705,99
"D80B6E7C57B6FF53BA4737C9ED1426810C09E62C","DataPC_worlds_asset_patch_15.forge",1489657,1489657,1274016,99
"D80B6E7C57B6FF53BA4737C9ED1426810C09E62C","DataPC_worlds_asset_patch_16.forge",1489479,1489479,1275389,99
"D80B6E7C57B6FF53BA4737C9ED1426810C09E62C","DataPC_worlds_asset_patch_17.forge",1496267,1496267,1280054,99
"D80B6E7C57B6FF53BA4737C9ED1426810C09E62C","DataPC_worlds_asset_patch_18.forge",1489481,1489481,1276829,99
"D80B6E7C57B6FF53BA4737C9ED1426810C09E62C","DataPC_worlds_asset_patch_19.forge",1489474,1489474,1275225,99
"D80B6E7C57B6FF53BA4737C9ED1426810C09E62C","DataPC_worlds_asset_patch_20.forge",1489466,1489466,1278122,99
"D80B6E7C57B6FF53BA4737C9ED1426810C09E62C","DataPC_worlds_asset_patch_21.forge",1739017,1739017,1482681,99
"D80B6E7C57B6FF53BA4737C9ED1426810C09E62C","DataPC_worlds_asset_patch_22.forge",1535373,1535373,1317593,99
"D80B6E7C57B6FF53BA4737C9ED1426810C09E62C","DataPC_worlds_asset_patch_23.forge",361047237,361047237,302669733,99
"D80B6E7C57B6FF53BA4737C9ED1426810C09E62C","DataPC_worlds_asset_patch_24.forge",1488975,1488975,1270216,99
"D80B6E7C57B6FF53BA4737C9ED1426810C09E62C","DataPC_worlds_asset_patch_25.forge",1488978,1488978,1270548,99
"D80B6E7C57B6FF53BA4737C9ED1426810C09E62C","DataPC_worlds_asset_patch_26.forge",1489470,1489470,1273106,99
"D80B6E7C57B6FF53BA4737C9ED1426810C09E62C","DataPC_worlds_asset_patch_27.forge",1489501,1489501,1275529,99
"D80B6E7C57B6FF53BA4737C9ED1426810C09E62C","DataPC_worlds_asset_patch_28.forge",1812898,1812898,1547044,99
"D80B6E7C57B6FF53BA4737C9ED1426810C09E62C","DataPC_worlds_asset_patch_29.forge",1489476,1489476,1267400,99
"D80B6E7C57B6FF53BA4737C9ED1426810C09E62C","DataPC_worlds_asset_patch_30.forge",1489974,1489974,1269156,99
"D80B6E7C57B6FF53BA4737C9ED1426810C09E62C","DataPC_worlds_asset_patch_31.forge",1489487,1489487,1253053,99
"D80B6E7C57B6FF53BA4737C9ED1426810C09E62C","DataPC_worlds_asset_patch_32.forge",1489998,1489998,1278772,99
"D80B6E7C57B6FF53BA4737C9ED1426810C09E62C","DataPC_worlds_asset_patch_33.forge",137194683,137194683,121684255,99
"D80B6E7C57B6FF53BA4737C9ED1426810C09E62C","DataPC_worlds_asset_patch_34.forge",1965926,1965926,1687881,99
"D80B6E7C57B6FF53BA4737C9ED1426810C09E62C","DataPC_worlds_asset_patch_35.forge",1489758,1489758,1271118,99
"D80B6E7C57B6FF53BA4737C9ED1426810C09E62C","DataPC_worlds_asset_patch_36.forge",1488971,1488971,1273660,99
"D80B6E7C57B6FF53BA4737C9ED1426810C09E62C","DataPC_worlds_asset_patch_37.forge",1489483,1489483,1266814,99
"D80B6E7C57B6FF53BA4737C9ED1426810C09E62C","DataPC_worlds_asset_patch_38.forge",1489482,1489482,1277008,99
"D80B6E7C57B6FF53BA4737C9ED1426810C09E62C","DataPC_worlds_asset_patch_39.forge",1785792,1785792,1522477,99
"D80B6E7C57B6FF53BA4737C9ED1426810C09E62C","DataPC_worlds_asset_patch_40.forge",1489476,1489476,1278497,99
"D80B6E7C57B6FF53BA4737C9ED1426810C09E62C","DataPC_worlds_asset_patch_41.forge",1489486,1489486,1273878,99
"D80B6E7C57B6FF53BA4737C9ED1426810C09E62C","DataPC_worlds_asset_patch_42.forge",1489982,1489982,1272308,99
"D80B6E7C57B6FF53BA4737C9ED1426810C09E62C","DataPC_worlds_asset_patch_43.forge",318214258,318214258,276291470,99
"D80B6E7C57B6FF53BA4737C9ED1426810C09E62C","DataPC_worlds_asset_patch_44.forge",1493558,1493558,1275003,99
"D80B6E7C57B6FF53BA4737C9ED1426810C09E62C","DataPC_worlds_asset_patch_45.forge",1490873,1490873,1270481,99
"D80B6E7C57B6FF53BA4737C9ED1426810C09E62C","DataPC_worlds_asset_patch_46.forge",1490873,1490873,1279053,99
"D80B6E7C57B6FF53BA4737C9ED1426810C09E62C","DataPC_worlds_asset_patch_47.forge",1495309,1495309,1270334,99
"D80B6E7C57B6FF53BA4737C9ED1426810C09E62C","DataPC_worlds_asset_patch_48.forge",1508641,1508641,1283030,99
"D80B6E7C57B6FF53BA4737C9ED1426810C09E62C","DataPC_worlds_asset_patch_49.forge",1491389,1491389,1274057,99
"D80B6E7C57B6FF53BA4737C9ED1426810C09E62C","DataPC_worlds_asset_patch_50.forge",1490867,1490867,1273102,99
"D80B6E7C57B6FF53BA4737C9ED1426810C09E62C","DataPC_worlds_asset_patch_51.forge",1490856,1490856,1275958,99
"D80B6E7C57B6FF53BA4737C9ED1426810C09E62C","DataPC_worlds_asset_patch_52.forge",1491371,1491371,1277139,99
"D80B6E7C57B6FF53BA4737C9ED1426810C09E62C","DataPC_worlds_asset_patch_53.forge",24888170,24888170,22396930,99
"D80B6E7C57B6FF53BA4737C9ED1426810C09E62C","DataPC_worlds_asset_patch_54.forge",11280709,11280709,9663772,99
"D80B6E7C57B6FF53BA4737C9ED1426810C09E62C","DataPC_worlds_asset_patch_55.forge",11477428,11477428,9807299,99
"D80B6E7C57B6FF53BA4737C9ED1426810C09E62C","DataPC_worlds_asset_patch_56.forge",11238835,11238835,9649383,99
"D80B6E7C57B6FF53BA4737C9ED1426810C09E62C","DataPC_worlds_asset_patch_57.forge",11235980,11235980,9646396,99
"D80B6E7C57B6FF53BA4737C9ED1426810C09E62C","DataPC_worlds_asset_patch_58.forge",11233393,11233393,9613558,99
"D80B6E7C57B6FF53BA4737C9ED1426810C09E62C","videos\noninitialchunk\PlayGo_Outro.webm",43555288,43555288,43551773,99
"D80B6E7C57B6FF53BA4737C9ED1426810C09E62C","videos\noninitialchunk\PlayGo_Outro_1440p.webm",43559684,43559684,43559177,99
"D80B6E7C57B6FF53BA4737C9ED1426810C09E62C","sounddata\PC\sounds_sfx.pck",2030819248,2030819248,1912693600,98
"D80B6E7C57B6FF53BA4737C9ED1426810C09E62C","sounddata\PC\sounds_eng.pck",1287033701,1287033701,1141418353,97
"D80B6E7C57B6FF53BA4737C9ED1426810C09E62C","sounddata\PC\sounds_enc.pck",1287092421,1287092421,1139900702,97
"D80B6E7C57B6FF53BA4737C9ED1426810C09E62C","sounddata\PC\sounds_fre.pck",1306057987,1306057987,1160397265,96
"D80B6E7C57B6FF53BA4737C9ED1426810C09E62C","sounddata\PC\sounds_ger.pck",1281756529,1281756529,1134751738,95
"D80B6E7C57B6FF53BA4737C9ED1426810C09E62C","sounddata\PC\sounds_spa.pck",1304668863,1304668863,1160225305,94
"D80B6E7C57B6FF53BA4737C9ED1426810C09E62C","sounddata\PC\sounds_bra.pck",1316779267,1316779267,1175822448,93
"D80B6E7C57B6FF53BA4737C9ED1426810C09E62C","sounddata\PC\sounds_jap.pck",1300012890,1300012890,1154325736,92
