"2855","5F1DDD26084869096C198F090D0B39B89A3FA25C","0000-00-00",289,38243223629,3883485261,1787372002,3
"5F1DDD26084869096C198F090D0B39B89A3FA25C","Support\Software\vcredist_x64.exe",15298360,15298360,14231189,1
"5F1DDD26084869096C198F090D0B39B89A3FA25C","Support\Software\Windows6.1-KB2670838-x64.msu",11840839,11840839,11834822,1
"5F1DDD26084869096C198F090D0B39B89A3FA25C","Support\Software\UplayInstaller.exe",99454192,99454192,99071107,1
"5F1DDD26084869096C198F090D0B39B89A3FA25C","Support\Software\DirectX\Apr2005_d3dx9_25_x64.cab",1347354,1347354,1344743,1
"5F1DDD26084869096C198F090D0B39B89A3FA25C","Support\Software\DirectX\Apr2005_d3dx9_25_x86.cab",1078962,1078962,1073855,1
"5F1DDD26084869096C198F090D0B39B89A3FA25C","Support\Software\DirectX\Apr2006_d3dx9_30_x64.cab",1397830,1397830,1395153,1
"5F1DDD26084869096C198F090D0B39B89A3FA25C","Support\Software\DirectX\Apr2006_d3dx9_30_x86.cab",1115221,1115221,1110388,1
"5F1DDD26084869096C198F090D0B39B89A3FA25C","Support\Software\DirectX\Apr2006_MDX1_x86.cab",916430,916430,909712,1
"5F1DDD26084869096C198F090D0B39B89A3FA25C","Support\Software\DirectX\Apr2006_MDX1_x86_Archive.cab",4162630,4162630,4153036,1
"5F1DDD26084869096C198F090D0B39B89A3FA25C","Support\Software\DirectX\Apr2006_XACT_x64.cab",179133,179133,177074,1
"5F1DDD26084869096C198F090D0B39B89A3FA25C","Support\Software\DirectX\Apr2006_XACT_x86.cab",133103,133103,130857,1
"5F1DDD26084869096C198F090D0B39B89A3FA25C","Support\Software\DirectX\Apr2006_xinput_x64.cab",87101,87101,84983,1
"5F1DDD26084869096C198F090D0B39B89A3FA25C","Support\Software\DirectX\Apr2006_xinput_x86.cab",46010,46010,43856,1
"5F1DDD26084869096C198F090D0B39B89A3FA25C","Support\Software\DirectX\APR2007_d3dx10_33_x64.cab",698612,698612,696489,1
"5F1DDD26084869096C198F090D0B39B89A3FA25C","Support\Software\DirectX\APR2007_d3dx10_33_x86.cab",695865,695865,693776,1
"5F1DDD26084869096C198F090D0B39B89A3FA25C","Support\Software\DirectX\APR2007_d3dx9_33_x64.cab",1607358,1607358,1604459,1
"5F1DDD26084869096C198F090D0B39B89A3FA25C","Support\Software\DirectX\APR2007_d3dx9_33_x86.cab",1606039,1606039,1600898,1
"5F1DDD26084869096C198F090D0B39B89A3FA25C","Support\Software\DirectX\APR2007_XACT_x64.cab",195766,195766,193696,1
"5F1DDD26084869096C198F090D0B39B89A3FA25C","Support\Software\DirectX\APR2007_XACT_x86.cab",151225,151225,149126,1
"5F1DDD26084869096C198F090D0B39B89A3FA25C","Support\Software\DirectX\APR2007_xinput_x64.cab",96817,96817,94650,1
"5F1DDD26084869096C198F090D0B39B89A3FA25C","Support\Software\DirectX\APR2007_xinput_x86.cab",53302,53302,51111,1
"5F1DDD26084869096C198F090D0B39B89A3FA25C","Support\Software\DirectX\Aug2005_d3dx9_27_x64.cab",1350542,1350542,1348487,1
"5F1DDD26084869096C198F090D0B39B89A3FA25C","Support\Software\DirectX\Aug2005_d3dx9_27_x86.cab",1077644,1077644,1072829,1
"5F1DDD26084869096C198F090D0B39B89A3FA25C","Support\Software\DirectX\AUG2006_XACT_x64.cab",182903,182903,180849,1
"5F1DDD26084869096C198F090D0B39B89A3FA25C","Support\Software\DirectX\AUG2006_XACT_x86.cab",137235,137235,135125,1
"5F1DDD26084869096C198F090D0B39B89A3FA25C","Support\Software\DirectX\AUG2006_xinput_x64.cab",87142,87142,85003,1
"5F1DDD26084869096C198F090D0B39B89A3FA25C","Support\Software\DirectX\AUG2006_xinput_x86.cab",46058,46058,43898,1
"5F1DDD26084869096C198F090D0B39B89A3FA25C","Support\Software\DirectX\AUG2007_d3dx10_35_x64.cab",852286,852286,850191,1
"5F1DDD26084869096C198F090D0B39B89A3FA25C","Support\Software\DirectX\AUG2007_d3dx10_35_x86.cab",796867,796867,794261,1
"5F1DDD26084869096C198F090D0B39B89A3FA25C","Support\Software\DirectX\AUG2007_d3dx9_35_x64.cab",1800160,1800160,1797966,1
"5F1DDD26084869096C198F090D0B39B89A3FA25C","Support\Software\DirectX\AUG2007_d3dx9_35_x86.cab",1708152,1708152,1703093,1
"5F1DDD26084869096C198F090D0B39B89A3FA25C","Support\Software\DirectX\AUG2007_XACT_x64.cab",198096,198096,196036,1
"5F1DDD26084869096C198F090D0B39B89A3FA25C","Support\Software\DirectX\AUG2007_XACT_x86.cab",153012,153012,150926,1
"5F1DDD26084869096C198F090D0B39B89A3FA25C","Support\Software\DirectX\Aug2008_d3dx10_39_x64.cab",867612,867612,864799,1
"5F1DDD26084869096C198F090D0B39B89A3FA25C","Support\Software\DirectX\Aug2008_d3dx10_39_x86.cab",849167,849167,846363,1
"5F1DDD26084869096C198F090D0B39B89A3FA25C","Support\Software\DirectX\Aug2008_d3dx9_39_x64.cab",1794084,1794084,1790641,1
"5F1DDD26084869096C198F090D0B39B89A3FA25C","Support\Software\DirectX\Aug2008_d3dx9_39_x86.cab",1464672,1464672,1462596,1
"5F1DDD26084869096C198F090D0B39B89A3FA25C","Support\Software\DirectX\Aug2008_XACT_x64.cab",121772,121772,119651,1
"5F1DDD26084869096C198F090D0B39B89A3FA25C","Support\Software\DirectX\Aug2008_XACT_x86.cab",92996,92996,90824,1
"5F1DDD26084869096C198F090D0B39B89A3FA25C","Support\Software\DirectX\Aug2008_XAudio_x64.cab",271412,271412,269314,1
"5F1DDD26084869096C198F090D0B39B89A3FA25C","Support\Software\DirectX\Aug2008_XAudio_x86.cab",271038,271038,268891,1
"5F1DDD26084869096C198F090D0B39B89A3FA25C","Support\Software\DirectX\Aug2009_D3DCompiler_42_x64.cab",919044,919044,911897,1
"5F1DDD26084869096C198F090D0B39B89A3FA25C","Support\Software\DirectX\Aug2009_D3DCompiler_42_x86.cab",900598,900598,895301,1
"5F1DDD26084869096C198F090D0B39B89A3FA25C","Support\Software\DirectX\Aug2009_d3dcsx_42_x64.cab",3112111,3112111,3109978,1
"5F1DDD26084869096C198F090D0B39B89A3FA25C","Support\Software\DirectX\Aug2009_d3dcsx_42_x86.cab",3319740,3319740,3315648,1
"5F1DDD26084869096C198F090D0B39B89A3FA25C","Support\Software\DirectX\Aug2009_d3dx10_42_x64.cab",232635,232635,230581,1
"5F1DDD26084869096C198F090D0B39B89A3FA25C","Support\Software\DirectX\Aug2009_d3dx10_42_x86.cab",192131,192131,190003,1
"5F1DDD26084869096C198F090D0B39B89A3FA25C","Support\Software\DirectX\Aug2009_d3dx11_42_x64.cab",136301,136301,134308,1
"5F1DDD26084869096C198F090D0B39B89A3FA25C","Support\Software\DirectX\Aug2009_d3dx11_42_x86.cab",105044,105044,102815,1
"5F1DDD26084869096C198F090D0B39B89A3FA25C","Support\Software\DirectX\Aug2009_d3dx9_42_x64.cab",930116,930116,927088,1
"5F1DDD26084869096C198F090D0B39B89A3FA25C","Support\Software\DirectX\Aug2009_d3dx9_42_x86.cab",728456,728456,725096,1
"5F1DDD26084869096C198F090D0B39B89A3FA25C","Support\Software\DirectX\Aug2009_XACT_x64.cab",122408,122408,120284,1
"5F1DDD26084869096C198F090D0B39B89A3FA25C","Support\Software\DirectX\Aug2009_XACT_x86.cab",93106,93106,90971,1
"5F1DDD26084869096C198F090D0B39B89A3FA25C","Support\Software\DirectX\Aug2009_XAudio_x64.cab",273264,273264,271171,1
"5F1DDD26084869096C198F090D0B39B89A3FA25C","Support\Software\DirectX\Aug2009_XAudio_x86.cab",272642,272642,270536,1
"5F1DDD26084869096C198F090D0B39B89A3FA25C","Support\Software\DirectX\Dec2005_d3dx9_28_x64.cab",1357976,1357976,1355322,1
"5F1DDD26084869096C198F090D0B39B89A3FA25C","Support\Software\DirectX\Dec2005_d3dx9_28_x86.cab",1079456,1079456,1074608,1
"5F1DDD26084869096C198F090D0B39B89A3FA25C","Support\Software\DirectX\DEC2006_d3dx10_00_x64.cab",212807,212807,210722,1
"5F1DDD26084869096C198F090D0B39B89A3FA25C","Support\Software\DirectX\DEC2006_d3dx10_00_x86.cab",191720,191720,189577,1
"5F1DDD26084869096C198F090D0B39B89A3FA25C","Support\Software\DirectX\DEC2006_d3dx9_32_x64.cab",1571154,1571154,1568399,1
"5F1DDD26084869096C198F090D0B39B89A3FA25C","Support\Software\DirectX\DEC2006_d3dx9_32_x86.cab",1574376,1574376,1569491,1
"5F1DDD26084869096C198F090D0B39B89A3FA25C","Support\Software\DirectX\DEC2006_XACT_x64.cab",192475,192475,190396,1
"5F1DDD26084869096C198F090D0B39B89A3FA25C","Support\Software\DirectX\DEC2006_XACT_x86.cab",145599,145599,143505,1
"5F1DDD26084869096C198F090D0B39B89A3FA25C","Support\Software\DirectX\DSETUP.dll",95576,95576,47074,1
"5F1DDD26084869096C198F090D0B39B89A3FA25C","Support\Software\DirectX\dsetup32.dll",1566040,1566040,115892,1
"5F1DDD26084869096C198F090D0B39B89A3FA25C","Support\Software\DirectX\dxdllreg_x86.cab",44624,44624,42482,1
"5F1DDD26084869096C198F090D0B39B89A3FA25C","Support\Software\DirectX\DXSETUP.exe",517976,517976,101701,1
"5F1DDD26084869096C198F090D0B39B89A3FA25C","Support\Software\DirectX\dxupdate.cab",97152,97152,94901,1
"5F1DDD26084869096C198F090D0B39B89A3FA25C","Support\Software\DirectX\Feb2005_d3dx9_24_x64.cab",1247499,1247499,1244922,1
"5F1DDD26084869096C198F090D0B39B89A3FA25C","Support\Software\DirectX\Feb2005_d3dx9_24_x86.cab",1013225,1013225,1008342,1
"5F1DDD26084869096C198F090D0B39B89A3FA25C","Support\Software\DirectX\Feb2006_d3dx9_29_x64.cab",1362796,1362796,1360185,1
"5F1DDD26084869096C198F090D0B39B89A3FA25C","Support\Software\DirectX\Feb2006_d3dx9_29_x86.cab",1084720,1084720,1079685,1
"5F1DDD26084869096C198F090D0B39B89A3FA25C","Support\Software\DirectX\Feb2006_XACT_x64.cab",178359,178359,176285,1
"5F1DDD26084869096C198F090D0B39B89A3FA25C","Support\Software\DirectX\Feb2006_XACT_x86.cab",132409,132409,130142,1
"5F1DDD26084869096C198F090D0B39B89A3FA25C","Support\Software\DirectX\FEB2007_XACT_x64.cab",194675,194675,192610,1
"5F1DDD26084869096C198F090D0B39B89A3FA25C","Support\Software\DirectX\FEB2007_XACT_x86.cab",147983,147983,145887,1
"5F1DDD26084869096C198F090D0B39B89A3FA25C","Support\Software\DirectX\Feb2010_X3DAudio_x64.cab",54678,54678,52477,1
"5F1DDD26084869096C198F090D0B39B89A3FA25C","Support\Software\DirectX\Feb2010_X3DAudio_x86.cab",20713,20713,18464,1
"5F1DDD26084869096C198F090D0B39B89A3FA25C","Support\Software\DirectX\Feb2010_XACT_x64.cab",122446,122446,120323,1
"5F1DDD26084869096C198F090D0B39B89A3FA25C","Support\Software\DirectX\Feb2010_XACT_x86.cab",93180,93180,91043,1
"5F1DDD26084869096C198F090D0B39B89A3FA25C","Support\Software\DirectX\Feb2010_XAudio_x64.cab",276960,276960,274871,1
"5F1DDD26084869096C198F090D0B39B89A3FA25C","Support\Software\DirectX\Feb2010_XAudio_x86.cab",277191,277191,275079,1
"5F1DDD26084869096C198F090D0B39B89A3FA25C","Support\Software\DirectX\Jun2005_d3dx9_26_x64.cab",1336002,1336002,1333316,1
"5F1DDD26084869096C198F090D0B39B89A3FA25C","Support\Software\DirectX\Jun2005_d3dx9_26_x86.cab",1064925,1064925,1059886,1
"5F1DDD26084869096C198F090D0B39B89A3FA25C","Support\Software\DirectX\JUN2006_XACT_x64.cab",180785,180785,178734,1
"5F1DDD26084869096C198F090D0B39B89A3FA25C","Support\Software\DirectX\JUN2006_XACT_x86.cab",133671,133671,131426,1
"5F1DDD26084869096C198F090D0B39B89A3FA25C","Support\Software\DirectX\JUN2007_d3dx10_34_x64.cab",699044,699044,696968,1
"5F1DDD26084869096C198F090D0B39B89A3FA25C","Support\Software\DirectX\JUN2007_d3dx10_34_x86.cab",698472,698472,696399,1
"5F1DDD26084869096C198F090D0B39B89A3FA25C","Support\Software\DirectX\JUN2007_d3dx9_34_x64.cab",1607774,1607774,1605070,1
"5F1DDD26084869096C198F090D0B39B89A3FA25C","Support\Software\DirectX\JUN2007_d3dx9_34_x86.cab",1607286,1607286,1602095,1
"5F1DDD26084869096C198F090D0B39B89A3FA25C","Support\Software\DirectX\JUN2007_XACT_x64.cab",197122,197122,195038,1
"5F1DDD26084869096C198F090D0B39B89A3FA25C","Support\Software\DirectX\JUN2007_XACT_x86.cab",152909,152909,150823,1
"5F1DDD26084869096C198F090D0B39B89A3FA25C","Support\Software\DirectX\JUN2008_d3dx10_38_x64.cab",867828,867828,865090,1
"5F1DDD26084869096C198F090D0B39B89A3FA25C","Support\Software\DirectX\JUN2008_d3dx10_38_x86.cab",849919,849919,847157,1
"5F1DDD26084869096C198F090D0B39B89A3FA25C","Support\Software\DirectX\JUN2008_d3dx9_38_x64.cab",1792608,1792608,1789141,1
"5F1DDD26084869096C198F090D0B39B89A3FA25C","Support\Software\DirectX\JUN2008_d3dx9_38_x86.cab",1463878,1463878,1460619,1
"5F1DDD26084869096C198F090D0B39B89A3FA25C","Support\Software\DirectX\JUN2008_X3DAudio_x64.cab",55154,55154,52952,1
"5F1DDD26084869096C198F090D0B39B89A3FA25C","Support\Software\DirectX\JUN2008_X3DAudio_x86.cab",21905,21905,19681,1
"5F1DDD26084869096C198F090D0B39B89A3FA25C","Support\Software\DirectX\JUN2008_XACT_x64.cab",121054,121054,118920,1
"5F1DDD26084869096C198F090D0B39B89A3FA25C","Support\Software\DirectX\JUN2008_XACT_x86.cab",93128,93128,90976,1
"5F1DDD26084869096C198F090D0B39B89A3FA25C","Support\Software\DirectX\JUN2008_XAudio_x64.cab",269628,269628,267524,1
"5F1DDD26084869096C198F090D0B39B89A3FA25C","Support\Software\DirectX\JUN2008_XAudio_x86.cab",269024,269024,266917,1
"5F1DDD26084869096C198F090D0B39B89A3FA25C","Support\Software\DirectX\Jun2010_D3DCompiler_43_x64.cab",944460,944460,942381,1
"5F1DDD26084869096C198F090D0B39B89A3FA25C","Support\Software\DirectX\Jun2010_D3DCompiler_43_x86.cab",931471,931471,928562,1
"5F1DDD26084869096C198F090D0B39B89A3FA25C","Support\Software\DirectX\Jun2010_d3dcsx_43_x64.cab",752783,752783,748290,1
"5F1DDD26084869096C198F090D0B39B89A3FA25C","Support\Software\DirectX\Jun2010_d3dcsx_43_x86.cab",762188,762188,752535,1
"5F1DDD26084869096C198F090D0B39B89A3FA25C","Support\Software\DirectX\Jun2010_d3dx10_43_x64.cab",235955,235955,233866,1
"5F1DDD26084869096C198F090D0B39B89A3FA25C","Support\Software\DirectX\Jun2010_d3dx10_43_x86.cab",197283,197283,195103,1
"5F1DDD26084869096C198F090D0B39B89A3FA25C","Support\Software\DirectX\Jun2010_d3dx11_43_x64.cab",138205,138205,136096,1
"5F1DDD26084869096C198F090D0B39B89A3FA25C","Support\Software\DirectX\Jun2010_d3dx11_43_x86.cab",109445,109445,107204,1
"5F1DDD26084869096C198F090D0B39B89A3FA25C","Support\Software\DirectX\Jun2010_d3dx9_43_x64.cab",937246,937246,934422,1
"5F1DDD26084869096C198F090D0B39B89A3FA25C","Support\Software\DirectX\Jun2010_d3dx9_43_x86.cab",768036,768036,764920,1
"5F1DDD26084869096C198F090D0B39B89A3FA25C","Support\Software\DirectX\Jun2010_XACT_x64.cab",124596,124596,122473,1
"5F1DDD26084869096C198F090D0B39B89A3FA25C","Support\Software\DirectX\Jun2010_XACT_x86.cab",93686,93686,91545,1
"5F1DDD26084869096C198F090D0B39B89A3FA25C","Support\Software\DirectX\Jun2010_XAudio_x64.cab",277338,277338,275253,1
"5F1DDD26084869096C198F090D0B39B89A3FA25C","Support\Software\DirectX\Jun2010_XAudio_x86.cab",278060,278060,275939,1
"5F1DDD26084869096C198F090D0B39B89A3FA25C","Support\Software\DirectX\Mar2008_d3dx10_37_x64.cab",844884,844884,842194,1
"5F1DDD26084869096C198F090D0B39B89A3FA25C","Support\Software\DirectX\Mar2008_d3dx10_37_x86.cab",818260,818260,815183,1
"5F1DDD26084869096C198F090D0B39B89A3FA25C","Support\Software\DirectX\Mar2008_d3dx9_37_x64.cab",1769862,1769862,1766187,1
"5F1DDD26084869096C198F090D0B39B89A3FA25C","Support\Software\DirectX\Mar2008_d3dx9_37_x86.cab",1443282,1443282,1439864,1
"5F1DDD26084869096C198F090D0B39B89A3FA25C","Support\Software\DirectX\Mar2008_X3DAudio_x64.cab",55058,55058,52851,1
"5F1DDD26084869096C198F090D0B39B89A3FA25C","Support\Software\DirectX\Mar2008_X3DAudio_x86.cab",21867,21867,19616,1
"5F1DDD26084869096C198F090D0B39B89A3FA25C","Support\Software\DirectX\Mar2008_XACT_x64.cab",122336,122336,120202,1
"5F1DDD26084869096C198F090D0B39B89A3FA25C","Support\Software\DirectX\Mar2008_XACT_x86.cab",93734,93734,91589,1
"5F1DDD26084869096C198F090D0B39B89A3FA25C","Support\Software\DirectX\Mar2008_XAudio_x64.cab",251194,251194,249162,1
"5F1DDD26084869096C198F090D0B39B89A3FA25C","Support\Software\DirectX\Mar2008_XAudio_x86.cab",226250,226250,224152,1
"5F1DDD26084869096C198F090D0B39B89A3FA25C","Support\Software\DirectX\Mar2009_d3dx10_41_x64.cab",1067160,1067160,1060563,1
"5F1DDD26084869096C198F090D0B39B89A3FA25C","Support\Software\DirectX\Mar2009_d3dx10_41_x86.cab",1040745,1040745,1035703,1
"5F1DDD26084869096C198F090D0B39B89A3FA25C","Support\Software\DirectX\Mar2009_d3dx9_41_x64.cab",1973702,1973702,1966092,1
"5F1DDD26084869096C198F090D0B39B89A3FA25C","Support\Software\DirectX\Mar2009_d3dx9_41_x86.cab",1612446,1612446,1607990,1
"5F1DDD26084869096C198F090D0B39B89A3FA25C","Support\Software\DirectX\Mar2009_X3DAudio_x64.cab",54600,54600,52391,1
"5F1DDD26084869096C198F090D0B39B89A3FA25C","Support\Software\DirectX\Mar2009_X3DAudio_x86.cab",21298,21298,19078,1
"5F1DDD26084869096C198F090D0B39B89A3FA25C","Support\Software\DirectX\Mar2009_XACT_x64.cab",121506,121506,119420,1
"5F1DDD26084869096C198F090D0B39B89A3FA25C","Support\Software\DirectX\Mar2009_XACT_x86.cab",92740,92740,90591,1
"5F1DDD26084869096C198F090D0B39B89A3FA25C","Support\Software\DirectX\Mar2009_XAudio_x64.cab",275044,275044,272953,1
"5F1DDD26084869096C198F090D0B39B89A3FA25C","Support\Software\DirectX\Mar2009_XAudio_x86.cab",273018,273018,270882,1
"5F1DDD26084869096C198F090D0B39B89A3FA25C","Support\Software\DirectX\Nov2007_d3dx10_36_x64.cab",864600,864600,862545,1
"5F1DDD26084869096C198F090D0B39B89A3FA25C","Support\Software\DirectX\Nov2007_d3dx10_36_x86.cab",803884,803884,801800,1
"5F1DDD26084869096C198F090D0B39B89A3FA25C","Support\Software\DirectX\Nov2007_d3dx9_36_x64.cab",1802058,1802058,1799814,1
"5F1DDD26084869096C198F090D0B39B89A3FA25C","Support\Software\DirectX\Nov2007_d3dx9_36_x86.cab",1709360,1709360,1704019,1
"5F1DDD26084869096C198F090D0B39B89A3FA25C","Support\Software\DirectX\NOV2007_X3DAudio_x64.cab",46144,46144,43941,1
"5F1DDD26084869096C198F090D0B39B89A3FA25C","Support\Software\DirectX\NOV2007_X3DAudio_x86.cab",18496,18496,16258,1
"5F1DDD26084869096C198F090D0B39B89A3FA25C","Support\Software\DirectX\NOV2007_XACT_x64.cab",196762,196762,194700,1
"5F1DDD26084869096C198F090D0B39B89A3FA25C","Support\Software\DirectX\NOV2007_XACT_x86.cab",148264,148264,146169,1
"5F1DDD26084869096C198F090D0B39B89A3FA25C","Support\Software\DirectX\Nov2008_d3dx10_40_x64.cab",994154,994154,988636,1
"5F1DDD26084869096C198F090D0B39B89A3FA25C","Support\Software\DirectX\Nov2008_d3dx10_40_x86.cab",965421,965421,961167,1
"5F1DDD26084869096C198F090D0B39B89A3FA25C","Support\Software\DirectX\Nov2008_d3dx9_40_x64.cab",1906878,1906878,1900499,1
"5F1DDD26084869096C198F090D0B39B89A3FA25C","Support\Software\DirectX\Nov2008_d3dx9_40_x86.cab",1550796,1550796,1546785,1
"5F1DDD26084869096C198F090D0B39B89A3FA25C","Support\Software\DirectX\Nov2008_X3DAudio_x64.cab",54522,54522,52317,1
"5F1DDD26084869096C198F090D0B39B89A3FA25C","Support\Software\DirectX\Nov2008_X3DAudio_x86.cab",21851,21851,19598,1
"5F1DDD26084869096C198F090D0B39B89A3FA25C","Support\Software\DirectX\Nov2008_XACT_x64.cab",121794,121794,119696,1
"5F1DDD26084869096C198F090D0B39B89A3FA25C","Support\Software\DirectX\Nov2008_XACT_x86.cab",92684,92684,90518,1
"5F1DDD26084869096C198F090D0B39B89A3FA25C","Support\Software\DirectX\Nov2008_XAudio_x64.cab",273960,273960,271856,1
"5F1DDD26084869096C198F090D0B39B89A3FA25C","Support\Software\DirectX\Nov2008_XAudio_x86.cab",272611,272611,270502,1
"5F1DDD26084869096C198F090D0B39B89A3FA25C","Support\Software\DirectX\Oct2005_xinput_x64.cab",86037,86037,83861,1
"5F1DDD26084869096C198F090D0B39B89A3FA25C","Support\Software\DirectX\Oct2005_xinput_x86.cab",45359,45359,43194,1
"5F1DDD26084869096C198F090D0B39B89A3FA25C","Support\Software\DirectX\OCT2006_d3dx9_31_x64.cab",1412902,1412902,1410210,1
"5F1DDD26084869096C198F090D0B39B89A3FA25C","Support\Software\DirectX\OCT2006_d3dx9_31_x86.cab",1127217,1127217,1122040,1
"5F1DDD26084869096C198F090D0B39B89A3FA25C","Support\Software\DirectX\OCT2006_XACT_x64.cab",182361,182361,180283,1
"5F1DDD26084869096C198F090D0B39B89A3FA25C","Support\Software\DirectX\OCT2006_XACT_x86.cab",138017,138017,135912,1
"5F1DDD26084869096C198F090D0B39B89A3FA25C","TheCrew2.exe",29816504,29816504,26662093,1
"5F1DDD26084869096C198F090D0B39B89A3FA25C","bink2w64.dll",395448,395448,192711,1
"5F1DDD26084869096C198F090D0B39B89A3FA25C","uplay_r1_loader64.dll",424256,424256,155827,1
"5F1DDD26084869096C198F090D0B39B89A3FA25C","LogitechSteeringWheel.dll",201912,201912,84217,1
"5F1DDD26084869096C198F090D0B39B89A3FA25C","dbghelp.dll",1413072,1413072,539402,1
"5F1DDD26084869096C198F090D0B39B89A3FA25C","d3dgear64.dll",5001880,5001880,1189459,1
"5F1DDD26084869096C198F090D0B39B89A3FA25C","avcodec_64-54.dll",7922336,7922336,3109417,1
"5F1DDD26084869096C198F090D0B39B89A3FA25C","avdevice_64-54.dll",59240,59240,21842,1
"5F1DDD26084869096C198F090D0B39B89A3FA25C","avfilter_64-2.dll",263760,263760,102628,1
"5F1DDD26084869096C198F090D0B39B89A3FA25C","avformat_64-54.dll",1261072,1261072,527512,1
"5F1DDD26084869096C198F090D0B39B89A3FA25C","avutil_64-51.dll",296496,296496,121930,1
"5F1DDD26084869096C198F090D0B39B89A3FA25C","swresample_64-0.dll",140408,140408,50242,1
"5F1DDD26084869096C198F090D0B39B89A3FA25C","swscale_64-2.dll",411928,411928,122993,1
"5F1DDD26084869096C198F090D0B39B89A3FA25C","oo2core_5_win64.dll",950456,950456,374915,1
"5F1DDD26084869096C198F090D0B39B89A3FA25C","TheCrew2_BE.exe",1395464,1395464,859135,1
"5F1DDD26084869096C198F090D0B39B89A3FA25C","BattlEye\BEClient_x64.dll",4178952,4178952,3735613,1
"5F1DDD26084869096C198F090D0B39B89A3FA25C","BattlEye\BELauncher.ini",91,91,100,1
"5F1DDD26084869096C198F090D0B39B89A3FA25C","BattlEye\BEService_x64.exe",18663720,18663720,17785603,1
"5F1DDD26084869096C198F090D0B39B89A3FA25C","BattlEye\Licenses.txt",1128,1128,706,1
"5F1DDD26084869096C198F090D0B39B89A3FA25C","BattlEye\Privacy\cs.txt",1545,1545,815,1
"5F1DDD26084869096C198F090D0B39B89A3FA25C","BattlEye\Privacy\de.txt",1445,1445,738,1
"5F1DDD26084869096C198F090D0B39B89A3FA25C","BattlEye\Privacy\en.txt",1302,1302,631,1
"5F1DDD26084869096C198F090D0B39B89A3FA25C","BattlEye\Privacy\es-MX.txt",1540,1540,726,1
"5F1DDD26084869096C198F090D0B39B89A3FA25C","BattlEye\Privacy\es.txt",1532,1532,724,1
"5F1DDD26084869096C198F090D0B39B89A3FA25C","BattlEye\Privacy\fr.txt",1677,1677,807,1
"5F1DDD26084869096C198F090D0B39B89A3FA25C","BattlEye\Privacy\it.txt",1376,1376,661,1
"5F1DDD26084869096C198F090D0B39B89A3FA25C","BattlEye\Privacy\ja.txt",1601,1601,795,1
"5F1DDD26084869096C198F090D0B39B89A3FA25C","BattlEye\Privacy\ko.txt",1407,1407,761,1
"5F1DDD26084869096C198F090D0B39B89A3FA25C","BattlEye\Privacy\nl.txt",1394,1394,676,1
"5F1DDD26084869096C198F090D0B39B89A3FA25C","BattlEye\Privacy\pl.txt",1610,1610,835,1
"5F1DDD26084869096C198F090D0B39B89A3FA25C","BattlEye\Privacy\pt.txt",1512,1512,726,1
"5F1DDD26084869096C198F090D0B39B89A3FA25C","BattlEye\Privacy\ru.txt",2012,2012,839,1
"5F1DDD26084869096C198F090D0B39B89A3FA25C","BattlEye\Privacy\tr.txt",1376,1376,681,1
"5F1DDD26084869096C198F090D0B39B89A3FA25C","BattlEye\Privacy\zh-TW.txt",1067,1067,660,1
"5F1DDD26084869096C198F090D0B39B89A3FA25C","BattlEye\Privacy\zh.txt",1052,1052,649,1
"5F1DDD26084869096C198F090D0B39B89A3FA25C","BattlEye\Text\cs.ini",3192,3192,1455,1
"5F1DDD26084869096C198F090D0B39B89A3FA25C","BattlEye\Text\de.ini",3283,3283,1418,1
"5F1DDD26084869096C198F090D0B39B89A3FA25C","BattlEye\Text\en.ini",2748,2748,1172,1
"5F1DDD26084869096C198F090D0B39B89A3FA25C","BattlEye\Text\es.ini",3137,3137,1339,1
"5F1DDD26084869096C198F090D0B39B89A3FA25C","BattlEye\Text\fr.ini",3246,3246,1408,1
"5F1DDD26084869096C198F090D0B39B89A3FA25C","BattlEye\Text\it.ini",3024,3024,1302,1
"5F1DDD26084869096C198F090D0B39B89A3FA25C","BattlEye\Text\ja.ini",4125,4125,1552,1
"5F1DDD26084869096C198F090D0B39B89A3FA25C","BattlEye\Text\ko.ini",3362,3362,1431,1
"5F1DDD26084869096C198F090D0B39B89A3FA25C","BattlEye\Text\nl.ini",3004,3004,1309,1
"5F1DDD26084869096C198F090D0B39B89A3FA25C","BattlEye\Text\pl.ini",3165,3165,1436,1
"5F1DDD26084869096C198F090D0B39B89A3FA25C","BattlEye\Text\pt.ini",3054,3054,1324,1
"5F1DDD26084869096C198F090D0B39B89A3FA25C","BattlEye\Text\ru.ini",4901,4901,1718,1
"5F1DDD26084869096C198F090D0B39B89A3FA25C","BattlEye\Text\tr.ini",2990,2990,1347,1
"5F1DDD26084869096C198F090D0B39B89A3FA25C","BattlEye\Text\zh.ini",2628,2628,1363,1
"5F1DDD26084869096C198F090D0B39B89A3FA25C","BattlEye\Text\zh-TW.ini",2628,2628,1371,1
"5F1DDD26084869096C198F090D0B39B89A3FA25C","data\Databases\GPU\extendedpcidevs.txt",229983,229983,24298,1
"5F1DDD26084869096C198F090D0B39B89A3FA25C","data\Databases\GPU\gear_gpu_scores.txt",44816,44816,8540,1
"5F1DDD26084869096C198F090D0B39B89A3FA25C","data\Databases\GPU\gpudatabase_win64.dll",109752,109752,23891,1
"5F1DDD26084869096C198F090D0B39B89A3FA25C","data\Databases\GPU\gpudatabase.xml",34480,34480,3130,1
"5F1DDD26084869096C198F090D0B39B89A3FA25C","data\Databases\GPU\pcidevs.txt",861121,861121,146396,1
"5F1DDD26084869096C198F090D0B39B89A3FA25C","data_win32/startup.dat",1041728,1041728,464289,1
"5F1DDD26084869096C198F090D0B39B89A3FA25C","data_win32/startup.fat",5876,5876,4174,1
"5F1DDD26084869096C198F090D0B39B89A3FA25C","data_win32/shadersobj.dat",80781921,80781921,71367969,1
"5F1DDD26084869096C198F090D0B39B89A3FA25C","data_win32/shadersobj.fat",542204,542204,393455,1
"5F1DDD26084869096C198F090D0B39B89A3FA25C","Support\Readme\Readme_EN.rtf",102924,102924,15575,20000
"5F1DDD26084869096C198F090D0B39B89A3FA25C","Support\Readme\Readme_FR.rtf",104594,104594,15525,20001
"5F1DDD26084869096C198F090D0B39B89A3FA25C","Support\Readme\Readme_IT.rtf",83629,83629,14648,20002
"5F1DDD26084869096C198F090D0B39B89A3FA25C","Support\Readme\Readme_DE.rtf",124629,124629,16435,20003
"5F1DDD26084869096C198F090D0B39B89A3FA25C","Support\Readme\Readme_ES.rtf",109401,109401,14830,20004
"5F1DDD26084869096C198F090D0B39B89A3FA25C","Support\Readme\Readme_NL.rtf",111233,111233,14555,20005
"5F1DDD26084869096C198F090D0B39B89A3FA25C","Support\Readme\Readme_PL.rtf",140927,140927,17531,20006
"5F1DDD26084869096C198F090D0B39B89A3FA25C","Support\Readme\Readme_BR.rtf",108422,108422,14731,20007
"5F1DDD26084869096C198F090D0B39B89A3FA25C","Support\Readme\Readme_JP.rtf",177363,177363,17989,20008
"5F1DDD26084869096C198F090D0B39B89A3FA25C","Support\Readme\Readme_KO.rtf",394739,394739,22177,20009
"5F1DDD26084869096C198F090D0B39B89A3FA25C","Support\Readme\Readme_AR.rtf",218136,218136,19772,20010
"5F1DDD26084869096C198F090D0B39B89A3FA25C","Support\Readme\Readme_RU.rtf",146752,146752,16567,20011
"5F1DDD26084869096C198F090D0B39B89A3FA25C","Support\Readme\Readme_SC.rtf",195579,195579,17722,20012
"5F1DDD26084869096C198F090D0B39B89A3FA25C","Support\Readme\Readme_TC.rtf",209438,209438,19006,20013
"5F1DDD26084869096C198F090D0B39B89A3FA25C","data_win32/usa_world_hr.dat",54508423,54508423,53906841,2
"5F1DDD26084869096C198F090D0B39B89A3FA25C","data_win32/usa_world_hr.fat",1388,1388,983,2
"5F1DDD26084869096C198F090D0B39B89A3FA25C","data_win32/usa_ecosystems_hr.dat",92711662,92711662,89707334,2
"5F1DDD26084869096C198F090D0B39B89A3FA25C","data_win32/usa_ecosystems_hr.fat",1292,1292,909,2
"5F1DDD26084869096C198F090D0B39B89A3FA25C","data_win32/resources_hr.dat",227943085,227943085,219707864,2
"5F1DDD26084869096C198F090D0B39B89A3FA25C","data_win32/resources_hr.fat",14228,14228,9514,2
"5F1DDD26084869096C198F090D0B39B89A3FA25C","data_win32/vehicles_resources_hr.dat",458724804,458724804,446079502,2
"5F1DDD26084869096C198F090D0B39B89A3FA25C","data_win32/vehicles_resources_hr.fat",58844,58844,40187,2
"5F1DDD26084869096C198F090D0B39B89A3FA25C","data_win32/pc_ww/localization.dat",5133150,5133150,5058427,3
"5F1DDD26084869096C198F090D0B39B89A3FA25C","data_win32/pc_ww/localization.fat",8900,8900,6597,3
"5F1DDD26084869096C198F090D0B39B89A3FA25C","data_win32/install.dat",2729053,2729053,2647153,3
"5F1DDD26084869096C198F090D0B39B89A3FA25C","data_win32/install.fat",1628,1628,1181,3
"5F1DDD26084869096C198F090D0B39B89A3FA25C","data_win32/sounds.dat",119903,119903,114938,3
"5F1DDD26084869096C198F090D0B39B89A3FA25C","data_win32/sounds.fat",44,44,44,3
"5F1DDD26084869096C198F090D0B39B89A3FA25C","data_win32/sounds2019.dat",2678590290,2678590290,2649795103,3
"5F1DDD26084869096C198F090D0B39B89A3FA25C","data_win32/sounds2019.fat",5876,5876,3926,3
"5F1DDD26084869096C198F090D0B39B89A3FA25C","data_win32/pc_ww/voices.dat",119903,119903,114938,3
"5F1DDD26084869096C198F090D0B39B89A3FA25C","data_win32/pc_ww/voices.fat",44,44,44,3
"5F1DDD26084869096C198F090D0B39B89A3FA25C","data_win32/pc_ww/voices2019.dat",3345327149,3345327149,3267706515,3
"5F1DDD26084869096C198F090D0B39B89A3FA25C","data_win32/pc_ww/voices2019.fat",5396,5396,3456,3
"5F1DDD26084869096C198F090D0B39B89A3FA25C","data_win32/videos.dat",1860835908,1860835908,1846757585,3
"5F1DDD26084869096C198F090D0B39B89A3FA25C","data_win32/videos.fat",2108,2108,1471,3
"5F1DDD26084869096C198F090D0B39B89A3FA25C","data_win32/pc_ww/videos_localized.dat",4285296628,4285296628,4237086001,3
"5F1DDD26084869096C198F090D0B39B89A3FA25C","data_win32/pc_ww/videos_localized.fat",1316,1316,968,3
"5F1DDD26084869096C198F090D0B39B89A3FA25C","data_win32/gui.dat",735218334,735218334,705241141,3
"5F1DDD26084869096C198F090D0B39B89A3FA25C","data_win32/gui.fat",327620,327620,230703,3
"5F1DDD26084869096C198F090D0B39B89A3FA25C","data_win32/scenaric.dat",14857701,14857701,14551478,3
"5F1DDD26084869096C198F090D0B39B89A3FA25C","data_win32/scenaric.fat",1700,1700,1304,3
"5F1DDD26084869096C198F090D0B39B89A3FA25C","data_win32/usa_scenaric.dat",6082755,6082755,5731075,3
"5F1DDD26084869096C198F090D0B39B89A3FA25C","data_win32/usa_scenaric.fat",31940,31940,22615,3
"5F1DDD26084869096C198F090D0B39B89A3FA25C","data_win32/usa_resources.dat",29584711,29584711,29194830,3
"5F1DDD26084869096C198F090D0B39B89A3FA25C","data_win32/usa_resources.fat",500,500,436,3
"5F1DDD26084869096C198F090D0B39B89A3FA25C","data_win32/usa_world.dat",534497043,534497043,525660206,3
"5F1DDD26084869096C198F090D0B39B89A3FA25C","data_win32/usa_world.fat",507884,507884,374317,3
"5F1DDD26084869096C198F090D0B39B89A3FA25C","data_win32/usa_ecosystems.dat",590075380,590075380,572482507,3
"5F1DDD26084869096C198F090D0B39B89A3FA25C","data_win32/usa_ecosystems.fat",889604,889604,660511,3
"5F1DDD26084869096C198F090D0B39B89A3FA25C","data_win32/resources.dat",599643003,599643003,586906484,3
"5F1DDD26084869096C198F090D0B39B89A3FA25C","data_win32/resources.fat",167180,167180,123911,3
"5F1DDD26084869096C198F090D0B39B89A3FA25C","data_win32/vehicles_resources.dat",3680062676,3680062676,3635996260,3
"5F1DDD26084869096C198F090D0B39B89A3FA25C","data_win32/vehicles_resources.fat",1502996,1502996,1131853,3
"5F1DDD26084869096C198F090D0B39B89A3FA25C","data_win32/vehicles_sounds.dat",119903,119903,114938,3
"5F1DDD26084869096C198F090D0B39B89A3FA25C","data_win32/vehicles_sounds.fat",44,44,44,3
"5F1DDD26084869096C198F090D0B39B89A3FA25C","data_win32/vehicles_sounds2019.dat",6561625952,2266658656,665000517,3
"5F1DDD26084869096C198F090D0B39B89A3FA25C","data_win32/vehicles_sounds2019.fat",29372,29372,20190,3
"5F1DDD26084869096C198F090D0B39B89A3FA25C","data_win32/usa_00_00_06_05.dat",1847129670,1847129670,1815927536,4
"5F1DDD26084869096C198F090D0B39B89A3FA25C","data_win32/usa_00_00_06_05.fat",775844,775844,549858,4
"5F1DDD26084869096C198F090D0B39B89A3FA25C","data_win32/usa_07_00_12_05.dat",2224288758,2224288758,2189339137,5
"5F1DDD26084869096C198F090D0B39B89A3FA25C","data_win32/usa_07_00_12_05.fat",690188,690188,505038,5
"5F1DDD26084869096C198F090D0B39B89A3FA25C","data_win32/usa_13_00_19_05.dat",1089722694,1089722694,1068141427,6
"5F1DDD26084869096C198F090D0B39B89A3FA25C","data_win32/usa_13_00_19_05.fat",766244,766244,530471,6
"5F1DDD26084869096C198F090D0B39B89A3FA25C","data_win32/usa_00_06_06_11.dat",2699292833,2699292833,2680676953,7
"5F1DDD26084869096C198F090D0B39B89A3FA25C","data_win32/usa_00_06_06_11.fat",790268,790268,574469,7
"5F1DDD26084869096C198F090D0B39B89A3FA25C","data_win32/usa_07_06_12_11.dat",2356080543,2356080543,2335116857,8
"5F1DDD26084869096C198F090D0B39B89A3FA25C","data_win32/usa_07_06_12_11.fat",703508,703508,514782,8
"5F1DDD26084869096C198F090D0B39B89A3FA25C","data_win32/usa_13_06_19_11.dat",1866557896,1866557896,1843459215,9
"5F1DDD26084869096C198F090D0B39B89A3FA25C","data_win32/usa_13_06_19_11.fat",783812,783812,561222,9
