"3037","FA1D30C6082935016730D239799FDEFAB26EC9FE","0000-00-00",122,16157545752,3272643864,2658390998,3
"FA1D30C6082935016730D239799FDEFAB26EC9FE","amd_ags_x64.dll",111616,111616,53098,0
"FA1D30C6082935016730D239799FDEFAB26EC9FE","bink2w64.dll",391360,391360,190823,0
"FA1D30C6082935016730D239799FDEFAB26EC9FE","CgSDK.x64_2017.dll",297000,297000,73962,0
"FA1D30C6082935016730D239799FDEFAB26EC9FE","d3dcompiler_47.dll",4891080,4891080,1828634,0
"FA1D30C6082935016730D239799FDEFAB26EC9FE","dbdata.dll",413256,413256,154356,0
"FA1D30C6082935016730D239799FDEFAB26EC9FE","dbgcore.dll",205256,205256,79656,0
"FA1D30C6082935016730D239799FDEFAB26EC9FE","dbghelp.dll",2085320,2085320,787548,0
"FA1D30C6082935016730D239799FDEFAB26EC9FE","Support/Software/VC_redist.x64.exe",15060496,15060496,13952319,0
"FA1D30C6082935016730D239799FDEFAB26EC9FE","The_Settlers.exe",378414088,378414088,188444709,0
"FA1D30C6082935016730D239799FDEFAB26EC9FE","The_Settlers_plus.exe",396006920,396006920,199592332,0
"FA1D30C6082935016730D239799FDEFAB26EC9FE","upc_r2_loader64.dll",436032,436032,169063,0
"FA1D30C6082935016730D239799FDEFAB26EC9FE","snowman/sdf/pc/data/sdf-A-0000.sdfdata",8628700,8628700,7649449,1
"FA1D30C6082935016730D239799FDEFAB26EC9FE","snowman/sdf/pc/data/sdf-A-0001.sdfdata",9005118,9005118,8541696,1
"FA1D30C6082935016730D239799FDEFAB26EC9FE","snowman/sdf/pc/data/sdf-A-0011.sdfdata",162300,162300,154737,1
"FA1D30C6082935016730D239799FDEFAB26EC9FE","snowman/sdf/pc/data/sdf-A-0021.sdfdata",13556425,13556425,11181262,1
"FA1D30C6082935016730D239799FDEFAB26EC9FE","snowman/sdf/pc/data/sdf-A-0030.sdfdata",538216950,538216950,525678811,1
"FA1D30C6082935016730D239799FDEFAB26EC9FE","snowman/sdf/pc/data/sdf-A-0050.sdfdata",268428601,268428601,244619475,1
"FA1D30C6082935016730D239799FDEFAB26EC9FE","snowman/sdf/pc/data/sdf-A-0051.sdfdata",268429306,268429306,256114412,1
"FA1D30C6082935016730D239799FDEFAB26EC9FE","snowman/sdf/pc/data/sdf-A-0052.sdfdata",268422721,268422721,256137072,1
"FA1D30C6082935016730D239799FDEFAB26EC9FE","snowman/sdf/pc/data/sdf-A-0053.sdfdata",267971448,267971448,240891060,1
"FA1D30C6082935016730D239799FDEFAB26EC9FE","snowman/sdf/pc/data/sdf-A-0054.sdfdata",268342875,268342875,263376279,1
"FA1D30C6082935016730D239799FDEFAB26EC9FE","snowman/sdf/pc/data/sdf-A-0055.sdfdata",267761049,267761049,254919176,1
"FA1D30C6082935016730D239799FDEFAB26EC9FE","snowman/sdf/pc/data/sdf-A-0056.sdfdata",268389453,268389453,263886587,1
"FA1D30C6082935016730D239799FDEFAB26EC9FE","snowman/sdf/pc/data/sdf-A-0057.sdfdata",268420933,268420933,263718791,1
"FA1D30C6082935016730D239799FDEFAB26EC9FE","snowman/sdf/pc/data/sdf-A-0058.sdfdata",268315725,268315725,263707728,1
"FA1D30C6082935016730D239799FDEFAB26EC9FE","snowman/sdf/pc/data/sdf-A-0059.sdfdata",268320805,268320805,263491790,1
"FA1D30C6082935016730D239799FDEFAB26EC9FE","snowman/sdf/pc/data/sdf-A-0060.sdfdata",268427341,268427341,263658498,1
"FA1D30C6082935016730D239799FDEFAB26EC9FE","snowman/sdf/pc/data/sdf-A-0061.sdfdata",268374381,268374381,263700684,1
"FA1D30C6082935016730D239799FDEFAB26EC9FE","snowman/sdf/pc/data/sdf-A-0062.sdfdata",268400491,268400491,263629008,1
"FA1D30C6082935016730D239799FDEFAB26EC9FE","snowman/sdf/pc/data/sdf-A-0063.sdfdata",268349883,268349883,259473574,1
"FA1D30C6082935016730D239799FDEFAB26EC9FE","snowman/sdf/pc/data/sdf-A-0064.sdfdata",263386348,263386348,250820813,1
"FA1D30C6082935016730D239799FDEFAB26EC9FE","snowman/sdf/pc/data/sdf-A-0065.sdfdata",268220410,268220410,264638537,1
"FA1D30C6082935016730D239799FDEFAB26EC9FE","snowman/sdf/pc/data/sdf-A-0066.sdfdata",268239847,268239847,266069024,1
"FA1D30C6082935016730D239799FDEFAB26EC9FE","snowman/sdf/pc/data/sdf-A-0067.sdfdata",268191118,268191118,267558556,1
"FA1D30C6082935016730D239799FDEFAB26EC9FE","snowman/sdf/pc/data/sdf-A-0068.sdfdata",264253481,264253481,263429774,1
"FA1D30C6082935016730D239799FDEFAB26EC9FE","snowman/sdf/pc/data/sdf-A-0069.sdfdata",267138120,267138120,265963813,1
"FA1D30C6082935016730D239799FDEFAB26EC9FE","snowman/sdf/pc/data/sdf-A-0070.sdfdata",265293035,265293035,264438896,1
"FA1D30C6082935016730D239799FDEFAB26EC9FE","snowman/sdf/pc/data/sdf-A-0071.sdfdata",266064396,266064396,265063988,1
"FA1D30C6082935016730D239799FDEFAB26EC9FE","snowman/sdf/pc/data/sdf-A-0072.sdfdata",266169958,266169958,264877445,1
"FA1D30C6082935016730D239799FDEFAB26EC9FE","snowman/sdf/pc/data/sdf-A-0073.sdfdata",265570526,265570526,264962641,1
"FA1D30C6082935016730D239799FDEFAB26EC9FE","snowman/sdf/pc/data/sdf-A-0074.sdfdata",267556373,267556373,267063793,1
"FA1D30C6082935016730D239799FDEFAB26EC9FE","snowman/sdf/pc/data/sdf-A-0075.sdfdata",267141605,267141605,266486467,1
"FA1D30C6082935016730D239799FDEFAB26EC9FE","snowman/sdf/pc/data/sdf-A-0076.sdfdata",265733260,265733260,265200341,1
"FA1D30C6082935016730D239799FDEFAB26EC9FE","snowman/sdf/pc/data/sdf-A-0077.sdfdata",265413630,265413630,264381586,1
"FA1D30C6082935016730D239799FDEFAB26EC9FE","snowman/sdf/pc/data/sdf-A-0078.sdfdata",267711035,267711035,266729955,1
"FA1D30C6082935016730D239799FDEFAB26EC9FE","snowman/sdf/pc/data/sdf-A-0079.sdfdata",266380369,266380369,265534689,1
"FA1D30C6082935016730D239799FDEFAB26EC9FE","snowman/sdf/pc/data/sdf-A-0080.sdfdata",267268926,267268926,266997002,1
"FA1D30C6082935016730D239799FDEFAB26EC9FE","snowman/sdf/pc/data/sdf-A-0081.sdfdata",266502487,266502487,265974232,1
"FA1D30C6082935016730D239799FDEFAB26EC9FE","snowman/sdf/pc/data/sdf-A-0082.sdfdata",268413798,268413798,267825952,1
"FA1D30C6082935016730D239799FDEFAB26EC9FE","snowman/sdf/pc/data/sdf-A-0083.sdfdata",268373413,268373413,267451931,1
"FA1D30C6082935016730D239799FDEFAB26EC9FE","snowman/sdf/pc/data/sdf-A-0084.sdfdata",268307448,268307448,267437535,1
"FA1D30C6082935016730D239799FDEFAB26EC9FE","snowman/sdf/pc/data/sdf-A-0085.sdfdata",267607891,267607891,265826638,1
"FA1D30C6082935016730D239799FDEFAB26EC9FE","snowman/sdf/pc/data/sdf-A-0086.sdfdata",268417564,268417564,266417825,1
"FA1D30C6082935016730D239799FDEFAB26EC9FE","snowman/sdf/pc/data/sdf-A-0087.sdfdata",268235607,268235607,267474485,1
"FA1D30C6082935016730D239799FDEFAB26EC9FE","snowman/sdf/pc/data/sdf-A-0088.sdfdata",268036749,268036749,267162938,1
"FA1D30C6082935016730D239799FDEFAB26EC9FE","snowman/sdf/pc/data/sdf-A-0089.sdfdata",266568646,266568646,266189657,1
"FA1D30C6082935016730D239799FDEFAB26EC9FE","snowman/sdf/pc/data/sdf-A-0090.sdfdata",268434084,268434084,266572066,1
"FA1D30C6082935016730D239799FDEFAB26EC9FE","snowman/sdf/pc/data/sdf-A-0091.sdfdata",249598705,249598705,247723395,1
"FA1D30C6082935016730D239799FDEFAB26EC9FE","snowman/sdf/pc/data/sdf-A-0092.sdfdata",254003942,254003942,252796604,1
"FA1D30C6082935016730D239799FDEFAB26EC9FE","snowman/sdf/pc/data/sdf-A-0093.sdfdata",254098367,254098367,252931084,1
"FA1D30C6082935016730D239799FDEFAB26EC9FE","snowman/sdf/pc/data/sdf-A-0094.sdfdata",267809810,267809810,266213506,1
"FA1D30C6082935016730D239799FDEFAB26EC9FE","snowman/sdf/pc/data/sdf-A-0095.sdfdata",257779080,257779080,256714483,1
"FA1D30C6082935016730D239799FDEFAB26EC9FE","snowman/sdf/pc/data/sdf-A-0096.sdfdata",267392178,267392178,265707854,1
"FA1D30C6082935016730D239799FDEFAB26EC9FE","snowman/sdf/pc/data/sdf-A-0097.sdfdata",268017256,268017256,267032617,1
"FA1D30C6082935016730D239799FDEFAB26EC9FE","snowman/sdf/pc/data/sdf-A-0098.sdfdata",56110201,56110201,55563773,1
"FA1D30C6082935016730D239799FDEFAB26EC9FE","snowman/sdf/pc/data/sdf.sdftoc",2524317,2524317,2397367,1
"FA1D30C6082935016730D239799FDEFAB26EC9FE","game/archives/map_worldmap_001_a.arch",7889512,7889512,7871368,2
"FA1D30C6082935016730D239799FDEFAB26EC9FE","game/archives/v0634525_players2_layout111_size5_uplands_s0000014_high.arch",82828260,82828260,82488544,2
"FA1D30C6082935016730D239799FDEFAB26EC9FE","game/archives/v0650139_players2_layout210_size1_uplands_s0000220_high.arch",12662970,12662970,12583944,2
"FA1D30C6082935016730D239799FDEFAB26EC9FE","game/archives/v0671776_players1_layout003_size1_uplands_s0000555_high.arch",16242423,16242423,16186373,2
"FA1D30C6082935016730D239799FDEFAB26EC9FE","game/archives/v0685954_players1_layout303_size1_uplands_s0001234_high.arch",10093751,10093751,10027231,2
"FA1D30C6082935016730D239799FDEFAB26EC9FE","game/archives/v0687269_players4_layout401_size2_drlands_s0000112_high.arch",18796813,18796813,18719893,2
"FA1D30C6082935016730D239799FDEFAB26EC9FE","game/archives/v0688427_players8_layout801_size1_nolands_s0001235_high.arch",25715819,25715819,25395231,2
"FA1D30C6082935016730D239799FDEFAB26EC9FE","game/archives/v0690322_players1_layout002_size1_uplands_s0000200_high.arch",7816564,7816564,7722971,2
"FA1D30C6082935016730D239799FDEFAB26EC9FE","game/archives/v0691398_players1_layout005_size1_drlands_s0000509_high.arch",18940381,18940381,18855107,2
"FA1D30C6082935016730D239799FDEFAB26EC9FE","game/archives/v0691618_players2_layout202_size1_nolands_s0000016_high.arch",11249065,11249065,11154345,2
"FA1D30C6082935016730D239799FDEFAB26EC9FE","game/archives/v0698758_players1_layout010_size1_nolands_s0000200_high.arch",18230542,18230542,18147982,2
"FA1D30C6082935016730D239799FDEFAB26EC9FE","game/archives/v0701482_players1_layout020_size1_uplands_s0000111_high.arch",5676979,5676979,5665258,2
"FA1D30C6082935016730D239799FDEFAB26EC9FE","game/archives/v0704659_players1_layout004_size1_uplands_s0000001_high.arch",11893907,11893907,11811329,2
"FA1D30C6082935016730D239799FDEFAB26EC9FE","game/archives/v0704659_players1_layout006_size1_drlands_s0000009_high.arch",21446688,21446688,21122229,2
"FA1D30C6082935016730D239799FDEFAB26EC9FE","game/archives/v0704946_players1_layout001_size1_uplands_s0000100_high.arch",15500707,15500707,15419650,2
"FA1D30C6082935016730D239799FDEFAB26EC9FE","game/archives/v0709207_players2_layout304_size2_drlands_s0000600_high.arch",8318266,8318266,8279886,2
"FA1D30C6082935016730D239799FDEFAB26EC9FE","game/archives/v0711725_players8_layout800_size1_nolands_s0000011_high.arch",36344302,36344302,35975355,2
"FA1D30C6082935016730D239799FDEFAB26EC9FE","game/archives/v0713143_players8_layout801_size1_uplands_s0000700_high.arch",38356864,38356864,38011308,2
"FA1D30C6082935016730D239799FDEFAB26EC9FE","game/archives/v0714096_players1_layout302_size1_nolands_s0000080_high.arch",2497271,2497271,2469534,2
"FA1D30C6082935016730D239799FDEFAB26EC9FE","game/archives/v0714395_players1_layout007_size1_drlands_s0000034_high.arch",18460019,18460019,18143432,2
"FA1D30C6082935016730D239799FDEFAB26EC9FE","game/archives/v0716023_players1_layout011_size1_nolands_s0000009_high.arch",20031319,20031319,19918136,2
"FA1D30C6082935016730D239799FDEFAB26EC9FE","game/archives/v0718540_players1_layout009_size1_nolands_s0000700_high.arch",12578801,12578801,12453812,2
"FA1D30C6082935016730D239799FDEFAB26EC9FE","game/archives/v0726689_players1_layout012_size1_nolands_s0000500_high.arch",19192736,19192736,19045664,2
"FA1D30C6082935016730D239799FDEFAB26EC9FE","game/archives/v0727349_players1_layout013_size1_nolands_s0000500_high.arch",5101294,5101294,5083395,2
"FA1D30C6082935016730D239799FDEFAB26EC9FE","game/archives/v0727492_players1_layout008_size1_drlands_s0000970_high.arch",20651011,20651011,20317375,2
"FA1D30C6082935016730D239799FDEFAB26EC9FE","game/archives/v0731360_players4_layout410_qa_testmap_allfactions_s0001729_high.arch",22029417,22029417,21729402,2
"FA1D30C6082935016730D239799FDEFAB26EC9FE","game/archives/v0770400_players4_layout402_size1_uplands_s0000008_high.arch",17428149,17428149,17373424,2
"FA1D30C6082935016730D239799FDEFAB26EC9FE","game/archives/v0781365_players8_layout802_size1_nolands_s0000300_high.arch",15757405,15757405,15689289,2
"FA1D30C6082935016730D239799FDEFAB26EC9FE","game/archives/v0782313_players8_layout803_size1_nolands_s0000400_high.arch",9931744,9931744,9840730,2
"FA1D30C6082935016730D239799FDEFAB26EC9FE","game/archives/v0782440_players2_layout203_size1_drlands_s0000300_high.arch",6539382,6539382,6447471,2
"FA1D30C6082935016730D239799FDEFAB26EC9FE","game/archives/v0782697_players2_layout205_size1_drlands_s0000100_high.arch",4153714,4153714,4136330,2
"FA1D30C6082935016730D239799FDEFAB26EC9FE","game/archives/v0784598_players4_layout420_size1_uplands_s0000320_high.arch",20264125,20264125,20169509,2
"FA1D30C6082935016730D239799FDEFAB26EC9FE","game/archives/v0787233_players2_layout211_size1_drlands_s0000580_high.arch",11958831,11958831,11863282,2
"FA1D30C6082935016730D239799FDEFAB26EC9FE","game/archives/v0787414_players2_layout203_size1_drlands_s0001101_high.arch",6586843,6586843,6496196,2
"FA1D30C6082935016730D239799FDEFAB26EC9FE","game/archives/v0789488_players4_layout403_size1_uplands_s0000666_high.arch",17215313,17215313,17131022,2
"FA1D30C6082935016730D239799FDEFAB26EC9FE","game/archives/v0804072_players8_layout804_size1_uplands_s0000201_high.arch",14551380,14551380,14474663,2
"FA1D30C6082935016730D239799FDEFAB26EC9FE","game/archives/v0828170_players2_layout218_size1_uplands_s0000777_high.arch",6407785,6407785,6381849,2
"FA1D30C6082935016730D239799FDEFAB26EC9FE","game/archives/v0829288_players4_layout404_size1_uplands_s0000777_high.arch",21176319,21176319,21078775,2
"FA1D30C6082935016730D239799FDEFAB26EC9FE","game/archives/v0840989_players2_layout220_size1_drlands_s0000374_high.arch",7052879,7052879,7013048,2
"FA1D30C6082935016730D239799FDEFAB26EC9FE","snowman/sdf/pc/data/sdf-C-0200-en-US.sdfdata",550099,550099,359912,4
"FA1D30C6082935016730D239799FDEFAB26EC9FE","snowman/sdf/pc/data/sdf-C-0460-en-US.sdfdata",268227623,268227623,264638010,4
"FA1D30C6082935016730D239799FDEFAB26EC9FE","snowman/sdf/pc/data/sdf-C-0461-en-US.sdfdata",151824860,151824860,150879863,4
"FA1D30C6082935016730D239799FDEFAB26EC9FE","snowman/sdf/pc/data/sdf-C-0240-de-DE.sdfdata",268404961,268404961,265105785,5
"FA1D30C6082935016730D239799FDEFAB26EC9FE","snowman/sdf/pc/data/sdf-C-0241-de-DE.sdfdata",173268650,173268650,172085439,5
"FA1D30C6082935016730D239799FDEFAB26EC9FE","snowman/sdf/pc/data/sdf-C-0220-fr-FR.sdfdata",268171665,268171665,264793660,6
"FA1D30C6082935016730D239799FDEFAB26EC9FE","snowman/sdf/pc/data/sdf-C-0221-fr-FR.sdfdata",165527381,165527381,164425584,6
"FA1D30C6082935016730D239799FDEFAB26EC9FE","snowman/sdf/pc/data/sdf-C-0260-it-IT.sdfdata",384865,384865,284021,7
"FA1D30C6082935016730D239799FDEFAB26EC9FE","snowman/sdf/pc/data/sdf-C-0380-es-ES.sdfdata",386038,386038,285159,8
"FA1D30C6082935016730D239799FDEFAB26EC9FE","snowman/sdf/pc/data/sdf-C-0340-ru-RU.sdfdata",424407,424407,316114,9
"FA1D30C6082935016730D239799FDEFAB26EC9FE","snowman/sdf/pc/data/sdf-C-0300-ko-KR.sdfdata",382074,382074,279435,10
"FA1D30C6082935016730D239799FDEFAB26EC9FE","snowman/sdf/pc/data/sdf-C-0420-zh-TW.sdfdata",377782,377782,274887,11
"FA1D30C6082935016730D239799FDEFAB26EC9FE","snowman/sdf/pc/data/sdf-C-0360-zh-CN.sdfdata",378973,378973,276575,12
"FA1D30C6082935016730D239799FDEFAB26EC9FE","snowman/sdf/pc/data/sdf-C-0320-pl-PL.sdfdata",409632,409632,303286,13
"FA1D30C6082935016730D239799FDEFAB26EC9FE","snowman/sdf/pc/data/sdf-C-0400-pt-BR.sdfdata",390888,390888,285643,14
"FA1D30C6082935016730D239799FDEFAB26EC9FE","snowman/sdf/pc/data/sdf-C-0280-ja-JP.sdfdata",386977,386977,283098,15
"FA1D30C6082935016730D239799FDEFAB26EC9FE","snowman/sdf/pc/data/sdf-C-0440-cs-CZ.sdfdata",278418,278418,234222,16
