"420","0F720FD885FC634CDF3A95B1F157C7FC682C6DD4","0000-00-00",430,40918257389,2263551725,1134034829,3
"0F720FD885FC634CDF3A95B1F157C7FC682C6DD4","FarCry4.dll",5156568,5156568,342021,0
"0F720FD885FC634CDF3A95B1F157C7FC682C6DD4","GameuxInstallHelper.dll",92176,92176,45266,0
"0F720FD885FC634CDF3A95B1F157C7FC682C6DD4","GDFInstall.exe",94112,94112,48889,0
"0F720FD885FC634CDF3A95B1F157C7FC682C6DD4","bin\IGE_WPF64.exe.config",144,144,118,0
"0F720FD885FC634CDF3A95B1F157C7FC682C6DD4","bin\bink2w64.dll",435712,435712,213449,0
"0F720FD885FC634CDF3A95B1F157C7FC682C6DD4","bin\Divelements.SandDock.dll",421080,421080,117805,0
"0F720FD885FC634CDF3A95B1F157C7FC682C6DD4","bin\Divelements.SandGrid.dll",345816,345816,134820,0
"0F720FD885FC634CDF3A95B1F157C7FC682C6DD4","bin\FC64.dll",44527112,44527112,40371563,0
"0F720FD885FC634CDF3A95B1F157C7FC682C6DD4","bin\GDFWin8.dll",3378696,3378696,370530,0
"0F720FD885FC634CDF3A95B1F157C7FC682C6DD4","bin\GFSDK_GodraysLib.x64.dll",227840,227840,56684,0
"0F720FD885FC634CDF3A95B1F157C7FC682C6DD4","bin\GFSDK_HairWorks.win64.dll",924160,924160,301214,0
"0F720FD885FC634CDF3A95B1F157C7FC682C6DD4","bin\GFSDK_HairWorksExt.win64.dll",8218624,8218624,2449470,0
"0F720FD885FC634CDF3A95B1F157C7FC682C6DD4","bin\GFSDK_ShadowLib.win64.dll",3439104,3439104,103171,0
"0F720FD885FC634CDF3A95B1F157C7FC682C6DD4","bin\GFSDK_SSAO.win64.dll",710656,710656,124120,0
"0F720FD885FC634CDF3A95B1F157C7FC682C6DD4","bin\GFSDK_TXAA.win64.dll",94720,94720,35729,0
"0F720FD885FC634CDF3A95B1F157C7FC682C6DD4","bin\IGE.WPF.Core64.dll",6354136,6354136,5169238,0
"0F720FD885FC634CDF3A95B1F157C7FC682C6DD4","bin\NvGsa.x64.dll",59392,59392,25114,0
"0F720FD885FC634CDF3A95B1F157C7FC682C6DD4","bin\SandBar.dll",263896,263896,105027,0
"0F720FD885FC634CDF3A95B1F157C7FC682C6DD4","bin\SandDock.dll",362200,362200,145772,0
"0F720FD885FC634CDF3A95B1F157C7FC682C6DD4","bin\systemdetection64.dll",488456,488456,166705,0
"0F720FD885FC634CDF3A95B1F157C7FC682C6DD4","bin\Ubisoft.ApplicationModel.dll",168664,168664,69251,0
"0F720FD885FC634CDF3A95B1F157C7FC682C6DD4","bin\Ubisoft.Controls.dll",1172184,1172184,354677,0
"0F720FD885FC634CDF3A95B1F157C7FC682C6DD4","bin\Ubisoft.Core.dll",1092312,1092312,352784,0
"0F720FD885FC634CDF3A95B1F157C7FC682C6DD4","bin\Ubisoft.IconLibrary.dll",5457624,5457624,1189914,0
"0F720FD885FC634CDF3A95B1F157C7FC682C6DD4","bin\Ubisoft.SandControls.dll",189144,189144,80814,0
"0F720FD885FC634CDF3A95B1F157C7FC682C6DD4","bin\Ubisoft.Theater.Editors.dll",457944,457944,164917,0
"0F720FD885FC634CDF3A95B1F157C7FC682C6DD4","bin\Ubisoft.Theater.System.dll",74968,74968,28436,0
"0F720FD885FC634CDF3A95B1F157C7FC682C6DD4","bin\uplay_r1_loader64.dll",576312,576312,181833,0
"0F720FD885FC634CDF3A95B1F157C7FC682C6DD4","bin\WPFToolkit.dll",467160,467160,156924,0
"0F720FD885FC634CDF3A95B1F157C7FC682C6DD4","bin\zlibwapi_x64.dll",159744,159744,79504,0
"0F720FD885FC634CDF3A95B1F157C7FC682C6DD4","bin\FarCry4.exe",95240,95240,29551,0
"0F720FD885FC634CDF3A95B1F157C7FC682C6DD4","bin\IGE_WPF64.exe",1445592,1445592,176559,0
"0F720FD885FC634CDF3A95B1F157C7FC682C6DD4","bin\farcry4.ico",477478,477478,112952,0
"0F720FD885FC634CDF3A95B1F157C7FC682C6DD4","Support\Software\GEFirewall.bat",256,256,168,1
"0F720FD885FC634CDF3A95B1F157C7FC682C6DD4","Support\Manual\Brazilian\FarCry4.pdf",1741824,1741824,1731208,1
"0F720FD885FC634CDF3A95B1F157C7FC682C6DD4","Support\Manual\Chinese_Simplified\FarCry4.pdf",1741824,1741824,1731208,1
"0F720FD885FC634CDF3A95B1F157C7FC682C6DD4","Support\Manual\Chinese_Traditional\FarCry4.pdf",1741824,1741824,1731208,1
"0F720FD885FC634CDF3A95B1F157C7FC682C6DD4","Support\Manual\Czech\FarCry4.pdf",1741824,1741824,1731208,1
"0F720FD885FC634CDF3A95B1F157C7FC682C6DD4","Support\Manual\Danish\FarCry4.pdf",1741824,1741824,1731208,1
"0F720FD885FC634CDF3A95B1F157C7FC682C6DD4","Support\Manual\Dutch\FarCry4.pdf",1741824,1741824,1731208,1
"0F720FD885FC634CDF3A95B1F157C7FC682C6DD4","Support\Manual\English\FarCry4.pdf",1741824,1741824,1731208,1
"0F720FD885FC634CDF3A95B1F157C7FC682C6DD4","Support\Manual\Finnish\FarCry4.pdf",1741824,1741824,1731208,1
"0F720FD885FC634CDF3A95B1F157C7FC682C6DD4","Support\Manual\French\FarCry4.pdf",1741824,1741824,1731208,1
"0F720FD885FC634CDF3A95B1F157C7FC682C6DD4","Support\Manual\German\FarCry4.pdf",1741824,1741824,1731208,1
"0F720FD885FC634CDF3A95B1F157C7FC682C6DD4","Support\Manual\Italian\FarCry4.pdf",1741824,1741824,1731208,1
"0F720FD885FC634CDF3A95B1F157C7FC682C6DD4","Support\Manual\Korean\FarCry4.pdf",1741824,1741824,1731208,1
"0F720FD885FC634CDF3A95B1F157C7FC682C6DD4","Support\Manual\Mexican\FarCry4.pdf",1741824,1741824,1731208,1
"0F720FD885FC634CDF3A95B1F157C7FC682C6DD4","Support\Manual\Norwegian\FarCry4.pdf",1741824,1741824,1731208,1
"0F720FD885FC634CDF3A95B1F157C7FC682C6DD4","Support\Manual\Polish\FarCry4.pdf",1741824,1741824,1731208,1
"0F720FD885FC634CDF3A95B1F157C7FC682C6DD4","Support\Manual\Portuguese\FarCry4.pdf",1741824,1741824,1731208,1
"0F720FD885FC634CDF3A95B1F157C7FC682C6DD4","Support\Manual\Spanish\FarCry4.pdf",1741824,1741824,1731208,1
"0F720FD885FC634CDF3A95B1F157C7FC682C6DD4","Support\Manual\Swedish\FarCry4.pdf",1741824,1741824,1731208,1
"0F720FD885FC634CDF3A95B1F157C7FC682C6DD4","Support\Readme\Brazilian\Readme.txt",15401,15401,4828,1
"0F720FD885FC634CDF3A95B1F157C7FC682C6DD4","Support\Readme\Chinese_Simplified\Readme.txt",14021,14021,4423,1
"0F720FD885FC634CDF3A95B1F157C7FC682C6DD4","Support\Readme\Chinese_Traditional\Readme.txt",14021,14021,4423,1
"0F720FD885FC634CDF3A95B1F157C7FC682C6DD4","Support\Readme\Czech\Readme.txt",13985,13985,4642,1
"0F720FD885FC634CDF3A95B1F157C7FC682C6DD4","Support\Readme\Danish\Readme.txt",14119,14119,4474,1
"0F720FD885FC634CDF3A95B1F157C7FC682C6DD4","Support\Readme\Mexican\Readme.txt",15815,15815,4793,1
"0F720FD885FC634CDF3A95B1F157C7FC682C6DD4","Support\Readme\Dutch\Readme.txt",15257,15257,4712,1
"0F720FD885FC634CDF3A95B1F157C7FC682C6DD4","Support\Readme\English\Readme.txt",14021,14021,4423,1
"0F720FD885FC634CDF3A95B1F157C7FC682C6DD4","Support\Readme\Finnish\Readme.txt",14833,14833,4769,1
"0F720FD885FC634CDF3A95B1F157C7FC682C6DD4","Support\Readme\French\Readme.txt",15693,15693,4754,1
"0F720FD885FC634CDF3A95B1F157C7FC682C6DD4","Support\Readme\German\Readme.txt",13087,13087,4050,1
"0F720FD885FC634CDF3A95B1F157C7FC682C6DD4","Support\Readme\Italian\Readme.txt",14802,14802,4647,1
"0F720FD885FC634CDF3A95B1F157C7FC682C6DD4","Support\Readme\Korean\Readme.txt",14597,14597,4599,1
"0F720FD885FC634CDF3A95B1F157C7FC682C6DD4","Support\Readme\Norwegian\Readme.txt",14684,14684,4546,1
"0F720FD885FC634CDF3A95B1F157C7FC682C6DD4","Support\Readme\Polish\Readme.txt",15568,15568,4989,1
"0F720FD885FC634CDF3A95B1F157C7FC682C6DD4","Support\Readme\Portuguese\Readme.txt",12219,12219,3862,1
"0F720FD885FC634CDF3A95B1F157C7FC682C6DD4","Support\Readme\Spanish\Readme.txt",15805,15805,4786,1
"0F720FD885FC634CDF3A95B1F157C7FC682C6DD4","Support\Readme\Swedish\Readme.txt",14278,14278,4486,1
"0F720FD885FC634CDF3A95B1F157C7FC682C6DD4","Support\Software\DirectX\Apr2005_d3dx9_25_x64.cab",1347354,1347354,1344743,1
"0F720FD885FC634CDF3A95B1F157C7FC682C6DD4","Support\Software\DirectX\Apr2005_d3dx9_25_x86.cab",1078962,1078962,1073855,1
"0F720FD885FC634CDF3A95B1F157C7FC682C6DD4","Support\Software\DirectX\Apr2006_d3dx9_30_x64.cab",1397830,1397830,1395153,1
"0F720FD885FC634CDF3A95B1F157C7FC682C6DD4","Support\Software\DirectX\Apr2006_d3dx9_30_x86.cab",1115221,1115221,1110388,1
"0F720FD885FC634CDF3A95B1F157C7FC682C6DD4","Support\Software\DirectX\Apr2006_MDX1_x86.cab",916430,916430,909712,1
"0F720FD885FC634CDF3A95B1F157C7FC682C6DD4","Support\Software\DirectX\Apr2006_MDX1_x86_Archive.cab",4162630,4162630,4153036,1
"0F720FD885FC634CDF3A95B1F157C7FC682C6DD4","Support\Software\DirectX\Apr2006_XACT_x64.cab",179133,179133,177074,1
"0F720FD885FC634CDF3A95B1F157C7FC682C6DD4","Support\Software\DirectX\Apr2006_XACT_x86.cab",133103,133103,130857,1
"0F720FD885FC634CDF3A95B1F157C7FC682C6DD4","Support\Software\DirectX\Apr2006_xinput_x64.cab",87101,87101,84983,1
"0F720FD885FC634CDF3A95B1F157C7FC682C6DD4","Support\Software\DirectX\Apr2006_xinput_x86.cab",46010,46010,43856,1
"0F720FD885FC634CDF3A95B1F157C7FC682C6DD4","Support\Software\DirectX\APR2007_d3dx10_33_x64.cab",698612,698612,696489,1
"0F720FD885FC634CDF3A95B1F157C7FC682C6DD4","Support\Software\DirectX\APR2007_d3dx10_33_x86.cab",695865,695865,693776,1
"0F720FD885FC634CDF3A95B1F157C7FC682C6DD4","Support\Software\DirectX\APR2007_d3dx9_33_x64.cab",1607358,1607358,1604459,1
"0F720FD885FC634CDF3A95B1F157C7FC682C6DD4","Support\Software\DirectX\APR2007_d3dx9_33_x86.cab",1606039,1606039,1600898,1
"0F720FD885FC634CDF3A95B1F157C7FC682C6DD4","Support\Software\DirectX\APR2007_XACT_x64.cab",195766,195766,193696,1
"0F720FD885FC634CDF3A95B1F157C7FC682C6DD4","Support\Software\DirectX\APR2007_XACT_x86.cab",151225,151225,149126,1
"0F720FD885FC634CDF3A95B1F157C7FC682C6DD4","Support\Software\DirectX\APR2007_xinput_x64.cab",96817,96817,94650,1
"0F720FD885FC634CDF3A95B1F157C7FC682C6DD4","Support\Software\DirectX\APR2007_xinput_x86.cab",53302,53302,51111,1
"0F720FD885FC634CDF3A95B1F157C7FC682C6DD4","Support\Software\DirectX\Aug2005_d3dx9_27_x64.cab",1350542,1350542,1348487,1
"0F720FD885FC634CDF3A95B1F157C7FC682C6DD4","Support\Software\DirectX\Aug2005_d3dx9_27_x86.cab",1077644,1077644,1072829,1
"0F720FD885FC634CDF3A95B1F157C7FC682C6DD4","Support\Software\DirectX\AUG2006_XACT_x64.cab",182903,182903,180849,1
"0F720FD885FC634CDF3A95B1F157C7FC682C6DD4","Support\Software\DirectX\AUG2006_XACT_x86.cab",137235,137235,135125,1
"0F720FD885FC634CDF3A95B1F157C7FC682C6DD4","Support\Software\DirectX\AUG2006_xinput_x64.cab",87142,87142,85003,1
"0F720FD885FC634CDF3A95B1F157C7FC682C6DD4","Support\Software\DirectX\AUG2006_xinput_x86.cab",46058,46058,43898,1
"0F720FD885FC634CDF3A95B1F157C7FC682C6DD4","Support\Software\DirectX\AUG2007_d3dx10_35_x64.cab",852286,852286,850191,1
"0F720FD885FC634CDF3A95B1F157C7FC682C6DD4","Support\Software\DirectX\AUG2007_d3dx10_35_x86.cab",796867,796867,794261,1
"0F720FD885FC634CDF3A95B1F157C7FC682C6DD4","Support\Software\DirectX\AUG2007_d3dx9_35_x64.cab",1800160,1800160,1797966,1
"0F720FD885FC634CDF3A95B1F157C7FC682C6DD4","Support\Software\DirectX\AUG2007_d3dx9_35_x86.cab",1708152,1708152,1703093,1
"0F720FD885FC634CDF3A95B1F157C7FC682C6DD4","Support\Software\DirectX\AUG2007_XACT_x64.cab",198096,198096,196036,1
"0F720FD885FC634CDF3A95B1F157C7FC682C6DD4","Support\Software\DirectX\AUG2007_XACT_x86.cab",153012,153012,150926,1
"0F720FD885FC634CDF3A95B1F157C7FC682C6DD4","Support\Software\DirectX\Aug2008_d3dx10_39_x64.cab",867612,867612,864799,1
"0F720FD885FC634CDF3A95B1F157C7FC682C6DD4","Support\Software\DirectX\Aug2008_d3dx10_39_x86.cab",849167,849167,846363,1
"0F720FD885FC634CDF3A95B1F157C7FC682C6DD4","Support\Software\DirectX\Aug2008_d3dx9_39_x64.cab",1794084,1794084,1790641,1
"0F720FD885FC634CDF3A95B1F157C7FC682C6DD4","Support\Software\DirectX\Aug2008_d3dx9_39_x86.cab",1464672,1464672,1462596,1
"0F720FD885FC634CDF3A95B1F157C7FC682C6DD4","Support\Software\DirectX\Aug2008_XACT_x64.cab",121772,121772,119651,1
"0F720FD885FC634CDF3A95B1F157C7FC682C6DD4","Support\Software\DirectX\Aug2008_XACT_x86.cab",92996,92996,90824,1
"0F720FD885FC634CDF3A95B1F157C7FC682C6DD4","Support\Software\DirectX\Aug2008_XAudio_x64.cab",271412,271412,269314,1
"0F720FD885FC634CDF3A95B1F157C7FC682C6DD4","Support\Software\DirectX\Aug2008_XAudio_x86.cab",271038,271038,268891,1
"0F720FD885FC634CDF3A95B1F157C7FC682C6DD4","Support\Software\DirectX\Aug2009_D3DCompiler_42_x64.cab",919044,919044,911897,1
"0F720FD885FC634CDF3A95B1F157C7FC682C6DD4","Support\Software\DirectX\Aug2009_D3DCompiler_42_x86.cab",900598,900598,895301,1
"0F720FD885FC634CDF3A95B1F157C7FC682C6DD4","Support\Software\DirectX\Aug2009_d3dcsx_42_x64.cab",3112111,3112111,3109978,1
"0F720FD885FC634CDF3A95B1F157C7FC682C6DD4","Support\Software\DirectX\Aug2009_d3dcsx_42_x86.cab",3319740,3319740,3315648,1
"0F720FD885FC634CDF3A95B1F157C7FC682C6DD4","Support\Software\DirectX\Aug2009_d3dx10_42_x64.cab",232635,232635,230581,1
"0F720FD885FC634CDF3A95B1F157C7FC682C6DD4","Support\Software\DirectX\Aug2009_d3dx10_42_x86.cab",192131,192131,190003,1
"0F720FD885FC634CDF3A95B1F157C7FC682C6DD4","Support\Software\DirectX\Aug2009_d3dx11_42_x64.cab",136301,136301,134308,1
"0F720FD885FC634CDF3A95B1F157C7FC682C6DD4","Support\Software\DirectX\Aug2009_d3dx11_42_x86.cab",105044,105044,102815,1
"0F720FD885FC634CDF3A95B1F157C7FC682C6DD4","Support\Software\DirectX\Aug2009_d3dx9_42_x64.cab",930116,930116,927088,1
"0F720FD885FC634CDF3A95B1F157C7FC682C6DD4","Support\Software\DirectX\Aug2009_d3dx9_42_x86.cab",728456,728456,725096,1
"0F720FD885FC634CDF3A95B1F157C7FC682C6DD4","Support\Software\DirectX\Aug2009_XACT_x64.cab",122408,122408,120284,1
"0F720FD885FC634CDF3A95B1F157C7FC682C6DD4","Support\Software\DirectX\Aug2009_XACT_x86.cab",93106,93106,90971,1
"0F720FD885FC634CDF3A95B1F157C7FC682C6DD4","Support\Software\DirectX\Aug2009_XAudio_x64.cab",273264,273264,271171,1
"0F720FD885FC634CDF3A95B1F157C7FC682C6DD4","Support\Software\DirectX\Aug2009_XAudio_x86.cab",272642,272642,270536,1
"0F720FD885FC634CDF3A95B1F157C7FC682C6DD4","Support\Software\DirectX\Dec2005_d3dx9_28_x64.cab",1357976,1357976,1355322,1
"0F720FD885FC634CDF3A95B1F157C7FC682C6DD4","Support\Software\DirectX\Dec2005_d3dx9_28_x86.cab",1079456,1079456,1074608,1
"0F720FD885FC634CDF3A95B1F157C7FC682C6DD4","Support\Software\DirectX\DEC2006_d3dx10_00_x64.cab",212807,212807,210722,1
"0F720FD885FC634CDF3A95B1F157C7FC682C6DD4","Support\Software\DirectX\DEC2006_d3dx10_00_x86.cab",191720,191720,189577,1
"0F720FD885FC634CDF3A95B1F157C7FC682C6DD4","Support\Software\DirectX\DEC2006_d3dx9_32_x64.cab",1571154,1571154,1568399,1
"0F720FD885FC634CDF3A95B1F157C7FC682C6DD4","Support\Software\DirectX\DEC2006_d3dx9_32_x86.cab",1574376,1574376,1569491,1
"0F720FD885FC634CDF3A95B1F157C7FC682C6DD4","Support\Software\DirectX\DEC2006_XACT_x64.cab",192475,192475,190396,1
"0F720FD885FC634CDF3A95B1F157C7FC682C6DD4","Support\Software\DirectX\DEC2006_XACT_x86.cab",145599,145599,143505,1
"0F720FD885FC634CDF3A95B1F157C7FC682C6DD4","Support\Software\DirectX\DSETUP.dll",89944,89944,44094,1
"0F720FD885FC634CDF3A95B1F157C7FC682C6DD4","Support\Software\DirectX\dsetup32.dll",1801048,1801048,134339,1
"0F720FD885FC634CDF3A95B1F157C7FC682C6DD4","Support\Software\DirectX\dsetup64.dll",34753,34753,33701,1
"0F720FD885FC634CDF3A95B1F157C7FC682C6DD4","Support\Software\DirectX\dxdllreg_x86.cab",42410,42410,40270,1
"0F720FD885FC634CDF3A95B1F157C7FC682C6DD4","Support\Software\DirectX\DXSETUP.exe",537432,537432,91493,1
"0F720FD885FC634CDF3A95B1F157C7FC682C6DD4","Support\Software\DirectX\dxupdate.cab",94011,94011,91771,1
"0F720FD885FC634CDF3A95B1F157C7FC682C6DD4","Support\Software\DirectX\Feb2005_d3dx9_24_x64.cab",1247499,1247499,1244922,1
"0F720FD885FC634CDF3A95B1F157C7FC682C6DD4","Support\Software\DirectX\Feb2005_d3dx9_24_x86.cab",1013225,1013225,1008342,1
"0F720FD885FC634CDF3A95B1F157C7FC682C6DD4","Support\Software\DirectX\Feb2006_d3dx9_29_x64.cab",1362796,1362796,1360185,1
"0F720FD885FC634CDF3A95B1F157C7FC682C6DD4","Support\Software\DirectX\Feb2006_d3dx9_29_x86.cab",1084720,1084720,1079685,1
"0F720FD885FC634CDF3A95B1F157C7FC682C6DD4","Support\Software\DirectX\Feb2006_XACT_x64.cab",178359,178359,176285,1
"0F720FD885FC634CDF3A95B1F157C7FC682C6DD4","Support\Software\DirectX\Feb2006_XACT_x86.cab",132409,132409,130142,1
"0F720FD885FC634CDF3A95B1F157C7FC682C6DD4","Support\Software\DirectX\FEB2007_XACT_x64.cab",194675,194675,192610,1
"0F720FD885FC634CDF3A95B1F157C7FC682C6DD4","Support\Software\DirectX\FEB2007_XACT_x86.cab",147983,147983,145887,1
"0F720FD885FC634CDF3A95B1F157C7FC682C6DD4","Support\Software\DirectX\Feb2010_X3DAudio_x64.cab",54678,54678,52477,1
"0F720FD885FC634CDF3A95B1F157C7FC682C6DD4","Support\Software\DirectX\Feb2010_X3DAudio_x86.cab",20713,20713,18464,1
"0F720FD885FC634CDF3A95B1F157C7FC682C6DD4","Support\Software\DirectX\Feb2010_XACT_x64.cab",122446,122446,120323,1
"0F720FD885FC634CDF3A95B1F157C7FC682C6DD4","Support\Software\DirectX\Feb2010_XACT_x86.cab",93180,93180,91043,1
"0F720FD885FC634CDF3A95B1F157C7FC682C6DD4","Support\Software\DirectX\Feb2010_XAudio_x64.cab",276960,276960,274871,1
"0F720FD885FC634CDF3A95B1F157C7FC682C6DD4","Support\Software\DirectX\Feb2010_XAudio_x86.cab",277191,277191,275079,1
"0F720FD885FC634CDF3A95B1F157C7FC682C6DD4","Support\Software\DirectX\Jun2005_d3dx9_26_x64.cab",1336002,1336002,1333316,1
"0F720FD885FC634CDF3A95B1F157C7FC682C6DD4","Support\Software\DirectX\Jun2005_d3dx9_26_x86.cab",1064925,1064925,1059886,1
"0F720FD885FC634CDF3A95B1F157C7FC682C6DD4","Support\Software\DirectX\JUN2006_XACT_x64.cab",180785,180785,178734,1
"0F720FD885FC634CDF3A95B1F157C7FC682C6DD4","Support\Software\DirectX\JUN2006_XACT_x86.cab",133671,133671,131426,1
"0F720FD885FC634CDF3A95B1F157C7FC682C6DD4","Support\Software\DirectX\JUN2007_d3dx10_34_x64.cab",699044,699044,696968,1
"0F720FD885FC634CDF3A95B1F157C7FC682C6DD4","Support\Software\DirectX\JUN2007_d3dx10_34_x86.cab",698472,698472,696399,1
"0F720FD885FC634CDF3A95B1F157C7FC682C6DD4","Support\Software\DirectX\JUN2007_d3dx9_34_x64.cab",1607774,1607774,1605070,1
"0F720FD885FC634CDF3A95B1F157C7FC682C6DD4","Support\Software\DirectX\JUN2007_d3dx9_34_x86.cab",1607286,1607286,1602095,1
"0F720FD885FC634CDF3A95B1F157C7FC682C6DD4","Support\Software\DirectX\JUN2007_XACT_x64.cab",197122,197122,195038,1
"0F720FD885FC634CDF3A95B1F157C7FC682C6DD4","Support\Software\DirectX\JUN2007_XACT_x86.cab",152909,152909,150823,1
"0F720FD885FC634CDF3A95B1F157C7FC682C6DD4","Support\Software\DirectX\JUN2008_d3dx10_38_x64.cab",867828,867828,865090,1
"0F720FD885FC634CDF3A95B1F157C7FC682C6DD4","Support\Software\DirectX\JUN2008_d3dx10_38_x86.cab",849919,849919,847157,1
"0F720FD885FC634CDF3A95B1F157C7FC682C6DD4","Support\Software\DirectX\JUN2008_d3dx9_38_x64.cab",1792608,1792608,1789141,1
"0F720FD885FC634CDF3A95B1F157C7FC682C6DD4","Support\Software\DirectX\JUN2008_d3dx9_38_x86.cab",1463878,1463878,1460619,1
"0F720FD885FC634CDF3A95B1F157C7FC682C6DD4","Support\Software\DirectX\JUN2008_X3DAudio_x64.cab",55154,55154,52952,1
"0F720FD885FC634CDF3A95B1F157C7FC682C6DD4","Support\Software\DirectX\JUN2008_X3DAudio_x86.cab",21905,21905,19681,1
"0F720FD885FC634CDF3A95B1F157C7FC682C6DD4","Support\Software\DirectX\JUN2008_XACT_x64.cab",121054,121054,118920,1
"0F720FD885FC634CDF3A95B1F157C7FC682C6DD4","Support\Software\DirectX\JUN2008_XACT_x86.cab",93128,93128,90976,1
"0F720FD885FC634CDF3A95B1F157C7FC682C6DD4","Support\Software\DirectX\JUN2008_XAudio_x64.cab",269628,269628,267524,1
"0F720FD885FC634CDF3A95B1F157C7FC682C6DD4","Support\Software\DirectX\JUN2008_XAudio_x86.cab",269024,269024,266917,1
"0F720FD885FC634CDF3A95B1F157C7FC682C6DD4","Support\Software\DirectX\Jun2010_D3DCompiler_43_x64.cab",944460,944460,942381,1
"0F720FD885FC634CDF3A95B1F157C7FC682C6DD4","Support\Software\DirectX\Jun2010_D3DCompiler_43_x86.cab",931471,931471,928562,1
"0F720FD885FC634CDF3A95B1F157C7FC682C6DD4","Support\Software\DirectX\Jun2010_d3dcsx_43_x64.cab",752783,752783,748290,1
"0F720FD885FC634CDF3A95B1F157C7FC682C6DD4","Support\Software\DirectX\Jun2010_d3dcsx_43_x86.cab",762188,762188,752535,1
"0F720FD885FC634CDF3A95B1F157C7FC682C6DD4","Support\Software\DirectX\Jun2010_d3dx10_43_x64.cab",235955,235955,233866,1
"0F720FD885FC634CDF3A95B1F157C7FC682C6DD4","Support\Software\DirectX\Jun2010_d3dx10_43_x86.cab",197283,197283,195103,1
"0F720FD885FC634CDF3A95B1F157C7FC682C6DD4","Support\Software\DirectX\Jun2010_d3dx11_43_x64.cab",138205,138205,136096,1
"0F720FD885FC634CDF3A95B1F157C7FC682C6DD4","Support\Software\DirectX\Jun2010_d3dx11_43_x86.cab",109445,109445,107204,1
"0F720FD885FC634CDF3A95B1F157C7FC682C6DD4","Support\Software\DirectX\Jun2010_d3dx9_43_x64.cab",937246,937246,934422,1
"0F720FD885FC634CDF3A95B1F157C7FC682C6DD4","Support\Software\DirectX\Jun2010_d3dx9_43_x86.cab",768036,768036,764920,1
"0F720FD885FC634CDF3A95B1F157C7FC682C6DD4","Support\Software\DirectX\Jun2010_XACT_x64.cab",124596,124596,122473,1
"0F720FD885FC634CDF3A95B1F157C7FC682C6DD4","Support\Software\DirectX\Jun2010_XACT_x86.cab",93686,93686,91545,1
"0F720FD885FC634CDF3A95B1F157C7FC682C6DD4","Support\Software\DirectX\Jun2010_XAudio_x64.cab",277338,277338,275253,1
"0F720FD885FC634CDF3A95B1F157C7FC682C6DD4","Support\Software\DirectX\Jun2010_XAudio_x86.cab",278060,278060,275939,1
"0F720FD885FC634CDF3A95B1F157C7FC682C6DD4","Support\Software\DirectX\Mar2008_d3dx10_37_x64.cab",844884,844884,842194,1
"0F720FD885FC634CDF3A95B1F157C7FC682C6DD4","Support\Software\DirectX\Mar2008_d3dx10_37_x86.cab",818260,818260,815183,1
"0F720FD885FC634CDF3A95B1F157C7FC682C6DD4","Support\Software\DirectX\Mar2008_d3dx9_37_x64.cab",1769862,1769862,1766187,1
"0F720FD885FC634CDF3A95B1F157C7FC682C6DD4","Support\Software\DirectX\Mar2008_d3dx9_37_x86.cab",1443282,1443282,1439864,1
"0F720FD885FC634CDF3A95B1F157C7FC682C6DD4","Support\Software\DirectX\Mar2008_X3DAudio_x64.cab",55058,55058,52851,1
"0F720FD885FC634CDF3A95B1F157C7FC682C6DD4","Support\Software\DirectX\Mar2008_X3DAudio_x86.cab",21867,21867,19616,1
"0F720FD885FC634CDF3A95B1F157C7FC682C6DD4","Support\Software\DirectX\Mar2008_XACT_x64.cab",122336,122336,120202,1
"0F720FD885FC634CDF3A95B1F157C7FC682C6DD4","Support\Software\DirectX\Mar2008_XACT_x86.cab",93734,93734,91589,1
"0F720FD885FC634CDF3A95B1F157C7FC682C6DD4","Support\Software\DirectX\Mar2008_XAudio_x64.cab",251194,251194,249162,1
"0F720FD885FC634CDF3A95B1F157C7FC682C6DD4","Support\Software\DirectX\Mar2008_XAudio_x86.cab",226250,226250,224152,1
"0F720FD885FC634CDF3A95B1F157C7FC682C6DD4","Support\Software\DirectX\Mar2009_d3dx10_41_x64.cab",1067160,1067160,1060563,1
"0F720FD885FC634CDF3A95B1F157C7FC682C6DD4","Support\Software\DirectX\Mar2009_d3dx10_41_x86.cab",1040745,1040745,1035703,1
"0F720FD885FC634CDF3A95B1F157C7FC682C6DD4","Support\Software\DirectX\Mar2009_d3dx9_41_x64.cab",1973702,1973702,1966092,1
"0F720FD885FC634CDF3A95B1F157C7FC682C6DD4","Support\Software\DirectX\Mar2009_d3dx9_41_x86.cab",1612446,1612446,1607990,1
"0F720FD885FC634CDF3A95B1F157C7FC682C6DD4","Support\Software\DirectX\Mar2009_X3DAudio_x64.cab",54600,54600,52391,1
"0F720FD885FC634CDF3A95B1F157C7FC682C6DD4","Support\Software\DirectX\Mar2009_X3DAudio_x86.cab",21298,21298,19078,1
"0F720FD885FC634CDF3A95B1F157C7FC682C6DD4","Support\Software\DirectX\Mar2009_XACT_x64.cab",121506,121506,119420,1
"0F720FD885FC634CDF3A95B1F157C7FC682C6DD4","Support\Software\DirectX\Mar2009_XACT_x86.cab",92740,92740,90591,1
"0F720FD885FC634CDF3A95B1F157C7FC682C6DD4","Support\Software\DirectX\Mar2009_XAudio_x64.cab",275044,275044,272953,1
"0F720FD885FC634CDF3A95B1F157C7FC682C6DD4","Support\Software\DirectX\Mar2009_XAudio_x86.cab",273018,273018,270882,1
"0F720FD885FC634CDF3A95B1F157C7FC682C6DD4","Support\Software\DirectX\Nov2007_d3dx10_36_x64.cab",864600,864600,862545,1
"0F720FD885FC634CDF3A95B1F157C7FC682C6DD4","Support\Software\DirectX\Nov2007_d3dx10_36_x86.cab",803884,803884,801800,1
"0F720FD885FC634CDF3A95B1F157C7FC682C6DD4","Support\Software\DirectX\Nov2007_d3dx9_36_x64.cab",1802058,1802058,1799814,1
"0F720FD885FC634CDF3A95B1F157C7FC682C6DD4","Support\Software\DirectX\Nov2007_d3dx9_36_x86.cab",1709360,1709360,1704019,1
"0F720FD885FC634CDF3A95B1F157C7FC682C6DD4","Support\Software\DirectX\NOV2007_X3DAudio_x64.cab",46144,46144,43941,1
"0F720FD885FC634CDF3A95B1F157C7FC682C6DD4","Support\Software\DirectX\NOV2007_X3DAudio_x86.cab",18496,18496,16258,1
"0F720FD885FC634CDF3A95B1F157C7FC682C6DD4","Support\Software\DirectX\NOV2007_XACT_x64.cab",196762,196762,194700,1
"0F720FD885FC634CDF3A95B1F157C7FC682C6DD4","Support\Software\DirectX\NOV2007_XACT_x86.cab",148264,148264,146169,1
"0F720FD885FC634CDF3A95B1F157C7FC682C6DD4","Support\Software\DirectX\Nov2008_d3dx10_40_x64.cab",994154,994154,988636,1
"0F720FD885FC634CDF3A95B1F157C7FC682C6DD4","Support\Software\DirectX\Nov2008_d3dx10_40_x86.cab",965421,965421,961167,1
"0F720FD885FC634CDF3A95B1F157C7FC682C6DD4","Support\Software\DirectX\Nov2008_d3dx9_40_x64.cab",1906878,1906878,1900499,1
"0F720FD885FC634CDF3A95B1F157C7FC682C6DD4","Support\Software\DirectX\Nov2008_d3dx9_40_x86.cab",1550796,1550796,1546785,1
"0F720FD885FC634CDF3A95B1F157C7FC682C6DD4","Support\Software\DirectX\Nov2008_X3DAudio_x64.cab",54522,54522,52317,1
"0F720FD885FC634CDF3A95B1F157C7FC682C6DD4","Support\Software\DirectX\Nov2008_X3DAudio_x86.cab",21851,21851,19598,1
"0F720FD885FC634CDF3A95B1F157C7FC682C6DD4","Support\Software\DirectX\Nov2008_XACT_x64.cab",121794,121794,119696,1
"0F720FD885FC634CDF3A95B1F157C7FC682C6DD4","Support\Software\DirectX\Nov2008_XACT_x86.cab",92684,92684,90518,1
"0F720FD885FC634CDF3A95B1F157C7FC682C6DD4","Support\Software\DirectX\Nov2008_XAudio_x64.cab",273960,273960,271856,1
"0F720FD885FC634CDF3A95B1F157C7FC682C6DD4","Support\Software\DirectX\Nov2008_XAudio_x86.cab",272611,272611,270502,1
"0F720FD885FC634CDF3A95B1F157C7FC682C6DD4","Support\Software\DirectX\Oct2005_xinput_x64.cab",86037,86037,83861,1
"0F720FD885FC634CDF3A95B1F157C7FC682C6DD4","Support\Software\DirectX\Oct2005_xinput_x86.cab",45359,45359,43194,1
"0F720FD885FC634CDF3A95B1F157C7FC682C6DD4","Support\Software\DirectX\OCT2006_d3dx9_31_x64.cab",1412902,1412902,1410210,1
"0F720FD885FC634CDF3A95B1F157C7FC682C6DD4","Support\Software\DirectX\OCT2006_d3dx9_31_x86.cab",1127217,1127217,1122040,1
"0F720FD885FC634CDF3A95B1F157C7FC682C6DD4","Support\Software\DirectX\OCT2006_XACT_x64.cab",182361,182361,180283,1
"0F720FD885FC634CDF3A95B1F157C7FC682C6DD4","Support\Software\DirectX\OCT2006_XACT_x86.cab",138017,138017,135912,1
"0F720FD885FC634CDF3A95B1F157C7FC682C6DD4","Support\Software\GameLauncher\UplayInstaller.exe",59334424,59334424,58965656,1
"0F720FD885FC634CDF3A95B1F157C7FC682C6DD4","Support\Software\Microsoft .NET Framework 4\dotNetFx40_Full_x86_x64.exe",50449456,50449456,50346396,1
"0F720FD885FC634CDF3A95B1F157C7FC682C6DD4","Support\Software\VCRedist\vcredist_x64.exe",5718872,5718872,5694739,1
"0F720FD885FC634CDF3A95B1F157C7FC682C6DD4","data_win32\common.dat",128095667,128095667,109093279,1002
"0F720FD885FC634CDF3A95B1F157C7FC682C6DD4","data_win32\common.fat",65652,65652,50481,1002
"0F720FD885FC634CDF3A95B1F157C7FC682C6DD4","data_win32\shadersobj.dat",102614758,102614758,24080533,1002
"0F720FD885FC634CDF3A95B1F157C7FC682C6DD4","data_win32\shadersobj.fat",698532,698532,387263,1002
"0F720FD885FC634CDF3A95B1F157C7FC682C6DD4","data_win32\patch.dat",1914532690,1914532690,1688218177,1002
"0F720FD885FC634CDF3A95B1F157C7FC682C6DD4","data_win32\patch.fat",1461072,1461072,942135,1002
"0F720FD885FC634CDF3A95B1F157C7FC682C6DD4","data_win32\patch_chn.dat",737741192,737741192,681417649,1002
"0F720FD885FC634CDF3A95B1F157C7FC682C6DD4","data_win32\patch_chn.fat",36572,36572,24764,1002
"0F720FD885FC634CDF3A95B1F157C7FC682C6DD4","data_win32\patch_hd.dat",68835563,68835563,60759725,1002
"0F720FD885FC634CDF3A95B1F157C7FC682C6DD4","data_win32\patch_hd.fat",3352,3352,2863,1002
"0F720FD885FC634CDF3A95B1F157C7FC682C6DD4","data_win32\worlds\fcc_main\fcc_main.dat",9875839728,1285905136,177682851,3000
"0F720FD885FC634CDF3A95B1F157C7FC682C6DD4","data_win32\worlds\fcc_main\fcc_main.fat",4941672,4941672,2855494,3000
"0F720FD885FC634CDF3A95B1F157C7FC682C6DD4","data_win32\worlds\fcc_main\fcc_main_hd.dat",2765353427,2765353427,2509278985,3000
"0F720FD885FC634CDF3A95B1F157C7FC682C6DD4","data_win32\worlds\fcc_main\fcc_main_hd.fat",90032,90032,76658,3000
"0F720FD885FC634CDF3A95B1F157C7FC682C6DD4","data_win32\worlds\fcc_main\fcc_main_vistas.dat",752086583,752086583,674583827,3000
"0F720FD885FC634CDF3A95B1F157C7FC682C6DD4","data_win32\worlds\fcc_main\fcc_main_vistas.fat",502812,502812,190635,3000
"0F720FD885FC634CDF3A95B1F157C7FC682C6DD4","data_win32\worlds\multicommon\multicommon.dat",6740406774,2445439478,1674772359,3001
"0F720FD885FC634CDF3A95B1F157C7FC682C6DD4","data_win32\worlds\multicommon\multicommon.fat",2980032,2980032,1758250,3001
"0F720FD885FC634CDF3A95B1F157C7FC682C6DD4","data_win32\worlds\multicommon\multicommon_hd.dat",1988199275,1988199275,1813087689,3001
"0F720FD885FC634CDF3A95B1F157C7FC682C6DD4","data_win32\worlds\multicommon\multicommon_hd.fat",64992,64992,55101,3001
"0F720FD885FC634CDF3A95B1F157C7FC682C6DD4","data_win32\worlds\multicommon\multicommon_vistas.dat",423479185,423479185,383076020,3001
"0F720FD885FC634CDF3A95B1F157C7FC682C6DD4","data_win32\worlds\multicommon\multicommon_vistas.fat",297792,297792,118167,3001
"0F720FD885FC634CDF3A95B1F157C7FC682C6DD4","data_win32\ige.dat",271925671,271925671,255082220,3002
"0F720FD885FC634CDF3A95B1F157C7FC682C6DD4","data_win32\ige.fat",276092,276092,207171,3002
"0F720FD885FC634CDF3A95B1F157C7FC682C6DD4","data_win32\sound.dat",2619961111,2619961111,1924190962,3003
"0F720FD885FC634CDF3A95B1F157C7FC682C6DD4","data_win32\sound.fat",74332,74332,40118,3003
"0F720FD885FC634CDF3A95B1F157C7FC682C6DD4","data_win32\sound_english.dat",41716128,41716128,30876673,4001
"0F720FD885FC634CDF3A95B1F157C7FC682C6DD4","data_win32\sound_english.fat",59512,59512,29076,4001
"0F720FD885FC634CDF3A95B1F157C7FC682C6DD4","data_win32\worlds\fcc_main\fcc_main_english.dat",481110568,481110568,411017705,4001
"0F720FD885FC634CDF3A95B1F157C7FC682C6DD4","data_win32\worlds\fcc_main\fcc_main_english.fat",383972,383972,184626,4001
"0F720FD885FC634CDF3A95B1F157C7FC682C6DD4","data_win32\worlds\multicommon\multicommon_english.dat",320037425,320037425,267138930,4001
"0F720FD885FC634CDF3A95B1F157C7FC682C6DD4","data_win32\worlds\multicommon\multicommon_english.fat",302952,302952,145430,4001
"0F720FD885FC634CDF3A95B1F157C7FC682C6DD4","data_win32\sound_french.dat",39804719,39804719,29340415,4002
"0F720FD885FC634CDF3A95B1F157C7FC682C6DD4","data_win32\sound_french.fat",59512,59512,28758,4002
"0F720FD885FC634CDF3A95B1F157C7FC682C6DD4","data_win32\worlds\fcc_main\fcc_main_french.dat",460694013,460694013,392082066,4002
"0F720FD885FC634CDF3A95B1F157C7FC682C6DD4","data_win32\worlds\fcc_main\fcc_main_french.fat",383972,383972,187867,4002
"0F720FD885FC634CDF3A95B1F157C7FC682C6DD4","data_win32\worlds\multicommon\multicommon_french.dat",305760512,305760512,254210886,4002
"0F720FD885FC634CDF3A95B1F157C7FC682C6DD4","data_win32\worlds\multicommon\multicommon_french.fat",302952,302952,141207,4002
"0F720FD885FC634CDF3A95B1F157C7FC682C6DD4","data_win32\sound_german.dat",40673424,40673424,30058336,4003
"0F720FD885FC634CDF3A95B1F157C7FC682C6DD4","data_win32\sound_german.fat",59512,59512,28816,4003
"0F720FD885FC634CDF3A95B1F157C7FC682C6DD4","data_win32\worlds\fcc_main\fcc_main_german.dat",471924770,471924770,402263357,4003
"0F720FD885FC634CDF3A95B1F157C7FC682C6DD4","data_win32\worlds\fcc_main\fcc_main_german.fat",383972,383972,188099,4003
"0F720FD885FC634CDF3A95B1F157C7FC682C6DD4","data_win32\worlds\multicommon\multicommon_german.dat",314549001,314549001,262505031,4003
"0F720FD885FC634CDF3A95B1F157C7FC682C6DD4","data_win32\worlds\multicommon\multicommon_german.fat",302952,302952,143992,4003
"0F720FD885FC634CDF3A95B1F157C7FC682C6DD4","data_win32\sound_italian.dat",41834589,41834589,31430018,4004
"0F720FD885FC634CDF3A95B1F157C7FC682C6DD4","data_win32\sound_italian.fat",59512,59512,29088,4004
"0F720FD885FC634CDF3A95B1F157C7FC682C6DD4","data_win32\worlds\fcc_main\fcc_main_italian.dat",481037798,481037798,412103204,4004
"0F720FD885FC634CDF3A95B1F157C7FC682C6DD4","data_win32\worlds\fcc_main\fcc_main_italian.fat",383972,383972,180944,4004
"0F720FD885FC634CDF3A95B1F157C7FC682C6DD4","data_win32\worlds\multicommon\multicommon_italian.dat",320368777,320368777,268772691,4004
"0F720FD885FC634CDF3A95B1F157C7FC682C6DD4","data_win32\worlds\multicommon\multicommon_italian.fat",302952,302952,136451,4004
"0F720FD885FC634CDF3A95B1F157C7FC682C6DD4","data_win32\sound_spanish.dat",42042802,42042802,31131007,4008
"0F720FD885FC634CDF3A95B1F157C7FC682C6DD4","data_win32\sound_spanish.fat",59512,59512,29099,4008
"0F720FD885FC634CDF3A95B1F157C7FC682C6DD4","data_win32\worlds\fcc_main\fcc_main_spanish.dat",468693435,468693435,398998737,4008
"0F720FD885FC634CDF3A95B1F157C7FC682C6DD4","data_win32\worlds\fcc_main\fcc_main_spanish.fat",383972,383972,188189,4008
"0F720FD885FC634CDF3A95B1F157C7FC682C6DD4","data_win32\worlds\multicommon\multicommon_spanish.dat",318017189,318017189,264970895,4008
"0F720FD885FC634CDF3A95B1F157C7FC682C6DD4","data_win32\worlds\multicommon\multicommon_spanish.fat",302952,302952,141196,4008
"0F720FD885FC634CDF3A95B1F157C7FC682C6DD4","data_win32\sound_brazilian.dat",42186346,42186346,31181290,4009
"0F720FD885FC634CDF3A95B1F157C7FC682C6DD4","data_win32\sound_brazilian.fat",59512,59512,28856,4009
"0F720FD885FC634CDF3A95B1F157C7FC682C6DD4","data_win32\worlds\fcc_main\fcc_main_brazilian.dat",468855902,468855902,399110288,4009
"0F720FD885FC634CDF3A95B1F157C7FC682C6DD4","data_win32\worlds\fcc_main\fcc_main_brazilian.fat",383972,383972,190491,4009
"0F720FD885FC634CDF3A95B1F157C7FC682C6DD4","data_win32\worlds\multicommon\multicommon_brazilian.dat",317433273,317433273,264025069,4009
"0F720FD885FC634CDF3A95B1F157C7FC682C6DD4","data_win32\worlds\multicommon\multicommon_brazilian.fat",302952,302952,143213,4009
"0F720FD885FC634CDF3A95B1F157C7FC682C6DD4","data_win32\sound_mexican.dat",41195326,41195326,30030019,4010
"0F720FD885FC634CDF3A95B1F157C7FC682C6DD4","data_win32\sound_mexican.fat",59512,59512,29062,4010
"0F720FD885FC634CDF3A95B1F157C7FC682C6DD4","data_win32\worlds\fcc_main\fcc_main_mexican.dat",462116319,462116319,391932857,4010
"0F720FD885FC634CDF3A95B1F157C7FC682C6DD4","data_win32\worlds\fcc_main\fcc_main_mexican.fat",383972,383972,191151,4010
"0F720FD885FC634CDF3A95B1F157C7FC682C6DD4","data_win32\worlds\multicommon\multicommon_mexican.dat",310224181,310224181,257089390,4010
"0F720FD885FC634CDF3A95B1F157C7FC682C6DD4","data_win32\worlds\multicommon\multicommon_mexican.fat",302952,302952,146086,4010
"0F720FD885FC634CDF3A95B1F157C7FC682C6DD4","data_win32\sound_russian.dat",40319239,40319239,29554309,4011
"0F720FD885FC634CDF3A95B1F157C7FC682C6DD4","data_win32\sound_russian.fat",59512,59512,28837,4011
"0F720FD885FC634CDF3A95B1F157C7FC682C6DD4","data_win32\worlds\fcc_main\fcc_main_russian.dat",452507277,452507277,383064827,4011
"0F720FD885FC634CDF3A95B1F157C7FC682C6DD4","data_win32\worlds\fcc_main\fcc_main_russian.fat",383972,383972,189711,4011
"0F720FD885FC634CDF3A95B1F157C7FC682C6DD4","data_win32\worlds\multicommon\multicommon_russian.dat",306574236,306574236,252726555,4011
"0F720FD885FC634CDF3A95B1F157C7FC682C6DD4","data_win32\worlds\multicommon\multicommon_russian.fat",302952,302952,143712,4011
"0F720FD885FC634CDF3A95B1F157C7FC682C6DD4","data_win32\sound_japanese.dat",41370062,41370062,30764501,4012
"0F720FD885FC634CDF3A95B1F157C7FC682C6DD4","data_win32\sound_japanese.fat",59512,59512,29031,4012
"0F720FD885FC634CDF3A95B1F157C7FC682C6DD4","data_win32\worlds\fcc_main\fcc_main_japanese.dat",474445654,474445654,406190555,4012
"0F720FD885FC634CDF3A95B1F157C7FC682C6DD4","data_win32\worlds\fcc_main\fcc_main_japanese.fat",384272,384272,184421,4012
"0F720FD885FC634CDF3A95B1F157C7FC682C6DD4","data_win32\worlds\multicommon\multicommon_japanese.dat",318421715,318421715,266963472,4012
"0F720FD885FC634CDF3A95B1F157C7FC682C6DD4","data_win32\worlds\multicommon\multicommon_japanese.fat",303092,303092,138825,4012
"0F720FD885FC634CDF3A95B1F157C7FC682C6DD4","data_win32\worlds\downloadcontent\fcc_dlc30\fcc_dlc30.dat",1003489012,1003489012,859948597,5011
"0F720FD885FC634CDF3A95B1F157C7FC682C6DD4","data_win32\worlds\downloadcontent\fcc_dlc30\fcc_dlc30_brazilian.dat",53109148,53109148,43070945,5011
"0F720FD885FC634CDF3A95B1F157C7FC682C6DD4","data_win32\worlds\downloadcontent\fcc_dlc30\fcc_dlc30_english.dat",54151269,54151269,43957269,5011
"0F720FD885FC634CDF3A95B1F157C7FC682C6DD4","data_win32\worlds\downloadcontent\fcc_dlc30\fcc_dlc30_french.dat",53539145,53539145,43733474,5011
"0F720FD885FC634CDF3A95B1F157C7FC682C6DD4","data_win32\worlds\downloadcontent\fcc_dlc30\fcc_dlc30_german.dat",52114411,52114411,41990841,5011
"0F720FD885FC634CDF3A95B1F157C7FC682C6DD4","data_win32\worlds\downloadcontent\fcc_dlc30\fcc_dlc30_hd.dat",46039261,46039261,39621309,5011
"0F720FD885FC634CDF3A95B1F157C7FC682C6DD4","data_win32\worlds\downloadcontent\fcc_dlc30\fcc_dlc30_italian.dat",53660086,53660086,43872008,5011
"0F720FD885FC634CDF3A95B1F157C7FC682C6DD4","data_win32\worlds\downloadcontent\fcc_dlc30\fcc_dlc30_mexican.dat",52900993,52900993,42679043,5011
"0F720FD885FC634CDF3A95B1F157C7FC682C6DD4","data_win32\worlds\downloadcontent\fcc_dlc30\fcc_dlc30_spanish.dat",53233909,53233909,42944192,5011
"0F720FD885FC634CDF3A95B1F157C7FC682C6DD4","data_win32\worlds\downloadcontent\fcc_dlc30\fcc_dlc30_russian.dat",52889876,52889876,42863935,5011
"0F720FD885FC634CDF3A95B1F157C7FC682C6DD4","data_win32\worlds\downloadcontent\fcc_dlc30\fcc_dlc30_sound.dat",0,0,0,5011
"0F720FD885FC634CDF3A95B1F157C7FC682C6DD4","data_win32\worlds\downloadcontent\fcc_dlc30\fcc_dlc30_sound_brazilian.dat",0,0,0,5011
"0F720FD885FC634CDF3A95B1F157C7FC682C6DD4","data_win32\worlds\downloadcontent\fcc_dlc30\fcc_dlc30_sound_english.dat",0,0,0,5011
"0F720FD885FC634CDF3A95B1F157C7FC682C6DD4","data_win32\worlds\downloadcontent\fcc_dlc30\fcc_dlc30_sound_french.dat",0,0,0,5011
"0F720FD885FC634CDF3A95B1F157C7FC682C6DD4","data_win32\worlds\downloadcontent\fcc_dlc30\fcc_dlc30_sound_german.dat",0,0,0,5011
"0F720FD885FC634CDF3A95B1F157C7FC682C6DD4","data_win32\worlds\downloadcontent\fcc_dlc30\fcc_dlc30_sound_italian.dat",0,0,0,5011
"0F720FD885FC634CDF3A95B1F157C7FC682C6DD4","data_win32\worlds\downloadcontent\fcc_dlc30\fcc_dlc30_sound_mexican.dat",0,0,0,5011
"0F720FD885FC634CDF3A95B1F157C7FC682C6DD4","data_win32\worlds\downloadcontent\fcc_dlc30\fcc_dlc30_sound_spanish.dat",0,0,0,5011
"0F720FD885FC634CDF3A95B1F157C7FC682C6DD4","data_win32\worlds\downloadcontent\fcc_dlc30\fcc_dlc30_sound_russian.dat",0,0,0,5011
"0F720FD885FC634CDF3A95B1F157C7FC682C6DD4","data_win32\worlds\downloadcontent\fcc_dlc30\fcc_dlc30_vistas.dat",365283465,365283465,331733186,5011
"0F720FD885FC634CDF3A95B1F157C7FC682C6DD4","data_win32\worlds\downloadcontent\fcc_dlc30\fcc_dlc30.fat",1586472,1586472,869310,5011
"0F720FD885FC634CDF3A95B1F157C7FC682C6DD4","data_win32\worlds\downloadcontent\fcc_dlc30\fcc_dlc30_brazilian.fat",41612,41612,21294,5011
"0F720FD885FC634CDF3A95B1F157C7FC682C6DD4","data_win32\worlds\downloadcontent\fcc_dlc30\fcc_dlc30_english.fat",40652,40652,18599,5011
"0F720FD885FC634CDF3A95B1F157C7FC682C6DD4","data_win32\worlds\downloadcontent\fcc_dlc30\fcc_dlc30_french.fat",41252,41252,20329,5011
"0F720FD885FC634CDF3A95B1F157C7FC682C6DD4","data_win32\worlds\downloadcontent\fcc_dlc30\fcc_dlc30_german.fat",40932,40932,19905,5011
"0F720FD885FC634CDF3A95B1F157C7FC682C6DD4","data_win32\worlds\downloadcontent\fcc_dlc30\fcc_dlc30_hd.fat",2052,2052,1802,5011
"0F720FD885FC634CDF3A95B1F157C7FC682C6DD4","data_win32\worlds\downloadcontent\fcc_dlc30\fcc_dlc30_italian.fat",41072,41072,19047,5011
"0F720FD885FC634CDF3A95B1F157C7FC682C6DD4","data_win32\worlds\downloadcontent\fcc_dlc30\fcc_dlc30_mexican.fat",41012,41012,20856,5011
"0F720FD885FC634CDF3A95B1F157C7FC682C6DD4","data_win32\worlds\downloadcontent\fcc_dlc30\fcc_dlc30_spanish.fat",41972,41972,20800,5011
"0F720FD885FC634CDF3A95B1F157C7FC682C6DD4","data_win32\worlds\downloadcontent\fcc_dlc30\fcc_dlc30_russian.fat",41472,41472,21104,5011
"0F720FD885FC634CDF3A95B1F157C7FC682C6DD4","data_win32\worlds\downloadcontent\fcc_dlc30\fcc_dlc30_sound.fat",32,32,26,5011
"0F720FD885FC634CDF3A95B1F157C7FC682C6DD4","data_win32\worlds\downloadcontent\fcc_dlc30\fcc_dlc30_sound_brazilian.fat",32,32,26,5011
"0F720FD885FC634CDF3A95B1F157C7FC682C6DD4","data_win32\worlds\downloadcontent\fcc_dlc30\fcc_dlc30_sound_english.fat",32,32,26,5011
"0F720FD885FC634CDF3A95B1F157C7FC682C6DD4","data_win32\worlds\downloadcontent\fcc_dlc30\fcc_dlc30_sound_french.fat",32,32,26,5011
"0F720FD885FC634CDF3A95B1F157C7FC682C6DD4","data_win32\worlds\downloadcontent\fcc_dlc30\fcc_dlc30_sound_german.fat",32,32,26,5011
"0F720FD885FC634CDF3A95B1F157C7FC682C6DD4","data_win32\worlds\downloadcontent\fcc_dlc30\fcc_dlc30_sound_russian.fat",32,32,26,5011
"0F720FD885FC634CDF3A95B1F157C7FC682C6DD4","data_win32\worlds\downloadcontent\fcc_dlc30\fcc_dlc30_sound_italian.fat",32,32,26,5011
"0F720FD885FC634CDF3A95B1F157C7FC682C6DD4","data_win32\worlds\downloadcontent\fcc_dlc30\fcc_dlc30_sound_mexican.fat",32,32,26,5011
"0F720FD885FC634CDF3A95B1F157C7FC682C6DD4","data_win32\worlds\downloadcontent\fcc_dlc30\fcc_dlc30_sound_spanish.fat",32,32,26,5011
"0F720FD885FC634CDF3A95B1F157C7FC682C6DD4","data_win32\worlds\downloadcontent\fcc_dlc30\fcc_dlc30_vistas.fat",236052,236052,88432,5011
"0F720FD885FC634CDF3A95B1F157C7FC682C6DD4","data_win32\worlds\downloadcontent\fcc_dlc30\toc.rml",315,315,275,5011
"0F720FD885FC634CDF3A95B1F157C7FC682C6DD4","data_win32\worlds\downloadcontent\fcc_dlc60\fcc_dlc60.dat",483315033,483315033,409354595,5012
"0F720FD885FC634CDF3A95B1F157C7FC682C6DD4","data_win32\worlds\downloadcontent\fcc_dlc60\fcc_dlc60_brazilian.dat",17100275,17100275,14737718,5012
"0F720FD885FC634CDF3A95B1F157C7FC682C6DD4","data_win32\worlds\downloadcontent\fcc_dlc60\fcc_dlc60_english.dat",15586078,15586078,13489753,5012
"0F720FD885FC634CDF3A95B1F157C7FC682C6DD4","data_win32\worlds\downloadcontent\fcc_dlc60\fcc_dlc60_french.dat",16447632,16447632,14278642,5012
"0F720FD885FC634CDF3A95B1F157C7FC682C6DD4","data_win32\worlds\downloadcontent\fcc_dlc60\fcc_dlc60_german.dat",16017920,16017920,13953647,5012
"0F720FD885FC634CDF3A95B1F157C7FC682C6DD4","data_win32\worlds\downloadcontent\fcc_dlc60\fcc_dlc60_hd.dat",25012989,25012989,21798830,5012
"0F720FD885FC634CDF3A95B1F157C7FC682C6DD4","data_win32\worlds\downloadcontent\fcc_dlc60\fcc_dlc60_italian.dat",17127440,17127440,14978976,5012
"0F720FD885FC634CDF3A95B1F157C7FC682C6DD4","data_win32\worlds\downloadcontent\fcc_dlc60\fcc_dlc60_mexican.dat",16130359,16130359,13938369,5012
"0F720FD885FC634CDF3A95B1F157C7FC682C6DD4","data_win32\worlds\downloadcontent\fcc_dlc60\fcc_dlc60_spanish.dat",16284016,16284016,13992152,5012
"0F720FD885FC634CDF3A95B1F157C7FC682C6DD4","data_win32\worlds\downloadcontent\fcc_dlc60\fcc_dlc60_russian.dat",16579726,16579726,14446580,5012
"0F720FD885FC634CDF3A95B1F157C7FC682C6DD4","data_win32\worlds\downloadcontent\fcc_dlc60\fcc_dlc60_sound.dat",0,0,0,5012
"0F720FD885FC634CDF3A95B1F157C7FC682C6DD4","data_win32\worlds\downloadcontent\fcc_dlc60\fcc_dlc60_sound_brazilian.dat",0,0,0,5012
"0F720FD885FC634CDF3A95B1F157C7FC682C6DD4","data_win32\worlds\downloadcontent\fcc_dlc60\fcc_dlc60_sound_english.dat",0,0,0,5012
"0F720FD885FC634CDF3A95B1F157C7FC682C6DD4","data_win32\worlds\downloadcontent\fcc_dlc60\fcc_dlc60_sound_french.dat",0,0,0,5012
"0F720FD885FC634CDF3A95B1F157C7FC682C6DD4","data_win32\worlds\downloadcontent\fcc_dlc60\fcc_dlc60_sound_german.dat",0,0,0,5012
"0F720FD885FC634CDF3A95B1F157C7FC682C6DD4","data_win32\worlds\downloadcontent\fcc_dlc60\fcc_dlc60_sound_italian.dat",0,0,0,5012
"0F720FD885FC634CDF3A95B1F157C7FC682C6DD4","data_win32\worlds\downloadcontent\fcc_dlc60\fcc_dlc60_sound_mexican.dat",0,0,0,5012
"0F720FD885FC634CDF3A95B1F157C7FC682C6DD4","data_win32\worlds\downloadcontent\fcc_dlc60\fcc_dlc60_sound_spanish.dat",0,0,0,5012
"0F720FD885FC634CDF3A95B1F157C7FC682C6DD4","data_win32\worlds\downloadcontent\fcc_dlc60\fcc_dlc60_vistas.dat",189649594,189649594,171823325,5012
"0F720FD885FC634CDF3A95B1F157C7FC682C6DD4","data_win32\worlds\downloadcontent\fcc_dlc60\fcc_dlc60.fat",808932,808932,426133,5012
"0F720FD885FC634CDF3A95B1F157C7FC682C6DD4","data_win32\worlds\downloadcontent\fcc_dlc60\fcc_dlc60_brazilian.fat",7592,7592,3762,5012
"0F720FD885FC634CDF3A95B1F157C7FC682C6DD4","data_win32\worlds\downloadcontent\fcc_dlc60\fcc_dlc60_english.fat",7172,7172,3478,5012
"0F720FD885FC634CDF3A95B1F157C7FC682C6DD4","data_win32\worlds\downloadcontent\fcc_dlc60\fcc_dlc60_french.fat",7172,7172,3361,5012
"0F720FD885FC634CDF3A95B1F157C7FC682C6DD4","data_win32\worlds\downloadcontent\fcc_dlc60\fcc_dlc60_german.fat",7172,7172,3427,5012
"0F720FD885FC634CDF3A95B1F157C7FC682C6DD4","data_win32\worlds\downloadcontent\fcc_dlc60\fcc_dlc60_hd.fat",1792,1792,1580,5012
"0F720FD885FC634CDF3A95B1F157C7FC682C6DD4","data_win32\worlds\downloadcontent\fcc_dlc60\fcc_dlc60_italian.fat",7192,7192,3503,5012
"0F720FD885FC634CDF3A95B1F157C7FC682C6DD4","data_win32\worlds\downloadcontent\fcc_dlc60\fcc_dlc60_mexican.fat",7172,7172,3386,5012
"0F720FD885FC634CDF3A95B1F157C7FC682C6DD4","data_win32\worlds\downloadcontent\fcc_dlc60\fcc_dlc60_spanish.fat",7872,7872,3675,5012
"0F720FD885FC634CDF3A95B1F157C7FC682C6DD4","data_win32\worlds\downloadcontent\fcc_dlc60\fcc_dlc60_russian.fat",7592,7592,3626,5012
"0F720FD885FC634CDF3A95B1F157C7FC682C6DD4","data_win32\worlds\downloadcontent\fcc_dlc60\fcc_dlc60_sound.fat",32,32,26,5012
"0F720FD885FC634CDF3A95B1F157C7FC682C6DD4","data_win32\worlds\downloadcontent\fcc_dlc60\fcc_dlc60_sound_brazilian.fat",32,32,26,5012
"0F720FD885FC634CDF3A95B1F157C7FC682C6DD4","data_win32\worlds\downloadcontent\fcc_dlc60\fcc_dlc60_sound_english.fat",32,32,26,5012
"0F720FD885FC634CDF3A95B1F157C7FC682C6DD4","data_win32\worlds\downloadcontent\fcc_dlc60\fcc_dlc60_sound_french.fat",32,32,26,5012
"0F720FD885FC634CDF3A95B1F157C7FC682C6DD4","data_win32\worlds\downloadcontent\fcc_dlc60\fcc_dlc60_sound_german.fat",32,32,26,5012
"0F720FD885FC634CDF3A95B1F157C7FC682C6DD4","data_win32\worlds\downloadcontent\fcc_dlc60\fcc_dlc60_sound_italian.fat",32,32,26,5012
"0F720FD885FC634CDF3A95B1F157C7FC682C6DD4","data_win32\worlds\downloadcontent\fcc_dlc60\fcc_dlc60_sound_mexican.fat",32,32,26,5012
"0F720FD885FC634CDF3A95B1F157C7FC682C6DD4","data_win32\worlds\downloadcontent\fcc_dlc60\fcc_dlc60_sound_spanish.fat",32,32,26,5012
"0F720FD885FC634CDF3A95B1F157C7FC682C6DD4","data_win32\worlds\downloadcontent\fcc_dlc60\fcc_dlc60_vistas.fat",123252,123252,47078,5012
"0F720FD885FC634CDF3A95B1F157C7FC682C6DD4","data_win32\worlds\downloadcontent\fcc_dlc60\toc.rml",680,680,446,5012
"0F720FD885FC634CDF3A95B1F157C7FC682C6DD4","data_win32\worlds\downloadcontent\fcc_d90_dlc\fcc_d90_dlc.dat",1081485120,1081485120,947276540,6012
"0F720FD885FC634CDF3A95B1F157C7FC682C6DD4","data_win32\worlds\downloadcontent\fcc_d90_dlc\fcc_d90_dlc_brazilian.dat",61843248,61843248,49614581,6012
"0F720FD885FC634CDF3A95B1F157C7FC682C6DD4","data_win32\worlds\downloadcontent\fcc_d90_dlc\fcc_d90_dlc_english.dat",63991152,63991152,51473919,6012
"0F720FD885FC634CDF3A95B1F157C7FC682C6DD4","data_win32\worlds\downloadcontent\fcc_d90_dlc\fcc_d90_dlc_french.dat",62052674,62052674,49784849,6012
"0F720FD885FC634CDF3A95B1F157C7FC682C6DD4","data_win32\worlds\downloadcontent\fcc_d90_dlc\fcc_d90_dlc_german.dat",61325628,61325628,49286793,6012
"0F720FD885FC634CDF3A95B1F157C7FC682C6DD4","data_win32\worlds\downloadcontent\fcc_d90_dlc\fcc_d90_dlc_hd.dat",251459405,251459405,227235395,6012
"0F720FD885FC634CDF3A95B1F157C7FC682C6DD4","data_win32\worlds\downloadcontent\fcc_d90_dlc\fcc_d90_dlc_italian.dat",62854171,62854171,50630451,6012
"0F720FD885FC634CDF3A95B1F157C7FC682C6DD4","data_win32\worlds\downloadcontent\fcc_d90_dlc\fcc_d90_dlc_mexican.dat",62016821,62016821,49940961,6012
"0F720FD885FC634CDF3A95B1F157C7FC682C6DD4","data_win32\worlds\downloadcontent\fcc_d90_dlc\fcc_d90_dlc_spanish.dat",62280410,62280410,50297581,6012
"0F720FD885FC634CDF3A95B1F157C7FC682C6DD4","data_win32\worlds\downloadcontent\fcc_d90_dlc\fcc_d90_dlc_russian.dat",61677849,61677849,49488880,6012
"0F720FD885FC634CDF3A95B1F157C7FC682C6DD4","data_win32\worlds\downloadcontent\fcc_d90_dlc\fcc_d90_dlc_sound.dat",63929989,63929989,61654730,6012
"0F720FD885FC634CDF3A95B1F157C7FC682C6DD4","data_win32\worlds\downloadcontent\fcc_d90_dlc\fcc_d90_dlc_sound_brazilian.dat",0,0,0,6012
"0F720FD885FC634CDF3A95B1F157C7FC682C6DD4","data_win32\worlds\downloadcontent\fcc_d90_dlc\fcc_d90_dlc_sound_english.dat",0,0,0,6012
"0F720FD885FC634CDF3A95B1F157C7FC682C6DD4","data_win32\worlds\downloadcontent\fcc_d90_dlc\fcc_d90_dlc_sound_french.dat",0,0,0,6012
"0F720FD885FC634CDF3A95B1F157C7FC682C6DD4","data_win32\worlds\downloadcontent\fcc_d90_dlc\fcc_d90_dlc_sound_german.dat",0,0,0,6012
"0F720FD885FC634CDF3A95B1F157C7FC682C6DD4","data_win32\worlds\downloadcontent\fcc_d90_dlc\fcc_d90_dlc_sound_italian.dat",0,0,0,6012
"0F720FD885FC634CDF3A95B1F157C7FC682C6DD4","data_win32\worlds\downloadcontent\fcc_d90_dlc\fcc_d90_dlc_sound_mexican.dat",0,0,0,6012
"0F720FD885FC634CDF3A95B1F157C7FC682C6DD4","data_win32\worlds\downloadcontent\fcc_d90_dlc\fcc_d90_dlc_sound_spanish.dat",0,0,0,6012
"0F720FD885FC634CDF3A95B1F157C7FC682C6DD4","data_win32\worlds\downloadcontent\fcc_d90_dlc\fcc_d90_dlc_vistas.dat",180125714,180125714,161664963,6012
"0F720FD885FC634CDF3A95B1F157C7FC682C6DD4","data_win32\worlds\downloadcontent\fcc_d90_dlc\fcc_d90_dlc.fat",907272,907272,480497,6012
"0F720FD885FC634CDF3A95B1F157C7FC682C6DD4","data_win32\worlds\downloadcontent\fcc_d90_dlc\fcc_d90_dlc_brazilian.fat",51732,51732,26776,6012
"0F720FD885FC634CDF3A95B1F157C7FC682C6DD4","data_win32\worlds\downloadcontent\fcc_d90_dlc\fcc_d90_dlc_english.fat",51312,51312,23858,6012
"0F720FD885FC634CDF3A95B1F157C7FC682C6DD4","data_win32\worlds\downloadcontent\fcc_d90_dlc\fcc_d90_dlc_french.fat",51312,51312,25591,6012
"0F720FD885FC634CDF3A95B1F157C7FC682C6DD4","data_win32\worlds\downloadcontent\fcc_d90_dlc\fcc_d90_dlc_german.fat",51312,51312,24485,6012
"0F720FD885FC634CDF3A95B1F157C7FC682C6DD4","data_win32\worlds\downloadcontent\fcc_d90_dlc\fcc_d90_dlc_hd.fat",7052,7052,6065,6012
"0F720FD885FC634CDF3A95B1F157C7FC682C6DD4","data_win32\worlds\downloadcontent\fcc_d90_dlc\fcc_d90_dlc_italian.fat",51332,51332,25053,6012
"0F720FD885FC634CDF3A95B1F157C7FC682C6DD4","data_win32\worlds\downloadcontent\fcc_d90_dlc\fcc_d90_dlc_mexican.fat",51312,51312,25803,6012
"0F720FD885FC634CDF3A95B1F157C7FC682C6DD4","data_win32\worlds\downloadcontent\fcc_d90_dlc\fcc_d90_dlc_spanish.fat",52012,52012,26123,6012
"0F720FD885FC634CDF3A95B1F157C7FC682C6DD4","data_win32\worlds\downloadcontent\fcc_d90_dlc\fcc_d90_dlc_russian.fat",51732,51732,26081,6012
"0F720FD885FC634CDF3A95B1F157C7FC682C6DD4","data_win32\worlds\downloadcontent\fcc_d90_dlc\fcc_d90_dlc_sound.fat",652,652,445,6012
"0F720FD885FC634CDF3A95B1F157C7FC682C6DD4","data_win32\worlds\downloadcontent\fcc_d90_dlc\fcc_d90_dlc_sound_brazilian.fat",32,32,26,6012
"0F720FD885FC634CDF3A95B1F157C7FC682C6DD4","data_win32\worlds\downloadcontent\fcc_d90_dlc\fcc_d90_dlc_sound_english.fat",32,32,26,6012
"0F720FD885FC634CDF3A95B1F157C7FC682C6DD4","data_win32\worlds\downloadcontent\fcc_d90_dlc\fcc_d90_dlc_sound_french.fat",32,32,26,6012
"0F720FD885FC634CDF3A95B1F157C7FC682C6DD4","data_win32\worlds\downloadcontent\fcc_d90_dlc\fcc_d90_dlc_sound_german.fat",32,32,26,6012
"0F720FD885FC634CDF3A95B1F157C7FC682C6DD4","data_win32\worlds\downloadcontent\fcc_d90_dlc\fcc_d90_dlc_sound_italian.fat",32,32,26,6012
"0F720FD885FC634CDF3A95B1F157C7FC682C6DD4","data_win32\worlds\downloadcontent\fcc_d90_dlc\fcc_d90_dlc_sound_mexican.fat",32,32,26,6012
"0F720FD885FC634CDF3A95B1F157C7FC682C6DD4","data_win32\worlds\downloadcontent\fcc_d90_dlc\fcc_d90_dlc_sound_spanish.fat",32,32,26,6012
"0F720FD885FC634CDF3A95B1F157C7FC682C6DD4","data_win32\worlds\downloadcontent\fcc_d90_dlc\fcc_d90_dlc_vistas.fat",123192,123192,45380,6012
"0F720FD885FC634CDF3A95B1F157C7FC682C6DD4","data_win32\worlds\downloadcontent\fcc_d90_dlc\toc.rml",319,319,279,6012
