"4865","6877E7699C197D65422D42E2C89AEB556E316D2F","0000-00-00",643,48763347802,1518707546,2590703995,3
"6877E7699C197D65422D42E2C89AEB556E316D2F","Support/FirewallHelper/FirewallInstall.exe",85720,85720,46869,0
"6877E7699C197D65422D42E2C89AEB556E316D2F","Support/FirewallHelper/FirewallInstallHelper.dll",55512,55512,27085,0
"6877E7699C197D65422D42E2C89AEB556E316D2F","Support/Cleaner/Cleaner.exe",16408,16408,10231,0
"6877E7699C197D65422D42E2C89AEB556E316D2F","Support/Redist/DirectX-Runtime/APR2007_d3dx9_33_x64.cab",1607358,1607358,1605479,0
"6877E7699C197D65422D42E2C89AEB556E316D2F","Support/Redist/DirectX-Runtime/APR2007_d3dx9_33_x86.cab",1606039,1606039,1602043,0
"6877E7699C197D65422D42E2C89AEB556E316D2F","Support/Redist/DirectX-Runtime/APR2007_XACT_x64.cab",195766,195766,193955,0
"6877E7699C197D65422D42E2C89AEB556E316D2F","Support/Redist/DirectX-Runtime/APR2007_XACT_x86.cab",151225,151225,149286,0
"6877E7699C197D65422D42E2C89AEB556E316D2F","Support/Redist/DirectX-Runtime/APR2007_xinput_x64.cab",96817,96817,94662,0
"6877E7699C197D65422D42E2C89AEB556E316D2F","Support/Redist/DirectX-Runtime/APR2007_xinput_x86.cab",53302,53302,51154,0
"6877E7699C197D65422D42E2C89AEB556E316D2F","Support/Redist/DirectX-Runtime/Aug2005_d3dx9_27_x64.cab",1350542,1350542,1348543,0
"6877E7699C197D65422D42E2C89AEB556E316D2F","Support/Redist/DirectX-Runtime/Aug2005_d3dx9_27_x86.cab",1077644,1077644,1075755,0
"6877E7699C197D65422D42E2C89AEB556E316D2F","Support/Redist/DirectX-Runtime/AUG2006_XACT_x64.cab",182903,182903,180869,0
"6877E7699C197D65422D42E2C89AEB556E316D2F","Support/Redist/DirectX-Runtime/AUG2006_XACT_x86.cab",137235,137235,135199,0
"6877E7699C197D65422D42E2C89AEB556E316D2F","Support/Redist/DirectX-Runtime/AUG2006_xinput_x64.cab",87142,87142,85233,0
"6877E7699C197D65422D42E2C89AEB556E316D2F","Support/Redist/DirectX-Runtime/AUG2006_xinput_x86.cab",46058,46058,44406,0
"6877E7699C197D65422D42E2C89AEB556E316D2F","Support/Redist/DirectX-Runtime/AUG2007_d3dx10_35_x64.cab",852286,852286,851047,0
"6877E7699C197D65422D42E2C89AEB556E316D2F","Support/Redist/DirectX-Runtime/AUG2007_d3dx10_35_x86.cab",796867,796867,794909,0
"6877E7699C197D65422D42E2C89AEB556E316D2F","Support/Redist/DirectX-Runtime/AUG2007_d3dx9_35_x64.cab",1800160,1800160,1798303,0
"6877E7699C197D65422D42E2C89AEB556E316D2F","Support/Redist/DirectX-Runtime/AUG2007_d3dx9_35_x86.cab",1708152,1708152,1706667,0
"6877E7699C197D65422D42E2C89AEB556E316D2F","Support/Redist/DirectX-Runtime/AUG2007_XACT_x64.cab",198096,198096,196267,0
"6877E7699C197D65422D42E2C89AEB556E316D2F","Support/Redist/DirectX-Runtime/AUG2007_XACT_x86.cab",153012,153012,151073,0
"6877E7699C197D65422D42E2C89AEB556E316D2F","Support/Redist/DirectX-Runtime/Aug2008_d3dx10_39_x64.cab",867612,867612,865715,0
"6877E7699C197D65422D42E2C89AEB556E316D2F","Support/Redist/DirectX-Runtime/Aug2008_d3dx10_39_x86.cab",849167,849167,847221,0
"6877E7699C197D65422D42E2C89AEB556E316D2F","Support/Redist/DirectX-Runtime/Aug2008_d3dx9_39_x64.cab",1794084,1794084,1792337,0
"6877E7699C197D65422D42E2C89AEB556E316D2F","Support/Redist/DirectX-Runtime/Aug2008_d3dx9_39_x86.cab",1464672,1464672,1462692,0
"6877E7699C197D65422D42E2C89AEB556E316D2F","Support/Redist/DirectX-Runtime/Aug2008_XACT_x64.cab",121772,121772,119680,0
"6877E7699C197D65422D42E2C89AEB556E316D2F","Support/Redist/DirectX-Runtime/Aug2008_XACT_x86.cab",92996,92996,91466,0
"6877E7699C197D65422D42E2C89AEB556E316D2F","Support/Redist/DirectX-Runtime/Aug2008_XAudio_x64.cab",271412,271412,269402,0
"6877E7699C197D65422D42E2C89AEB556E316D2F","Support/Redist/DirectX-Runtime/Aug2008_XAudio_x86.cab",271038,271038,268986,0
"6877E7699C197D65422D42E2C89AEB556E316D2F","Support/Redist/DirectX-Runtime/Aug2009_D3DCompiler_42_x64.cab",919044,919044,913576,0
"6877E7699C197D65422D42E2C89AEB556E316D2F","Support/Redist/DirectX-Runtime/Aug2009_D3DCompiler_42_x86.cab",900598,900598,897886,0
"6877E7699C197D65422D42E2C89AEB556E316D2F","Support/Redist/DirectX-Runtime/Aug2009_d3dcsx_42_x64.cab",3112111,3112111,3110394,0
"6877E7699C197D65422D42E2C89AEB556E316D2F","Support/Redist/DirectX-Runtime/Aug2009_d3dcsx_42_x86.cab",3319740,3319740,3317636,0
"6877E7699C197D65422D42E2C89AEB556E316D2F","Support/Redist/DirectX-Runtime/Aug2009_d3dx10_42_x64.cab",232635,232635,230697,0
"6877E7699C197D65422D42E2C89AEB556E316D2F","Support/Redist/DirectX-Runtime/Aug2009_d3dx10_42_x86.cab",192131,192131,190122,0
"6877E7699C197D65422D42E2C89AEB556E316D2F","Support/Redist/DirectX-Runtime/Aug2009_d3dx11_42_x64.cab",136301,136301,134360,0
"6877E7699C197D65422D42E2C89AEB556E316D2F","Support/Redist/DirectX-Runtime/Aug2009_d3dx11_42_x86.cab",105044,105044,102957,0
"6877E7699C197D65422D42E2C89AEB556E316D2F","Support/Redist/DirectX-Runtime/Aug2009_d3dx9_42_x64.cab",930116,930116,928121,0
"6877E7699C197D65422D42E2C89AEB556E316D2F","Support/Redist/DirectX-Runtime/Aug2009_d3dx9_42_x86.cab",728456,728456,725680,0
"6877E7699C197D65422D42E2C89AEB556E316D2F","Support/Redist/DirectX-Runtime/Aug2009_XACT_x64.cab",122408,122408,122420,0
"6877E7699C197D65422D42E2C89AEB556E316D2F","Support/Redist/DirectX-Runtime/Aug2009_XACT_x86.cab",93106,93106,91203,0
"6877E7699C197D65422D42E2C89AEB556E316D2F","Support/Redist/DirectX-Runtime/Aug2009_XAudio_x64.cab",273264,273264,271254,0
"6877E7699C197D65422D42E2C89AEB556E316D2F","Support/Redist/DirectX-Runtime/Aug2009_XAudio_x86.cab",272642,272642,270688,0
"6877E7699C197D65422D42E2C89AEB556E316D2F","Support/Redist/DirectX-Runtime/Dec2005_d3dx9_28_x64.cab",1357976,1357976,1356046,0
"6877E7699C197D65422D42E2C89AEB556E316D2F","Support/Redist/DirectX-Runtime/Dec2005_d3dx9_28_x86.cab",1079456,1079456,1077565,0
"6877E7699C197D65422D42E2C89AEB556E316D2F","Support/Redist/DirectX-Runtime/DEC2006_d3dx10_00_x64.cab",212807,212807,210814,0
"6877E7699C197D65422D42E2C89AEB556E316D2F","Support/Redist/DirectX-Runtime/DEC2006_d3dx10_00_x86.cab",191720,191720,189725,0
"6877E7699C197D65422D42E2C89AEB556E316D2F","Support/Redist/DirectX-Runtime/DEC2006_d3dx9_32_x64.cab",1571154,1571154,1568971,0
"6877E7699C197D65422D42E2C89AEB556E316D2F","Support/Redist/DirectX-Runtime/DEC2006_d3dx9_32_x86.cab",1574376,1574376,1571137,0
"6877E7699C197D65422D42E2C89AEB556E316D2F","Support/Redist/DirectX-Runtime/DEC2006_XACT_x64.cab",192475,192475,190497,0
"6877E7699C197D65422D42E2C89AEB556E316D2F","Support/Redist/DirectX-Runtime/DEC2006_XACT_x86.cab",145599,145599,143621,0
"6877E7699C197D65422D42E2C89AEB556E316D2F","Support/Redist/DirectX-Runtime/DSETUP.dll",95576,95576,49929,0
"6877E7699C197D65422D42E2C89AEB556E316D2F","Support/Redist/DirectX-Runtime/dsetup32.dll",1566040,1566040,127563,0
"6877E7699C197D65422D42E2C89AEB556E316D2F","Support/Redist/DirectX-Runtime/dxdllreg_x86.cab",44624,44624,42623,0
"6877E7699C197D65422D42E2C89AEB556E316D2F","Support/Redist/DirectX-Runtime/DXSETUP.exe",517976,517976,115376,0
"6877E7699C197D65422D42E2C89AEB556E316D2F","Support/Redist/DirectX-Runtime/dxupdate.cab",97152,97152,94990,0
"6877E7699C197D65422D42E2C89AEB556E316D2F","Support/Redist/DirectX-Runtime/Feb2005_d3dx9_24_x64.cab",1247499,1247499,1245534,0
"6877E7699C197D65422D42E2C89AEB556E316D2F","Support/Redist/DirectX-Runtime/Feb2005_d3dx9_24_x86.cab",1013225,1013225,1009372,0
"6877E7699C197D65422D42E2C89AEB556E316D2F","Support/Redist/DirectX-Runtime/Feb2006_d3dx9_29_x64.cab",1362796,1362796,1360914,0
"6877E7699C197D65422D42E2C89AEB556E316D2F","Support/Redist/DirectX-Runtime/Feb2006_d3dx9_29_x86.cab",1084720,1084720,1080559,0
"6877E7699C197D65422D42E2C89AEB556E316D2F","Support/Redist/DirectX-Runtime/Feb2006_XACT_x64.cab",178359,178359,176346,0
"6877E7699C197D65422D42E2C89AEB556E316D2F","Support/Redist/DirectX-Runtime/Feb2006_XACT_x86.cab",132409,132409,132022,0
"6877E7699C197D65422D42E2C89AEB556E316D2F","Support/Redist/DirectX-Runtime/FEB2007_XACT_x64.cab",194675,194675,192737,0
"6877E7699C197D65422D42E2C89AEB556E316D2F","Support/Redist/DirectX-Runtime/FEB2007_XACT_x86.cab",147983,147983,145948,0
"6877E7699C197D65422D42E2C89AEB556E316D2F","Support/Redist/DirectX-Runtime/Feb2010_X3DAudio_x64.cab",54678,54678,52500,0
"6877E7699C197D65422D42E2C89AEB556E316D2F","Support/Redist/DirectX-Runtime/Feb2010_X3DAudio_x86.cab",20713,20713,18511,0
"6877E7699C197D65422D42E2C89AEB556E316D2F","Support/Redist/DirectX-Runtime/Feb2010_XACT_x64.cab",122446,122446,122458,0
"6877E7699C197D65422D42E2C89AEB556E316D2F","Support/Redist/DirectX-Runtime/Feb2010_XACT_x86.cab",93180,93180,91138,0
"6877E7699C197D65422D42E2C89AEB556E316D2F","Support/Redist/DirectX-Runtime/Feb2010_XAudio_x64.cab",276960,276960,274962,0
"6877E7699C197D65422D42E2C89AEB556E316D2F","Support/Redist/DirectX-Runtime/Feb2010_XAudio_x86.cab",277191,277191,275184,0
"6877E7699C197D65422D42E2C89AEB556E316D2F","Support/Redist/DirectX-Runtime/Jun2005_d3dx9_26_x64.cab",1336002,1336002,1334052,0
"6877E7699C197D65422D42E2C89AEB556E316D2F","Support/Redist/DirectX-Runtime/Jun2005_d3dx9_26_x86.cab",1064925,1064925,1060762,0
"6877E7699C197D65422D42E2C89AEB556E316D2F","Support/Redist/DirectX-Runtime/JUN2006_XACT_x64.cab",180785,180785,178830,0
"6877E7699C197D65422D42E2C89AEB556E316D2F","Support/Redist/DirectX-Runtime/JUN2006_XACT_x86.cab",133671,133671,132768,0
"6877E7699C197D65422D42E2C89AEB556E316D2F","Support/Redist/DirectX-Runtime/JUN2007_d3dx10_34_x64.cab",699044,699044,697272,0
"6877E7699C197D65422D42E2C89AEB556E316D2F","Support/Redist/DirectX-Runtime/JUN2007_d3dx10_34_x86.cab",698472,698472,696700,0
"6877E7699C197D65422D42E2C89AEB556E316D2F","Support/Redist/DirectX-Runtime/JUN2007_d3dx9_34_x64.cab",1607774,1607774,1605890,0
"6877E7699C197D65422D42E2C89AEB556E316D2F","Support/Redist/DirectX-Runtime/JUN2007_d3dx9_34_x86.cab",1607286,1607286,1605405,0
"6877E7699C197D65422D42E2C89AEB556E316D2F","Support/Redist/DirectX-Runtime/JUN2007_XACT_x64.cab",197122,197122,195088,0
"6877E7699C197D65422D42E2C89AEB556E316D2F","Support/Redist/DirectX-Runtime/JUN2007_XACT_x86.cab",152909,152909,150931,0
"6877E7699C197D65422D42E2C89AEB556E316D2F","Support/Redist/DirectX-Runtime/JUN2008_d3dx10_38_x64.cab",867828,867828,865930,0
"6877E7699C197D65422D42E2C89AEB556E316D2F","Support/Redist/DirectX-Runtime/JUN2008_d3dx10_38_x86.cab",849919,849919,847967,0
"6877E7699C197D65422D42E2C89AEB556E316D2F","Support/Redist/DirectX-Runtime/JUN2008_d3dx9_38_x64.cab",1792608,1792608,1790731,0
"6877E7699C197D65422D42E2C89AEB556E316D2F","Support/Redist/DirectX-Runtime/JUN2008_d3dx9_38_x86.cab",1463878,1463878,1461895,0
"6877E7699C197D65422D42E2C89AEB556E316D2F","Support/Redist/DirectX-Runtime/JUN2008_X3DAudio_x64.cab",55154,55154,53191,0
"6877E7699C197D65422D42E2C89AEB556E316D2F","Support/Redist/DirectX-Runtime/JUN2008_X3DAudio_x86.cab",21905,21905,19789,0
"6877E7699C197D65422D42E2C89AEB556E316D2F","Support/Redist/DirectX-Runtime/JUN2008_XACT_x64.cab",121054,121054,121066,0
"6877E7699C197D65422D42E2C89AEB556E316D2F","Support/Redist/DirectX-Runtime/JUN2008_XACT_x86.cab",93128,93128,91224,0
"6877E7699C197D65422D42E2C89AEB556E316D2F","Support/Redist/DirectX-Runtime/JUN2008_XAudio_x64.cab",269628,269628,267618,0
"6877E7699C197D65422D42E2C89AEB556E316D2F","Support/Redist/DirectX-Runtime/JUN2008_XAudio_x86.cab",269024,269024,267014,0
"6877E7699C197D65422D42E2C89AEB556E316D2F","Support/Redist/DirectX-Runtime/Jun2010_D3DCompiler_43_x64.cab",944460,944460,942464,0
"6877E7699C197D65422D42E2C89AEB556E316D2F","Support/Redist/DirectX-Runtime/Jun2010_D3DCompiler_43_x86.cab",931471,931471,929447,0
"6877E7699C197D65422D42E2C89AEB556E316D2F","Support/Redist/DirectX-Runtime/Jun2010_d3dcsx_43_x64.cab",752783,752783,750548,0
"6877E7699C197D65422D42E2C89AEB556E316D2F","Support/Redist/DirectX-Runtime/Jun2010_d3dcsx_43_x86.cab",762188,762188,755098,0
"6877E7699C197D65422D42E2C89AEB556E316D2F","Support/Redist/DirectX-Runtime/Jun2010_d3dx10_43_x64.cab",235955,235955,233950,0
"6877E7699C197D65422D42E2C89AEB556E316D2F","Support/Redist/DirectX-Runtime/Jun2010_d3dx10_43_x86.cab",197283,197283,195345,0
"6877E7699C197D65422D42E2C89AEB556E316D2F","Support/Redist/DirectX-Runtime/Jun2010_d3dx11_43_x64.cab",138205,138205,136170,0
"6877E7699C197D65422D42E2C89AEB556E316D2F","Support/Redist/DirectX-Runtime/Jun2010_d3dx11_43_x86.cab",109445,109445,107341,0
"6877E7699C197D65422D42E2C89AEB556E316D2F","Support/Redist/DirectX-Runtime/Jun2010_d3dx9_43_x64.cab",937246,937246,935254,0
"6877E7699C197D65422D42E2C89AEB556E316D2F","Support/Redist/DirectX-Runtime/Jun2010_d3dx9_43_x86.cab",768036,768036,765422,0
"6877E7699C197D65422D42E2C89AEB556E316D2F","Support/Redist/DirectX-Runtime/Jun2010_XACT_x64.cab",124596,124596,124608,0
"6877E7699C197D65422D42E2C89AEB556E316D2F","Support/Redist/DirectX-Runtime/Jun2010_XACT_x86.cab",93686,93686,91542,0
"6877E7699C197D65422D42E2C89AEB556E316D2F","Support/Redist/DirectX-Runtime/Jun2010_XAudio_x64.cab",277338,277338,275329,0
"6877E7699C197D65422D42E2C89AEB556E316D2F","Support/Redist/DirectX-Runtime/Jun2010_XAudio_x86.cab",278060,278060,276023,0
"6877E7699C197D65422D42E2C89AEB556E316D2F","Support/Redist/DirectX-Runtime/Mar2008_d3dx10_37_x64.cab",844884,844884,843514,0
"6877E7699C197D65422D42E2C89AEB556E316D2F","Support/Redist/DirectX-Runtime/Mar2008_d3dx10_37_x86.cab",818260,818260,816363,0
"6877E7699C197D65422D42E2C89AEB556E316D2F","Support/Redist/DirectX-Runtime/Mar2008_d3dx9_37_x64.cab",1769862,1769862,1767971,0
"6877E7699C197D65422D42E2C89AEB556E316D2F","Support/Redist/DirectX-Runtime/Mar2008_d3dx9_37_x86.cab",1443282,1443282,1440405,0
"6877E7699C197D65422D42E2C89AEB556E316D2F","Support/Redist/DirectX-Runtime/Mar2008_X3DAudio_x64.cab",55058,55058,52883,0
"6877E7699C197D65422D42E2C89AEB556E316D2F","Support/Redist/DirectX-Runtime/Mar2008_X3DAudio_x86.cab",21867,21867,19737,0
"6877E7699C197D65422D42E2C89AEB556E316D2F","Support/Redist/DirectX-Runtime/Mar2008_XACT_x64.cab",122336,122336,122348,0
"6877E7699C197D65422D42E2C89AEB556E316D2F","Support/Redist/DirectX-Runtime/Mar2008_XACT_x86.cab",93734,93734,91832,0
"6877E7699C197D65422D42E2C89AEB556E316D2F","Support/Redist/DirectX-Runtime/Mar2008_XAudio_x64.cab",251194,251194,249238,0
"6877E7699C197D65422D42E2C89AEB556E316D2F","Support/Redist/DirectX-Runtime/Mar2008_XAudio_x86.cab",226250,226250,224266,0
"6877E7699C197D65422D42E2C89AEB556E316D2F","Support/Redist/DirectX-Runtime/Mar2009_d3dx10_41_x64.cab",1067160,1067160,1061491,0
"6877E7699C197D65422D42E2C89AEB556E316D2F","Support/Redist/DirectX-Runtime/Mar2009_d3dx10_41_x86.cab",1040745,1040745,1038028,0
"6877E7699C197D65422D42E2C89AEB556E316D2F","Support/Redist/DirectX-Runtime/Mar2009_d3dx9_41_x64.cab",1973702,1973702,1967256,0
"6877E7699C197D65422D42E2C89AEB556E316D2F","Support/Redist/DirectX-Runtime/Mar2009_d3dx9_41_x86.cab",1612446,1612446,1608458,0
"6877E7699C197D65422D42E2C89AEB556E316D2F","Support/Redist/DirectX-Runtime/Mar2009_X3DAudio_x64.cab",54600,54600,52525,0
"6877E7699C197D65422D42E2C89AEB556E316D2F","Support/Redist/DirectX-Runtime/Mar2009_X3DAudio_x86.cab",21298,21298,19214,0
"6877E7699C197D65422D42E2C89AEB556E316D2F","Support/Redist/DirectX-Runtime/Mar2009_XACT_x64.cab",121506,121506,121518,0
"6877E7699C197D65422D42E2C89AEB556E316D2F","Support/Redist/DirectX-Runtime/Mar2009_XACT_x86.cab",92740,92740,90837,0
"6877E7699C197D65422D42E2C89AEB556E316D2F","Support/Redist/DirectX-Runtime/Mar2009_XAudio_x64.cab",275044,275044,273064,0
"6877E7699C197D65422D42E2C89AEB556E316D2F","Support/Redist/DirectX-Runtime/Mar2009_XAudio_x86.cab",273018,273018,270971,0
"6877E7699C197D65422D42E2C89AEB556E316D2F","Support/Redist/DirectX-Runtime/Nov2007_d3dx10_36_x64.cab",864600,864600,862959,0
"6877E7699C197D65422D42E2C89AEB556E316D2F","Support/Redist/DirectX-Runtime/Nov2007_d3dx10_36_x86.cab",803884,803884,801919,0
"6877E7699C197D65422D42E2C89AEB556E316D2F","Support/Redist/DirectX-Runtime/Nov2007_d3dx9_36_x64.cab",1802058,1802058,1799961,0
"6877E7699C197D65422D42E2C89AEB556E316D2F","Support/Redist/DirectX-Runtime/Nov2007_d3dx9_36_x86.cab",1709360,1709360,1707478,0
"6877E7699C197D65422D42E2C89AEB556E316D2F","Support/Redist/DirectX-Runtime/NOV2007_X3DAudio_x64.cab",46144,46144,44216,0
"6877E7699C197D65422D42E2C89AEB556E316D2F","Support/Redist/DirectX-Runtime/NOV2007_X3DAudio_x86.cab",18496,18496,16387,0
"6877E7699C197D65422D42E2C89AEB556E316D2F","Support/Redist/DirectX-Runtime/NOV2007_XACT_x64.cab",196762,196762,194809,0
"6877E7699C197D65422D42E2C89AEB556E316D2F","Support/Redist/DirectX-Runtime/NOV2007_XACT_x86.cab",148264,148264,146270,0
"6877E7699C197D65422D42E2C89AEB556E316D2F","Support/Redist/DirectX-Runtime/Nov2008_d3dx10_40_x64.cab",994154,994154,988999,0
"6877E7699C197D65422D42E2C89AEB556E316D2F","Support/Redist/DirectX-Runtime/Nov2008_d3dx10_40_x86.cab",965421,965421,963444,0
"6877E7699C197D65422D42E2C89AEB556E316D2F","Support/Redist/DirectX-Runtime/Nov2008_d3dx9_40_x64.cab",1906878,1906878,1901447,0
"6877E7699C197D65422D42E2C89AEB556E316D2F","Support/Redist/DirectX-Runtime/Nov2008_d3dx9_40_x86.cab",1550796,1550796,1548574,0
"6877E7699C197D65422D42E2C89AEB556E316D2F","Support/Redist/DirectX-Runtime/Nov2008_X3DAudio_x64.cab",54522,54522,52589,0
"6877E7699C197D65422D42E2C89AEB556E316D2F","Support/Redist/DirectX-Runtime/Nov2008_X3DAudio_x86.cab",21851,21851,19648,0
"6877E7699C197D65422D42E2C89AEB556E316D2F","Support/Redist/DirectX-Runtime/Nov2008_XACT_x64.cab",121794,121794,121806,0
"6877E7699C197D65422D42E2C89AEB556E316D2F","Support/Redist/DirectX-Runtime/Nov2008_XACT_x86.cab",92684,92684,90781,0
"6877E7699C197D65422D42E2C89AEB556E316D2F","Support/Redist/DirectX-Runtime/Nov2008_XAudio_x64.cab",273960,273960,271992,0
"6877E7699C197D65422D42E2C89AEB556E316D2F","Support/Redist/DirectX-Runtime/Nov2008_XAudio_x86.cab",272611,272611,270614,0
"6877E7699C197D65422D42E2C89AEB556E316D2F","Support/Redist/DirectX-Runtime/Oct2005_xinput_x64.cab",86037,86037,83984,0
"6877E7699C197D65422D42E2C89AEB556E316D2F","Support/Redist/DirectX-Runtime/Oct2005_xinput_x86.cab",45359,45359,43281,0
"6877E7699C197D65422D42E2C89AEB556E316D2F","Support/Redist/DirectX-Runtime/OCT2006_d3dx9_31_x64.cab",1412902,1412902,1410948,0
"6877E7699C197D65422D42E2C89AEB556E316D2F","Support/Redist/DirectX-Runtime/OCT2006_d3dx9_31_x86.cab",1127217,1127217,1124490,0
"6877E7699C197D65422D42E2C89AEB556E316D2F","Support/Redist/DirectX-Runtime/OCT2006_XACT_x64.cab",182361,182361,180408,0
"6877E7699C197D65422D42E2C89AEB556E316D2F","Support/Redist/DirectX-Runtime/OCT2006_XACT_x86.cab",138017,138017,135982,0
"6877E7699C197D65422D42E2C89AEB556E316D2F","Support/Redist/VS2010Runtime/vcredist_x64.exe",5673816,5673816,5653733,0
"6877E7699C197D65422D42E2C89AEB556E316D2F","Support/Redist/VS2012Runtime/vcredist_x64.exe",7185000,7185000,6993783,0
"6877E7699C197D65422D42E2C89AEB556E316D2F","Support/Redist/VS2019Runtime/vcredist_x64.exe",25397512,25397512,24323420,0
"6877E7699C197D65422D42E2C89AEB556E316D2F","Support/eula/EULA-v1.0-BRAZIL.htm",33859,33859,12285,0
"6877E7699C197D65422D42E2C89AEB556E316D2F","Support/eula/EULA-v1.0-CANADA_EN.htm",30494,30494,11194,0
"6877E7699C197D65422D42E2C89AEB556E316D2F","Support/eula/EULA-v1.0-CANADA_FR.htm",37199,37199,12970,0
"6877E7699C197D65422D42E2C89AEB556E316D2F","Support/eula/EULA-v1.0-CHINESE_SIM.htm",25598,25598,10306,0
"6877E7699C197D65422D42E2C89AEB556E316D2F","Support/eula/EULA-v1.0-CZECH_REP.htm",34017,34017,12834,0
"6877E7699C197D65422D42E2C89AEB556E316D2F","Support/eula/EULA-v1.0-DENMARK.htm",32283,32283,11991,0
"6877E7699C197D65422D42E2C89AEB556E316D2F","Support/eula/EULA-v1.0-EXPORT_EN.htm",30220,30220,11040,0
"6877E7699C197D65422D42E2C89AEB556E316D2F","Support/eula/EULA-v1.0-EXPORT_SP.htm",35569,35569,12501,0
"6877E7699C197D65422D42E2C89AEB556E316D2F","Support/eula/EULA-v1.0-FINLAND.htm",32903,32903,12570,0
"6877E7699C197D65422D42E2C89AEB556E316D2F","Support/eula/EULA-v1.0-FRANCE.htm",36962,36962,12922,0
"6877E7699C197D65422D42E2C89AEB556E316D2F","Support/eula/EULA-v1.0-GERMANY.htm",36980,36980,13505,0
"6877E7699C197D65422D42E2C89AEB556E316D2F","Support/eula/EULA-v1.0-HUNGARY.htm",34641,34641,12612,0
"6877E7699C197D65422D42E2C89AEB556E316D2F","Support/eula/EULA-v1.0-ITALY.htm",35802,35802,12214,0
"6877E7699C197D65422D42E2C89AEB556E316D2F","Support/eula/EULA-v1.0-JAPAN.htm",41673,41673,12088,0
"6877E7699C197D65422D42E2C89AEB556E316D2F","Support/eula/EULA-v1.0-NETHERLANDS.htm",36394,36394,12639,0
"6877E7699C197D65422D42E2C89AEB556E316D2F","Support/eula/EULA-v1.0-NORWAY.htm",32994,32994,11789,0
"6877E7699C197D65422D42E2C89AEB556E316D2F","Support/eula/EULA-v1.0-POLAND.htm",37450,37450,13563,0
"6877E7699C197D65422D42E2C89AEB556E316D2F","Support/eula/EULA-v1.0-PORTUGAL.htm",34023,34023,12205,0
"6877E7699C197D65422D42E2C89AEB556E316D2F","Support/eula/EULA-v1.0-RUSSIA.htm",64807,64807,16169,0
"6877E7699C197D65422D42E2C89AEB556E316D2F","Support/eula/EULA-v1.0-SPAIN.htm",35502,35502,12541,0
"6877E7699C197D65422D42E2C89AEB556E316D2F","Support/eula/EULA-v1.0-SWEDEN.htm",32997,32997,11737,0
"6877E7699C197D65422D42E2C89AEB556E316D2F","Support/eula/EULA-v1.0-UK.htm",30169,30169,11034,0
"6877E7699C197D65422D42E2C89AEB556E316D2F","Support/eula/EULA-v1.0-US.htm",34101,34101,12440,0
"6877E7699C197D65422D42E2C89AEB556E316D2F","Support/readme/ReadMe-br.txt",13903,13903,4468,0
"6877E7699C197D65422D42E2C89AEB556E316D2F","Support/readme/ReadMe-cs.txt",12252,12252,4690,0
"6877E7699C197D65422D42E2C89AEB556E316D2F","Support/readme/ReadMe-ct.txt",12232,12232,4662,0
"6877E7699C197D65422D42E2C89AEB556E316D2F","Support/readme/ReadMe-cz.txt",12486,12486,4334,0
"6877E7699C197D65422D42E2C89AEB556E316D2F","Support/readme/ReadMe-de.txt",14132,14132,4623,0
"6877E7699C197D65422D42E2C89AEB556E316D2F","Support/readme/ReadMe-en.txt",12729,12729,4215,0
"6877E7699C197D65422D42E2C89AEB556E316D2F","Support/readme/ReadMe-es.txt",11478,11478,3565,0
"6877E7699C197D65422D42E2C89AEB556E316D2F","Support/readme/ReadMe-fr.txt",13819,13819,4337,0
"6877E7699C197D65422D42E2C89AEB556E316D2F","Support/readme/ReadMe-it.txt",11072,11072,3481,0
"6877E7699C197D65422D42E2C89AEB556E316D2F","Support/readme/ReadMe-jp.txt",12764,12764,3866,0
"6877E7699C197D65422D42E2C89AEB556E316D2F","Support/readme/ReadMe-kr.txt",13939,13939,4633,0
"6877E7699C197D65422D42E2C89AEB556E316D2F","Support/readme/ReadMe-mx.txt",13989,13989,4485,0
"6877E7699C197D65422D42E2C89AEB556E316D2F","Support/readme/ReadMe-nl.txt",11185,11185,3490,0
"6877E7699C197D65422D42E2C89AEB556E316D2F","Support/readme/ReadMe-pl.txt",13476,13476,4609,0
"6877E7699C197D65422D42E2C89AEB556E316D2F","Support/readme/ReadMe-ru.txt",20270,20270,5477,0
"6877E7699C197D65422D42E2C89AEB556E316D2F","Support/benchmark/benchmark_template.html",792738,792738,449784,0
"6877E7699C197D65422D42E2C89AEB556E316D2F","Support/benchmark/font_arabic1",257820,257820,104764,0
"6877E7699C197D65422D42E2C89AEB556E316D2F","Support/benchmark/font_arabic2",276064,276064,97435,0
"6877E7699C197D65422D42E2C89AEB556E316D2F","Support/benchmark/font_chinas1",812176,812176,279094,0
"6877E7699C197D65422D42E2C89AEB556E316D2F","Support/benchmark/font_chinas2",276064,276064,97435,0
"6877E7699C197D65422D42E2C89AEB556E316D2F","Support/benchmark/font_chinat1",812176,812176,279094,0
"6877E7699C197D65422D42E2C89AEB556E316D2F","Support/benchmark/font_chinat2",276064,276064,97435,0
"6877E7699C197D65422D42E2C89AEB556E316D2F","Support/benchmark/font_japan1",812176,812176,279094,0
"6877E7699C197D65422D42E2C89AEB556E316D2F","Support/benchmark/font_japan2",276064,276064,97435,0
"6877E7699C197D65422D42E2C89AEB556E316D2F","Support/benchmark/font_korea1",812176,812176,279094,0
"6877E7699C197D65422D42E2C89AEB556E316D2F","Support/benchmark/font_korea2",276064,276064,97435,0
"6877E7699C197D65422D42E2C89AEB556E316D2F","Support/benchmark/font1",156546,156546,64369,0
"6877E7699C197D65422D42E2C89AEB556E316D2F","Support/benchmark/font2",146642,146642,73954,0
"6877E7699C197D65422D42E2C89AEB556E316D2F","localization.lang",14,14,23,0
"6877E7699C197D65422D42E2C89AEB556E316D2F","streaminginstall.ini",29342,29342,3351,0
"6877E7699C197D65422D42E2C89AEB556E316D2F","dbghelp.dll",2180616,2180616,936989,0
"6877E7699C197D65422D42E2C89AEB556E316D2F","ekshaderspcdx12compress.bin",71418148,71418148,71293465,0
"6877E7699C197D65422D42E2C89AEB556E316D2F","gpudatabase_win64.dll",207896,207896,34014,0
"6877E7699C197D65422D42E2C89AEB556E316D2F","extendedpcidevs.txt",147456,147456,19742,0
"6877E7699C197D65422D42E2C89AEB556E316D2F","symsrv.dll",386568,386568,159614,0
"6877E7699C197D65422D42E2C89AEB556E316D2F","upc_r2_loader.dll",316568,316568,140711,0
"6877E7699C197D65422D42E2C89AEB556E316D2F","upc_r2_loader64.dll",413848,413848,173613,0
"6877E7699C197D65422D42E2C89AEB556E316D2F","steam_api64.dll",262944,262944,125454,0
"6877E7699C197D65422D42E2C89AEB556E316D2F","amd_ags_x64.dll",179408,179408,98157,0
"6877E7699C197D65422D42E2C89AEB556E316D2F","gfsdk_aftermath_lib.x64.dll",5570136,5570136,2030015,0
"6877E7699C197D65422D42E2C89AEB556E316D2F","nvlowlatencyvk.dll",48952,48952,24998,0
"6877E7699C197D65422D42E2C89AEB556E316D2F","nvngx_dlss.dll",51717160,51717160,31806428,0
"6877E7699C197D65422D42E2C89AEB556E316D2F","vivoxsdk.dll",12713984,12713984,7400707,0
"6877E7699C197D65422D42E2C89AEB556E316D2F","fvad.dll",39960,39960,22152,0
"6877E7699C197D65422D42E2C89AEB556E316D2F","libcurl.dll",507920,507920,270524,0
"6877E7699C197D65422D42E2C89AEB556E316D2F","libtox.dll",261280,261280,111646,0
"6877E7699C197D65422D42E2C89AEB556E316D2F","opus.dll",416272,416272,245729,0
"6877E7699C197D65422D42E2C89AEB556E316D2F","opusenc.dll",65560,65560,38984,0
"6877E7699C197D65422D42E2C89AEB556E316D2F","zlib1.dll",105488,105488,60160,0
"6877E7699C197D65422D42E2C89AEB556E316D2F","BattlEye/BELauncher.ini",93,93,98,0
"6877E7699C197D65422D42E2C89AEB556E316D2F","BattlEye/Install_BattlEye.bat",64,64,73,0
"6877E7699C197D65422D42E2C89AEB556E316D2F","BattlEye/Uninstall_BattlEye.bat",64,64,73,0
"6877E7699C197D65422D42E2C89AEB556E316D2F","BattlEye/Privacy/cs.txt",1545,1545,822,0
"6877E7699C197D65422D42E2C89AEB556E316D2F","BattlEye/Privacy/cs-CZ.txt",1545,1545,822,0
"6877E7699C197D65422D42E2C89AEB556E316D2F","BattlEye/Privacy/de.txt",1445,1445,742,0
"6877E7699C197D65422D42E2C89AEB556E316D2F","BattlEye/Privacy/de-DE.txt",1445,1445,742,0
"6877E7699C197D65422D42E2C89AEB556E316D2F","BattlEye/Privacy/en.txt",1302,1302,628,0
"6877E7699C197D65422D42E2C89AEB556E316D2F","BattlEye/Privacy/en-US.txt",1302,1302,628,0
"6877E7699C197D65422D42E2C89AEB556E316D2F","BattlEye/Privacy/es.txt",1532,1532,727,0
"6877E7699C197D65422D42E2C89AEB556E316D2F","BattlEye/Privacy/es-ES.txt",1532,1532,727,0
"6877E7699C197D65422D42E2C89AEB556E316D2F","BattlEye/Privacy/es-MX.txt",1540,1540,729,0
"6877E7699C197D65422D42E2C89AEB556E316D2F","BattlEye/Privacy/fr.txt",1677,1677,817,0
"6877E7699C197D65422D42E2C89AEB556E316D2F","BattlEye/Privacy/fr-FR.txt",1674,1674,809,0
"6877E7699C197D65422D42E2C89AEB556E316D2F","BattlEye/Privacy/it.txt",1376,1376,666,0
"6877E7699C197D65422D42E2C89AEB556E316D2F","BattlEye/Privacy/it-IT.txt",1376,1376,666,0
"6877E7699C197D65422D42E2C89AEB556E316D2F","BattlEye/Privacy/ja.txt",1601,1601,807,0
"6877E7699C197D65422D42E2C89AEB556E316D2F","BattlEye/Privacy/ja-JP.txt",1601,1601,807,0
"6877E7699C197D65422D42E2C89AEB556E316D2F","BattlEye/Privacy/ko.txt",1407,1407,774,0
"6877E7699C197D65422D42E2C89AEB556E316D2F","BattlEye/Privacy/ko-KR.txt",1407,1407,774,0
"6877E7699C197D65422D42E2C89AEB556E316D2F","BattlEye/Privacy/nl.txt",1394,1394,680,0
"6877E7699C197D65422D42E2C89AEB556E316D2F","BattlEye/Privacy/nl-NL.txt",1394,1394,680,0
"6877E7699C197D65422D42E2C89AEB556E316D2F","BattlEye/Privacy/pl.txt",1610,1610,843,0
"6877E7699C197D65422D42E2C89AEB556E316D2F","BattlEye/Privacy/pl-PL.txt",1610,1610,843,0
"6877E7699C197D65422D42E2C89AEB556E316D2F","BattlEye/Privacy/pt.txt",1512,1512,729,0
"6877E7699C197D65422D42E2C89AEB556E316D2F","BattlEye/Privacy/pt-BR.txt",1512,1512,729,0
"6877E7699C197D65422D42E2C89AEB556E316D2F","BattlEye/Privacy/ru.txt",2012,2012,861,0
"6877E7699C197D65422D42E2C89AEB556E316D2F","BattlEye/Privacy/ru-RU.txt",2012,2012,861,0
"6877E7699C197D65422D42E2C89AEB556E316D2F","BattlEye/Privacy/tr.txt",1376,1376,683,0
"6877E7699C197D65422D42E2C89AEB556E316D2F","BattlEye/Privacy/tr-TR.txt",1376,1376,683,0
"6877E7699C197D65422D42E2C89AEB556E316D2F","BattlEye/Privacy/zh.txt",1052,1052,675,0
"6877E7699C197D65422D42E2C89AEB556E316D2F","BattlEye/Privacy/zh-CN.txt",1052,1052,675,0
"6877E7699C197D65422D42E2C89AEB556E316D2F","BattlEye/Privacy/zh-TW.txt",1067,1067,682,0
"6877E7699C197D65422D42E2C89AEB556E316D2F","BattlEye/Text/cs.ini",3192,3192,1500,0
"6877E7699C197D65422D42E2C89AEB556E316D2F","BattlEye/Text/de.ini",3283,3283,1427,0
"6877E7699C197D65422D42E2C89AEB556E316D2F","BattlEye/Text/en.ini",2748,2748,1183,0
"6877E7699C197D65422D42E2C89AEB556E316D2F","BattlEye/Text/es.ini",3137,3137,1355,0
"6877E7699C197D65422D42E2C89AEB556E316D2F","BattlEye/Text/fr.ini",3246,3246,1428,0
"6877E7699C197D65422D42E2C89AEB556E316D2F","BattlEye/Text/it.ini",3024,3024,1319,0
"6877E7699C197D65422D42E2C89AEB556E316D2F","BattlEye/Text/ja.ini",4125,4125,1579,0
"6877E7699C197D65422D42E2C89AEB556E316D2F","BattlEye/Text/ko.ini",3362,3362,1476,0
"6877E7699C197D65422D42E2C89AEB556E316D2F","BattlEye/Text/nl.ini",3004,3004,1320,0
"6877E7699C197D65422D42E2C89AEB556E316D2F","BattlEye/Text/pl.ini",3165,3165,1455,0
"6877E7699C197D65422D42E2C89AEB556E316D2F","BattlEye/Text/pt.ini",3054,3054,1346,0
"6877E7699C197D65422D42E2C89AEB556E316D2F","BattlEye/Text/ru.ini",4901,4901,1763,0
"6877E7699C197D65422D42E2C89AEB556E316D2F","BattlEye/Text/tr.ini",2990,2990,1378,0
"6877E7699C197D65422D42E2C89AEB556E316D2F","BattlEye/Text/zh.ini",2628,2628,1425,0
"6877E7699C197D65422D42E2C89AEB556E316D2F","BattlEye/Text/zh-TW.ini",2628,2628,1427,0
"6877E7699C197D65422D42E2C89AEB556E316D2F","BattlEye/BEClient_x64.dll",5967112,5967112,5581075,0
"6877E7699C197D65422D42E2C89AEB556E316D2F","BattlEye/BEClient_x64.cfg",27,27,36,0
"6877E7699C197D65422D42E2C89AEB556E316D2F","BattlEye/BEService_x64.exe",20352680,20352680,19674862,0
"6877E7699C197D65422D42E2C89AEB556E316D2F","BattlEye/Licenses.txt",1128,1128,711,0
"6877E7699C197D65422D42E2C89AEB556E316D2F","RainbowSix_BE.exe",1457928,1457928,1004765,0
"6877E7699C197D65422D42E2C89AEB556E316D2F","sen_client.dll",22463160,22463160,17556268,0
"6877E7699C197D65422D42E2C89AEB556E316D2F","RainbowSix.exe",135352384,135352384,132257400,0
"6877E7699C197D65422D42E2C89AEB556E316D2F","RainbowSixHelper.exe",135352384,135352384,132257400,0
"6877E7699C197D65422D42E2C89AEB556E316D2F","defaultargs.dll",5484560,5484560,5098287,0
"6877E7699C197D65422D42E2C89AEB556E316D2F","datapc64.forge",73203712,73203712,71473850,0
"6877E7699C197D65422D42E2C89AEB556E316D2F","datapc64_mtx.forge",216039424,216039424,32607086,0
"6877E7699C197D65422D42E2C89AEB556E316D2F","datapc64_dmtx.forge",589824,589824,61290,0
"6877E7699C197D65422D42E2C89AEB556E316D2F","datapc64_dmtx_playgo.forge",32768,32768,556,0
"6877E7699C197D65422D42E2C89AEB556E316D2F","datapc64_merged_playgo_bnk_000000001_mesh.forge",13697024,13697024,6531500,0
"6877E7699C197D65422D42E2C89AEB556E316D2F","datapc64_merged_playgo_bnk_000000001_meshshape.forge",2293760,2293760,1218467,0
"6877E7699C197D65422D42E2C89AEB556E316D2F","datapc64_merged_playgo_bnk_000000002_mesh.forge",11665408,11665408,5437593,0
"6877E7699C197D65422D42E2C89AEB556E316D2F","datapc64_merged_playgo_bnk_000000002_meshshape.forge",2293760,2293760,1146208,0
"6877E7699C197D65422D42E2C89AEB556E316D2F","datapc64_merged_playgo_bnk_000000003_mesh.forge",1409024,1409024,1133170,0
"6877E7699C197D65422D42E2C89AEB556E316D2F","datapc64_merged_playgo_bnk_000000003_meshshape.forge",9175040,9175040,4966032,0
"6877E7699C197D65422D42E2C89AEB556E316D2F","datapc64_merged_playgo_bnk_000000004_mesh.forge",41058304,41058304,32361537,0
"6877E7699C197D65422D42E2C89AEB556E316D2F","datapc64_merged_playgo_bnk_000000004_meshshape.forge",12288000,12288000,8181340,0
"6877E7699C197D65422D42E2C89AEB556E316D2F","datapc64_merged_playgo_bnk_101101136_mesh.forge",131072,131072,88347,0
"6877E7699C197D65422D42E2C89AEB556E316D2F","datapc64_merged_playgo_bnk_109455534_guitextures0.forge",4554752,4554752,4444857,0
"6877E7699C197D65422D42E2C89AEB556E316D2F","datapc64_merged_playgo_bnk_109455534_guitextures1.forge",1703936,1703936,1665523,0
"6877E7699C197D65422D42E2C89AEB556E316D2F","datapc64_merged_playgo_bnk_guitextures0.forge",1573322752,1573322752,1501730239,0
"6877E7699C197D65422D42E2C89AEB556E316D2F","datapc64_merged_playgo_bnk_guitextures1.forge",1178828800,1178828800,1162315232,0
"6877E7699C197D65422D42E2C89AEB556E316D2F","datapc64_merged_playgo_bnk_mesh.forge",82804736,82804736,57436806,0
"6877E7699C197D65422D42E2C89AEB556E316D2F","datapc64_merged_playgo_bnk_meshshape.forge",13041664,13041664,9838777,0
"6877E7699C197D65422D42E2C89AEB556E316D2F","datapc64_merged_playgo_bnk_textures0.forge",699334656,699334656,581248912,0
"6877E7699C197D65422D42E2C89AEB556E316D2F","datapc64_merged_playgo_bnk_textures1.forge",254050304,254050304,249993268,0
"6877E7699C197D65422D42E2C89AEB556E316D2F","datapc64_merged_playgo_bnk_textures2.forge",237731840,237731840,234102052,0
"6877E7699C197D65422D42E2C89AEB556E316D2F","datapc64_merged_playgo_bnk_textures3.forge",533757952,533757952,531846887,0
"6877E7699C197D65422D42E2C89AEB556E316D2F","datapc64_mtx_playgo.forge",32768,32768,2213,0
"6877E7699C197D65422D42E2C89AEB556E316D2F","datapc64_mtx_playgo_bnk_000000003_mesh.forge",98304,98304,75105,0
"6877E7699C197D65422D42E2C89AEB556E316D2F","datapc64_mtx_playgo_bnk_mesh.forge",98304,98304,75764,0
"6877E7699C197D65422D42E2C89AEB556E316D2F","datapc64_mtx_playgo_bnk_textures0.forge",163840,163840,116734,0
"6877E7699C197D65422D42E2C89AEB556E316D2F","datapc64_mtx_playgo_bnk_textures1.forge",327680,327680,284702,0
"6877E7699C197D65422D42E2C89AEB556E316D2F","datapc64_mtx_playgo_bnk_textures2.forge",229376,229376,194003,0
"6877E7699C197D65422D42E2C89AEB556E316D2F","datapc64_mtx_playgo_bnk_textures3.forge",753664,753664,734321,0
"6877E7699C197D65422D42E2C89AEB556E316D2F","datapc64_onb01_tutorial_playgo.forge",2228224,2228224,2032240,0
"6877E7699C197D65422D42E2C89AEB556E316D2F","datapc64_onb01_tutorial_playgo_bnk_gidata.forge",37715968,37715968,37683735,0
"6877E7699C197D65422D42E2C89AEB556E316D2F","datapc64_onb02_tutorial_playgo.forge",3342336,3342336,3040672,0
"6877E7699C197D65422D42E2C89AEB556E316D2F","datapc64_onb02_tutorial_playgo_bnk_gidata.forge",21889024,21889024,21852684,0
"6877E7699C197D65422D42E2C89AEB556E316D2F","datapc64_ondemand_playgo.forge",471105536,471105536,182048070,0
"6877E7699C197D65422D42E2C89AEB556E316D2F","datapc64_r6_menuworld_playgo.forge",4685824,4685824,4568457,0
"6877E7699C197D65422D42E2C89AEB556E316D2F","datapc64_r6_menuworld_playgo_bnk_gidata.forge",65536,65536,1479,0
"6877E7699C197D65422D42E2C89AEB556E316D2F","datapc64_ui_playgo.forge",158400512,158400512,143359418,0
"6877E7699C197D65422D42E2C89AEB556E316D2F","videos/y10s1_siege_introduction_v6.webm",188533930,188533930,179299589,0
"6877E7699C197D65422D42E2C89AEB556E316D2F","videos/y11s1_siege_introduction_v7_diamond.webm",79912012,79912012,76205000,0
"6877E7699C197D65422D42E2C89AEB556E316D2F","videos/ui/y10s2_hub_core_playgo.webm",18387130,18387130,16751328,0
"6877E7699C197D65422D42E2C89AEB556E316D2F","videos/ui/y10s3_hub_core_playgo.webm",48695831,48695831,45570186,0
"6877E7699C197D65422D42E2C89AEB556E316D2F","videos/ui/y10s4_hub_core_playgo.webm",43468593,43468593,39768815,0
"6877E7699C197D65422D42E2C89AEB556E316D2F","videos/ui/y11s1_hub_core_playgo.webm",40221352,40221352,36004079,0
"6877E7699C197D65422D42E2C89AEB556E316D2F","videos/ui/y11s2_hub_core_playgo.webm",40261194,40261194,36324910,0
"6877E7699C197D65422D42E2C89AEB556E316D2F","videos/bootflow/y10s4_bootflow_logo.webm",9582163,9582163,9154872,0
"6877E7699C197D65422D42E2C89AEB556E316D2F","videos/y8s3_onbrd_tutorial01.webm",31455614,31455614,29793092,0
"6877E7699C197D65422D42E2C89AEB556E316D2F","videos/y8s3_onbrd_tutorial02.webm",31570774,31570774,29937449,0
"6877E7699C197D65422D42E2C89AEB556E316D2F","datapc64_3c_metrics.depgraphbin",4826,4826,4836,0
"6877E7699C197D65422D42E2C89AEB556E316D2F","datapc64_bootstrap.depgraphbin",12509,12509,12519,0
"6877E7699C197D65422D42E2C89AEB556E316D2F","datapc64_dmtx.depgraphbin",1673,1673,1683,0
"6877E7699C197D65422D42E2C89AEB556E316D2F","datapc64_mtx.depgraphbin",585990,585990,559269,0
"6877E7699C197D65422D42E2C89AEB556E316D2F","datapc64_mtx_playgo.depgraphbin",142,142,140,0
"6877E7699C197D65422D42E2C89AEB556E316D2F","datapc64_mtx_set01.depgraphbin",176,176,105,0
"6877E7699C197D65422D42E2C89AEB556E316D2F","datapc64_onb00_shootingrange.depgraphbin",8301,8301,8311,0
"6877E7699C197D65422D42E2C89AEB556E316D2F","datapc64_onb01_tutorial_playgo.depgraphbin",10641,10641,10651,0
"6877E7699C197D65422D42E2C89AEB556E316D2F","datapc64_onb02_tutorial_playgo.depgraphbin",14588,14588,14598,0
"6877E7699C197D65422D42E2C89AEB556E316D2F","datapc64_ondemand.depgraphbin",1399209,1399209,1377098,0
"6877E7699C197D65422D42E2C89AEB556E316D2F","datapc64_ondemand_playgo.depgraphbin",148842,148842,148857,0
"6877E7699C197D65422D42E2C89AEB556E316D2F","datapc64_ondemand_set01.depgraphbin",29832,29832,29842,0
"6877E7699C197D65422D42E2C89AEB556E316D2F","datapc64_ondemand_set02.depgraphbin",10022,10022,10032,0
"6877E7699C197D65422D42E2C89AEB556E316D2F","datapc64_perf_house_v2.depgraphbin",24105,24105,24115,0
"6877E7699C197D65422D42E2C89AEB556E316D2F","datapc64_pvp01_house_v3.depgraphbin",32900,32900,32910,0
"6877E7699C197D65422D42E2C89AEB556E316D2F","datapc64_pvp02_oregon_v2_mod.depgraphbin",29290,29290,29300,0
"6877E7699C197D65422D42E2C89AEB556E316D2F","datapc64_pvp04_clubhouse_mod_set01.depgraphbin",31182,31182,31192,0
"6877E7699C197D65422D42E2C89AEB556E316D2F","datapc64_pvp05_plane_v2.depgraphbin",17327,17327,17337,0
"6877E7699C197D65422D42E2C89AEB556E316D2F","datapc64_pvp06_yacht_v2.depgraphbin",26281,26281,26291,0
"6877E7699C197D65422D42E2C89AEB556E316D2F","datapc64_pvp07_consulate_v2.depgraphbin",31882,31882,31892,0
"6877E7699C197D65422D42E2C89AEB556E316D2F","datapc64_pvp07_consulate_v2_mod.depgraphbin",34847,34847,34857,0
"6877E7699C197D65422D42E2C89AEB556E316D2F","datapc64_pvp08_bank_v2_mod.depgraphbin",30355,30355,30365,0
"6877E7699C197D65422D42E2C89AEB556E316D2F","datapc64_pvp09_kanal_mod.depgraphbin",30311,30311,30321,0
"6877E7699C197D65422D42E2C89AEB556E316D2F","datapc64_pvp10_chalet_v2_mod.depgraphbin",26496,26496,26506,0
"6877E7699C197D65422D42E2C89AEB556E316D2F","datapc64_pvp11_university.depgraphbin",22898,22898,22908,0
"6877E7699C197D65422D42E2C89AEB556E316D2F","datapc64_pvp12_russiancafe_mod.depgraphbin",28268,28268,28278,0
"6877E7699C197D65422D42E2C89AEB556E316D2F","datapc64_pvp13_border_v2_mod.depgraphbin",26659,26659,26669,0
"6877E7699C197D65422D42E2C89AEB556E316D2F","datapc64_pvp14_favela_v2.depgraphbin",29569,29569,29579,0
"6877E7699C197D65422D42E2C89AEB556E316D2F","datapc64_pvp15_temple_v2_mod.depgraphbin",26439,26439,26449,0
"6877E7699C197D65422D42E2C89AEB556E316D2F","datapc64_pvp16_ibiza_mod.depgraphbin",31934,31934,31944,0
"6877E7699C197D65422D42E2C89AEB556E316D2F","datapc64_pvp17_themepark_v2_mod.depgraphbin",27690,27690,27700,0
"6877E7699C197D65422D42E2C89AEB556E316D2F","datapc64_pvp19_tower.depgraphbin",32182,32182,32192,0
"6877E7699C197D65422D42E2C89AEB556E316D2F","datapc64_pvp20_italy_mod.depgraphbin",31098,31098,31108,0
"6877E7699C197D65422D42E2C89AEB556E316D2F","datapc64_pvp22_morocco_v2_mod.depgraphbin",32566,32566,32576,0
"6877E7699C197D65422D42E2C89AEB556E316D2F","datapc64_pvp23_australia_v2_mod.depgraphbin",27580,27580,27590,0
"6877E7699C197D65422D42E2C89AEB556E316D2F","datapc64_pvp24_countryclub_mod.depgraphbin",28941,28941,28951,0
"6877E7699C197D65422D42E2C89AEB556E316D2F","datapc64_pvp25_nighthaven.depgraphbin",26678,26678,26688,0
"6877E7699C197D65422D42E2C89AEB556E316D2F","datapc64_pvp25_nighthaven_mod.depgraphbin",25576,25576,25586,0
"6877E7699C197D65422D42E2C89AEB556E316D2F","datapc64_pvp26_viperstrike.depgraphbin",28847,28847,28857,0
"6877E7699C197D65422D42E2C89AEB556E316D2F","datapc64_pvp26_viperstrike_mod.depgraphbin",28173,28173,28183,0
"6877E7699C197D65422D42E2C89AEB556E316D2F","datapc64_pvp27_stadium2021.depgraphbin",19835,19835,19845,0
"6877E7699C197D65422D42E2C89AEB556E316D2F","datapc64_pvp27_stadium2021_v2.depgraphbin",19644,19644,19654,0
"6877E7699C197D65422D42E2C89AEB556E316D2F","datapc64_pvp28_stadiumalpha_v2.depgraphbin",20253,20253,20263,0
"6877E7699C197D65422D42E2C89AEB556E316D2F","datapc64_pvp29_privatecasino_mod.depgraphbin",37546,37546,37556,0
"6877E7699C197D65422D42E2C89AEB556E316D2F","datapc64_r6_menuworld_playgo.depgraphbin",2458,2458,2468,0
"6877E7699C197D65422D42E2C89AEB556E316D2F","datapc64_tdm01_mtown.depgraphbin",12780,12780,12790,0
"6877E7699C197D65422D42E2C89AEB556E316D2F","datapc64_ui_playgo.depgraphbin",104414,104414,95834,0
"6877E7699C197D65422D42E2C89AEB556E316D2F","datapc64_merged_playgo_bnk_000000003_soundmedia.forge",42893312,42893312,42611410,0
"6877E7699C197D65422D42E2C89AEB556E316D2F","datapc64_merged_playgo_bnk_000000004_soundmedia.forge",58720256,58720256,55677606,0
"6877E7699C197D65422D42E2C89AEB556E316D2F","datapc64_merged_playgo_bnk_105038660_soundmedia.forge",6717440,6717440,6655450,0
"6877E7699C197D65422D42E2C89AEB556E316D2F","datapc64_merged_playgo_bnk_106167009_soundmedia.forge",622592,622592,452599,0
"6877E7699C197D65422D42E2C89AEB556E316D2F","datapc64_merged_playgo_bnk_soundmedia.forge",839745536,839745536,797532067,0
"6877E7699C197D65422D42E2C89AEB556E316D2F","datapc64_merged_playgo_bnk_000000003_soundbank.forge",3112960,3112960,2785964,0
"6877E7699C197D65422D42E2C89AEB556E316D2F","datapc64_merged_playgo_bnk_000000004_soundbank.forge",20152320,20152320,18376011,0
"6877E7699C197D65422D42E2C89AEB556E316D2F","datapc64_merged_playgo_bnk_105038660_soundbank.forge",327680,327680,210184,0
"6877E7699C197D65422D42E2C89AEB556E316D2F","datapc64_merged_playgo_bnk_106167009_soundbank.forge",327680,327680,157695,0
"6877E7699C197D65422D42E2C89AEB556E316D2F","datapc64_merged_playgo_bnk_soundbank.forge",272203776,272203776,211014854,0
"6877E7699C197D65422D42E2C89AEB556E316D2F","datapc64_merged_playgo_bnk_000000003_soundbank_en-us.forge",425984,425984,265357,1
"6877E7699C197D65422D42E2C89AEB556E316D2F","datapc64_merged_playgo_bnk_000000003_soundmedia_en-us.forge",1081344,1081344,992353,1
"6877E7699C197D65422D42E2C89AEB556E316D2F","datapc64_merged_playgo_bnk_000000004_soundbank_en-us.forge",1376256,1376256,972057,1
"6877E7699C197D65422D42E2C89AEB556E316D2F","datapc64_merged_playgo_bnk_000000004_soundmedia_en-us.forge",7798784,7798784,6538177,1
"6877E7699C197D65422D42E2C89AEB556E316D2F","datapc64_merged_playgo_bnk_104622021_soundbank_en-us.forge",65536,65536,48343,1
"6877E7699C197D65422D42E2C89AEB556E316D2F","datapc64_merged_playgo_bnk_104622021_soundmedia_en-us.forge",32768,32768,9285,1
"6877E7699C197D65422D42E2C89AEB556E316D2F","datapc64_merged_playgo_bnk_105038660_soundbank_en-us.forge",196608,196608,123782,1
"6877E7699C197D65422D42E2C89AEB556E316D2F","datapc64_merged_playgo_bnk_105038660_soundmedia_en-us.forge",65536,65536,20663,1
"6877E7699C197D65422D42E2C89AEB556E316D2F","datapc64_merged_playgo_bnk_106167009_soundbank_en-us.forge",65536,65536,48393,1
"6877E7699C197D65422D42E2C89AEB556E316D2F","datapc64_merged_playgo_bnk_106167009_soundmedia_en-us.forge",32768,32768,11050,1
"6877E7699C197D65422D42E2C89AEB556E316D2F","datapc64_merged_playgo_bnk_soundbank_en-us.forge",5505024,5505024,3386990,1
"6877E7699C197D65422D42E2C89AEB556E316D2F","datapc64_merged_playgo_bnk_soundmedia_en-us.forge",79626240,79626240,69437521,1
"6877E7699C197D65422D42E2C89AEB556E316D2F","datapc64_ondemand_set01.forge",30507008,30507008,26767131,10
"6877E7699C197D65422D42E2C89AEB556E316D2F","datapc64_mtx_set01.forge",32768,32768,2768,10
"6877E7699C197D65422D42E2C89AEB556E316D2F","datapc64_mtx_set01_bnk_mesh.forge",196608,196608,155723,10
"6877E7699C197D65422D42E2C89AEB556E316D2F","datapc64_mtx_set01_bnk_textures0.forge",32768,32768,7730,10
"6877E7699C197D65422D42E2C89AEB556E316D2F","datapc64_mtx_set01_bnk_textures3.forge",32768,32768,10542,10
"6877E7699C197D65422D42E2C89AEB556E316D2F","datapc64_merged_set01_bnk_000000001_mesh.forge",27623424,27623424,16963858,10
"6877E7699C197D65422D42E2C89AEB556E316D2F","datapc64_merged_set01_bnk_000000001_meshshape.forge",30539776,30539776,22258661,10
"6877E7699C197D65422D42E2C89AEB556E316D2F","datapc64_merged_set01_bnk_000000002_mesh.forge",27525120,27525120,21327184,10
"6877E7699C197D65422D42E2C89AEB556E316D2F","datapc64_merged_set01_bnk_000000002_meshshape.forge",26738688,26738688,17097327,10
"6877E7699C197D65422D42E2C89AEB556E316D2F","datapc64_merged_set01_bnk_000000003_mesh.forge",9076736,9076736,6743656,10
"6877E7699C197D65422D42E2C89AEB556E316D2F","datapc64_merged_set01_bnk_000000003_meshshape.forge",81297408,81297408,53480844,10
"6877E7699C197D65422D42E2C89AEB556E316D2F","datapc64_merged_set01_bnk_000000004_mesh.forge",50593792,50593792,41053122,10
"6877E7699C197D65422D42E2C89AEB556E316D2F","datapc64_merged_set01_bnk_000000004_meshshape.forge",21626880,21626880,13950260,10
"6877E7699C197D65422D42E2C89AEB556E316D2F","datapc64_merged_set01_bnk_101101136_mesh.forge",32768,32768,4045,10
"6877E7699C197D65422D42E2C89AEB556E316D2F","datapc64_merged_set01_bnk_101101136_meshshape.forge",32768,32768,10404,10
"6877E7699C197D65422D42E2C89AEB556E316D2F","datapc64_merged_set01_bnk_105038660_mesh.forge",360448,360448,199439,10
"6877E7699C197D65422D42E2C89AEB556E316D2F","datapc64_merged_set01_bnk_105038660_meshshape.forge",32768,32768,2131,10
"6877E7699C197D65422D42E2C89AEB556E316D2F","datapc64_merged_set01_bnk_106167009_mesh.forge",425984,425984,313715,10
"6877E7699C197D65422D42E2C89AEB556E316D2F","datapc64_merged_set01_bnk_106167009_meshshape.forge",6619136,6619136,1612278,10
"6877E7699C197D65422D42E2C89AEB556E316D2F","datapc64_merged_set01_bnk_107686263_mesh.forge",32768,32768,1848,10
"6877E7699C197D65422D42E2C89AEB556E316D2F","datapc64_merged_set01_bnk_107686263_meshshape.forge",5865472,5865472,1318749,10
"6877E7699C197D65422D42E2C89AEB556E316D2F","datapc64_merged_set01_bnk_guitextures0.forge",5799936,5799936,5697994,10
"6877E7699C197D65422D42E2C89AEB556E316D2F","datapc64_merged_set01_bnk_guitextures1.forge",131072,131072,42682,10
"6877E7699C197D65422D42E2C89AEB556E316D2F","datapc64_merged_set01_bnk_mesh.forge",170721280,170721280,131910174,10
"6877E7699C197D65422D42E2C89AEB556E316D2F","datapc64_merged_set01_bnk_meshshape.forge",102465536,102465536,85763123,10
"6877E7699C197D65422D42E2C89AEB556E316D2F","datapc64_merged_set01_bnk_textures0.forge",129171456,129171456,124151492,10
"6877E7699C197D65422D42E2C89AEB556E316D2F","datapc64_merged_set01_bnk_textures1.forge",280395776,280395776,276790875,10
"6877E7699C197D65422D42E2C89AEB556E316D2F","datapc64_merged_set01_bnk_textures2.forge",303890432,303890432,301020405,10
"6877E7699C197D65422D42E2C89AEB556E316D2F","datapc64_merged_set01_bnk_textures3.forge",619282432,619282432,617395333,10
"6877E7699C197D65422D42E2C89AEB556E316D2F","datapc64_pvp04_clubhouse_mod.forge",23986176,23986176,23597089,10
"6877E7699C197D65422D42E2C89AEB556E316D2F","datapc64_pvp04_clubhouse_mod_set01_bnk_gidata.forge",21299200,21299200,21248995,10
"6877E7699C197D65422D42E2C89AEB556E316D2F","datapc64_merged_set01_bnk_000000003_soundmedia.forge",11042816,11042816,8499565,10
"6877E7699C197D65422D42E2C89AEB556E316D2F","datapc64_merged_set01_bnk_000000004_soundmedia.forge",33390592,33390592,31468098,10
"6877E7699C197D65422D42E2C89AEB556E316D2F","datapc64_merged_set01_bnk_107686263_soundmedia.forge",294912,294912,243164,10
"6877E7699C197D65422D42E2C89AEB556E316D2F","datapc64_merged_set01_bnk_soundmedia.forge",110559232,110559232,101384772,10
"6877E7699C197D65422D42E2C89AEB556E316D2F","datapc64_merged_set01_bnk_000000003_soundbank.forge",3768320,3768320,3629391,10
"6877E7699C197D65422D42E2C89AEB556E316D2F","datapc64_merged_set01_bnk_000000004_soundbank.forge",39026688,39026688,35114166,10
"6877E7699C197D65422D42E2C89AEB556E316D2F","datapc64_merged_set01_bnk_107686263_soundbank.forge",32768,32768,912,10
"6877E7699C197D65422D42E2C89AEB556E316D2F","datapc64_merged_set01_bnk_soundbank.forge",57376768,57376768,51211359,10
"6877E7699C197D65422D42E2C89AEB556E316D2F","datapc64_merged_set01_bnk_000000003_soundbank_en-us.forge",65536,65536,30318,11
"6877E7699C197D65422D42E2C89AEB556E316D2F","datapc64_merged_set01_bnk_000000003_soundmedia_en-us.forge",65536,65536,36451,11
"6877E7699C197D65422D42E2C89AEB556E316D2F","datapc64_merged_set01_bnk_000000004_soundbank_en-us.forge",7110656,7110656,5001487,11
"6877E7699C197D65422D42E2C89AEB556E316D2F","datapc64_merged_set01_bnk_000000004_soundmedia_en-us.forge",30736384,30736384,24810852,11
"6877E7699C197D65422D42E2C89AEB556E316D2F","datapc64_merged_set01_bnk_soundbank_en-us.forge",1802240,1802240,1252894,11
"6877E7699C197D65422D42E2C89AEB556E316D2F","datapc64_merged_set01_bnk_soundmedia_en-us.forge",12255232,12255232,10002766,11
"6877E7699C197D65422D42E2C89AEB556E316D2F","datapc64_ondemand_set02.forge",11894784,11894784,10603298,22
"6877E7699C197D65422D42E2C89AEB556E316D2F","datapc64_merged_set02_bnk_000000001_mesh.forge",53018624,53018624,35571305,22
"6877E7699C197D65422D42E2C89AEB556E316D2F","datapc64_merged_set02_bnk_000000001_meshshape.forge",46071808,46071808,32573198,22
"6877E7699C197D65422D42E2C89AEB556E316D2F","datapc64_merged_set02_bnk_000000002_mesh.forge",6029312,6029312,4454741,22
"6877E7699C197D65422D42E2C89AEB556E316D2F","datapc64_merged_set02_bnk_000000002_meshshape.forge",19529728,19529728,11095998,22
"6877E7699C197D65422D42E2C89AEB556E316D2F","datapc64_merged_set02_bnk_000000003_mesh.forge",20840448,20840448,14376196,22
"6877E7699C197D65422D42E2C89AEB556E316D2F","datapc64_merged_set02_bnk_000000003_meshshape.forge",82771968,82771968,49515181,22
"6877E7699C197D65422D42E2C89AEB556E316D2F","datapc64_merged_set02_bnk_000000004_mesh.forge",163840,163840,120148,22
"6877E7699C197D65422D42E2C89AEB556E316D2F","datapc64_merged_set02_bnk_101101136_mesh.forge",196608,196608,153668,22
"6877E7699C197D65422D42E2C89AEB556E316D2F","datapc64_merged_set02_bnk_101101136_meshshape.forge",229376,229376,195586,22
"6877E7699C197D65422D42E2C89AEB556E316D2F","datapc64_merged_set02_bnk_105038660_mesh.forge",98304,98304,54852,22
"6877E7699C197D65422D42E2C89AEB556E316D2F","datapc64_merged_set02_bnk_105038660_meshshape.forge",2981888,2981888,674348,22
"6877E7699C197D65422D42E2C89AEB556E316D2F","datapc64_merged_set02_bnk_106167009_mesh.forge",458752,458752,157401,22
"6877E7699C197D65422D42E2C89AEB556E316D2F","datapc64_merged_set02_bnk_106167009_meshshape.forge",10027008,10027008,2240398,22
"6877E7699C197D65422D42E2C89AEB556E316D2F","datapc64_merged_set02_bnk_107686263_meshshape.forge",11763712,11763712,2609304,22
"6877E7699C197D65422D42E2C89AEB556E316D2F","datapc64_merged_set02_bnk_guitextures0.forge",32768,32768,5495,22
"6877E7699C197D65422D42E2C89AEB556E316D2F","datapc64_merged_set02_bnk_guitextures1.forge",32768,32768,7888,22
"6877E7699C197D65422D42E2C89AEB556E316D2F","datapc64_merged_set02_bnk_mesh.forge",176881664,176881664,134992556,22
"6877E7699C197D65422D42E2C89AEB556E316D2F","datapc64_merged_set02_bnk_meshshape.forge",122060800,122060800,97029401,22
"6877E7699C197D65422D42E2C89AEB556E316D2F","datapc64_merged_set02_bnk_textures0.forge",7897088,7897088,7398326,22
"6877E7699C197D65422D42E2C89AEB556E316D2F","datapc64_merged_set02_bnk_textures1.forge",17891328,17891328,17504685,22
"6877E7699C197D65422D42E2C89AEB556E316D2F","datapc64_merged_set02_bnk_textures2.forge",10289152,10289152,9994049,22
"6877E7699C197D65422D42E2C89AEB556E316D2F","datapc64_merged_set02_bnk_textures3.forge",24281088,24281088,24110686,22
"6877E7699C197D65422D42E2C89AEB556E316D2F","datapc64_merged_set02_bnk_000000003_soundmedia.forge",9011200,9011200,5463369,22
"6877E7699C197D65422D42E2C89AEB556E316D2F","datapc64_merged_set02_bnk_soundmedia.forge",149880832,149880832,145216364,22
"6877E7699C197D65422D42E2C89AEB556E316D2F","datapc64_merged_set02_bnk_000000003_soundbank.forge",786432,786432,734609,22
"6877E7699C197D65422D42E2C89AEB556E316D2F","datapc64_merged_set02_bnk_000000004_soundbank.forge",65536,65536,36144,22
"6877E7699C197D65422D42E2C89AEB556E316D2F","datapc64_merged_set02_bnk_soundbank.forge",38174720,38174720,34493579,22
"6877E7699C197D65422D42E2C89AEB556E316D2F","videos/y8s3_onbrd_tutorial03.webm",23611632,23611632,22287706,22
"6877E7699C197D65422D42E2C89AEB556E316D2F","datapc64_merged_set02_bnk_000000003_soundbank_en-us.forge",131072,131072,81983,23
"6877E7699C197D65422D42E2C89AEB556E316D2F","datapc64_merged_set02_bnk_000000003_soundmedia_en-us.forge",294912,294912,241829,23
"6877E7699C197D65422D42E2C89AEB556E316D2F","datapc64_merged_set02_bnk_000000004_soundbank_en-us.forge",98304,98304,58233,23
"6877E7699C197D65422D42E2C89AEB556E316D2F","datapc64_merged_set02_bnk_soundbank_en-us.forge",5472256,5472256,3845106,23
"6877E7699C197D65422D42E2C89AEB556E316D2F","datapc64_merged_set02_bnk_soundmedia_en-us.forge",22740992,22740992,18515387,23
"6877E7699C197D65422D42E2C89AEB556E316D2F","videos/opscards/y10s1_membership.webm",3257066,3257066,3074656,37
"6877E7699C197D65422D42E2C89AEB556E316D2F","videos/opscards/y9s2_membership.webm",3472563,3472563,3220670,37
"6877E7699C197D65422D42E2C89AEB556E316D2F","videos/opscards/y9s3_membership.webm",3507960,3507960,3176974,37
"6877E7699C197D65422D42E2C89AEB556E316D2F","videos/opscards/y9s4_membership.webm",3395390,3395390,3042025,37
"6877E7699C197D65422D42E2C89AEB556E316D2F","videos/ui/y10s2_hub_dualfront.webm",67826483,67826483,61535067,37
"6877E7699C197D65422D42E2C89AEB556E316D2F","videos/ui/y10s3_hub_dualfront.webm",15588977,15588977,14086323,37
"6877E7699C197D65422D42E2C89AEB556E316D2F","videos/ui/y10s4_hub_dualfront.webm",40233345,40233345,36634315,37
"6877E7699C197D65422D42E2C89AEB556E316D2F","videos/ui/y10s4_hub_invitational.webm",121752758,121752758,115938448,37
"6877E7699C197D65422D42E2C89AEB556E316D2F","videos/ui/y11s1_hub_dualfront.webm",33319464,33319464,30114517,37
"6877E7699C197D65422D42E2C89AEB556E316D2F","videos/y10s2_dual_front_tutorial.webm",91806297,91806297,87914745,37
"6877E7699C197D65422D42E2C89AEB556E316D2F","videos/y9s2_membership.webm",3450962,3450962,3202092,37
"6877E7699C197D65422D42E2C89AEB556E316D2F","videos/y9s3_membership.webm",3503067,3503067,3278833,37
"6877E7699C197D65422D42E2C89AEB556E316D2F","datapc64_pvp01_house_v3.forge",8519680,8519680,8195254,37
"6877E7699C197D65422D42E2C89AEB556E316D2F","datapc64_pvp01_house_v3_bnk_gidata.forge",23298048,23298048,23260063,37
"6877E7699C197D65422D42E2C89AEB556E316D2F","datapc64_pvp01_house_v3_set01_bnk_gidata.forge",23298048,23298048,23260066,37
"6877E7699C197D65422D42E2C89AEB556E316D2F","datapc64_pvp02_oregon_v2_mod.forge",24051712,24051712,23682588,37
"6877E7699C197D65422D42E2C89AEB556E316D2F","datapc64_pvp02_oregon_v2_mod_bnk_gidata.forge",15073280,15073280,15037157,37
"6877E7699C197D65422D42E2C89AEB556E316D2F","datapc64_pvp02_oregon_v2_mod_set02_bnk_gidata.forge",15073280,15073280,15035543,37
"6877E7699C197D65422D42E2C89AEB556E316D2F","datapc64_pvp02_oregon_v2_set02_bnk_gidata.forge",39714816,39714816,39679804,37
"6877E7699C197D65422D42E2C89AEB556E316D2F","datapc64_pvp04_clubhouse_mod_set02_bnk_gidata.forge",21299200,21299200,21244641,37
"6877E7699C197D65422D42E2C89AEB556E316D2F","datapc64_pvp05_plane_set01_bnk_gidata.forge",87195648,87195648,87170535,37
"6877E7699C197D65422D42E2C89AEB556E316D2F","datapc64_pvp05_plane_v2.forge",5242880,5242880,4908243,37
"6877E7699C197D65422D42E2C89AEB556E316D2F","datapc64_pvp05_plane_v2_bnk_gidata.forge",90243072,90243072,90191768,37
"6877E7699C197D65422D42E2C89AEB556E316D2F","datapc64_pvp06_yacht_bnk_gidata.forge",88834048,88834048,88806145,37
"6877E7699C197D65422D42E2C89AEB556E316D2F","datapc64_pvp06_yacht_v2.forge",7667712,7667712,7318391,37
"6877E7699C197D65422D42E2C89AEB556E316D2F","datapc64_pvp06_yacht_v2_bnk_gidata.forge",88211456,88211456,88188097,37
"6877E7699C197D65422D42E2C89AEB556E316D2F","datapc64_pvp07_consulate_v2.forge",9207808,9207808,8901877,37
"6877E7699C197D65422D42E2C89AEB556E316D2F","datapc64_pvp07_consulate_v2_bnk_gidata.forge",54198272,54198272,54154995,37
"6877E7699C197D65422D42E2C89AEB556E316D2F","datapc64_pvp07_consulate_v2_mod.forge",24903680,24903680,24577197,37
"6877E7699C197D65422D42E2C89AEB556E316D2F","datapc64_pvp07_consulate_v2_mod_bnk_gidata.forge",23003136,23003136,22928731,37
"6877E7699C197D65422D42E2C89AEB556E316D2F","datapc64_pvp07_consulate_v2_mod_set01_bnk_gidata.forge",22970368,22970368,22900897,37
"6877E7699C197D65422D42E2C89AEB556E316D2F","datapc64_pvp07_consulate_v2_set01_bnk_gidata.forge",54198272,54198272,54154997,37
"6877E7699C197D65422D42E2C89AEB556E316D2F","datapc64_pvp08_bank_v2_mod.forge",23461888,23461888,23111652,37
"6877E7699C197D65422D42E2C89AEB556E316D2F","datapc64_pvp08_bank_v2_mod_bnk_gidata.forge",25788416,25788416,25711289,37
"6877E7699C197D65422D42E2C89AEB556E316D2F","datapc64_pvp09_kanal_mod.forge",23298048,23298048,22982221,37
"6877E7699C197D65422D42E2C89AEB556E316D2F","datapc64_pvp09_kanal_mod_bnk_gidata.forge",18612224,18612224,18559201,37
"6877E7699C197D65422D42E2C89AEB556E316D2F","datapc64_pvp09_kanal_set02_bnk_gidata.forge",48136192,48136192,48108901,37
"6877E7699C197D65422D42E2C89AEB556E316D2F","datapc64_pvp10_chalet_v2_mod.forge",22970368,22970368,22716377,37
"6877E7699C197D65422D42E2C89AEB556E316D2F","datapc64_pvp10_chalet_v2_mod_bnk_gidata.forge",29818880,29818880,29732172,37
"6877E7699C197D65422D42E2C89AEB556E316D2F","datapc64_pvp10_chalet_v2_mod_set02_bnk_gidata.forge",29753344,29753344,29671198,37
"6877E7699C197D65422D42E2C89AEB556E316D2F","datapc64_pvp11_university.forge",6979584,6979584,6606431,37
"6877E7699C197D65422D42E2C89AEB556E316D2F","datapc64_pvp11_university_bnk_gidata.forge",140050432,140050432,140000616,37
"6877E7699C197D65422D42E2C89AEB556E316D2F","datapc64_pvp12_russiancafe_mod.forge",23429120,23429120,23090932,37
"6877E7699C197D65422D42E2C89AEB556E316D2F","datapc64_pvp12_russiancafe_mod_bnk_gidata.forge",16416768,16416768,16377369,37
"6877E7699C197D65422D42E2C89AEB556E316D2F","datapc64_pvp12_russiancafe_mod_set02_bnk_gidata.forge",16482304,16482304,16423291,37
"6877E7699C197D65422D42E2C89AEB556E316D2F","datapc64_pvp13_border_v2_mod.forge",22577152,22577152,22262167,37
"6877E7699C197D65422D42E2C89AEB556E316D2F","datapc64_pvp13_border_v2_mod_bnk_gidata.forge",21463040,21463040,21395680,37
"6877E7699C197D65422D42E2C89AEB556E316D2F","datapc64_pvp14_favela_v2.forge",8159232,8159232,7822131,37
"6877E7699C197D65422D42E2C89AEB556E316D2F","datapc64_pvp14_favela_v2_bnk_gidata.forge",42172416,42172416,42144441,37
"6877E7699C197D65422D42E2C89AEB556E316D2F","datapc64_pvp15_temple_v2_bnk_gidata.forge",52789248,52789248,52769679,37
"6877E7699C197D65422D42E2C89AEB556E316D2F","datapc64_pvp15_temple_v2_mod.forge",22642688,22642688,22380231,37
"6877E7699C197D65422D42E2C89AEB556E316D2F","datapc64_pvp15_temple_v2_mod_bnk_gidata.forge",20086784,20086784,20027619,37
"6877E7699C197D65422D42E2C89AEB556E316D2F","datapc64_pvp16_ibiza_bnk_gidata.forge",115212288,115212288,115172421,37
"6877E7699C197D65422D42E2C89AEB556E316D2F","datapc64_pvp16_ibiza_mod.forge",23625728,23625728,23304874,37
"6877E7699C197D65422D42E2C89AEB556E316D2F","datapc64_pvp16_ibiza_mod_bnk_gidata.forge",67043328,67043328,67011590,37
"6877E7699C197D65422D42E2C89AEB556E316D2F","datapc64_pvp17_themepark_v2_bnk_gidata.forge",50462720,50462720,50442263,37
"6877E7699C197D65422D42E2C89AEB556E316D2F","datapc64_pvp17_themepark_v2_mod.forge",22413312,22413312,22151341,37
"6877E7699C197D65422D42E2C89AEB556E316D2F","datapc64_pvp17_themepark_v2_mod_bnk_gidata.forge",17661952,17661952,17618186,37
"6877E7699C197D65422D42E2C89AEB556E316D2F","datapc64_pvp19_tower.forge",10158080,10158080,9805338,37
"6877E7699C197D65422D42E2C89AEB556E316D2F","datapc64_pvp19_tower_bnk_gidata.forge",88145920,88145920,88124084,37
"6877E7699C197D65422D42E2C89AEB556E316D2F","datapc64_pvp20_italy_bnk_gidata.forge",45318144,45318144,45274558,37
"6877E7699C197D65422D42E2C89AEB556E316D2F","datapc64_pvp20_italy_mod.forge",12025856,12025856,11697174,37
"6877E7699C197D65422D42E2C89AEB556E316D2F","datapc64_pvp20_italy_mod_bnk_gidata.forge",28508160,28508160,28445633,37
"6877E7699C197D65422D42E2C89AEB556E316D2F","datapc64_pvp22_morocco_bnk_gidata.forge",59801600,59801600,59766391,37
"6877E7699C197D65422D42E2C89AEB556E316D2F","datapc64_pvp22_morocco_v2_mod.forge",23789568,23789568,23485216,37
"6877E7699C197D65422D42E2C89AEB556E316D2F","datapc64_pvp22_morocco_v2_mod_bnk_gidata.forge",23461888,23461888,23407601,37
"6877E7699C197D65422D42E2C89AEB556E316D2F","datapc64_pvp23_australia_v2_bnk_gidata.forge",52559872,52559872,52528116,37
"6877E7699C197D65422D42E2C89AEB556E316D2F","datapc64_pvp23_australia_v2_mod.forge",23396352,23396352,23082464,37
"6877E7699C197D65422D42E2C89AEB556E316D2F","datapc64_pvp23_australia_v2_mod_bnk_gidata.forge",16515072,16515072,16467467,37
"6877E7699C197D65422D42E2C89AEB556E316D2F","datapc64_pvp24_countryclub_bnk_gidata.forge",57573376,57573376,57529387,37
"6877E7699C197D65422D42E2C89AEB556E316D2F","datapc64_pvp24_countryclub_mod.forge",8847360,8847360,8534938,37
"6877E7699C197D65422D42E2C89AEB556E316D2F","datapc64_pvp24_countryclub_mod_bnk_gidata.forge",16220160,16220160,16190332,37
"6877E7699C197D65422D42E2C89AEB556E316D2F","datapc64_pvp25_nighthaven.forge",6324224,6324224,6055808,37
"6877E7699C197D65422D42E2C89AEB556E316D2F","datapc64_pvp25_nighthaven_bnk_gidata.forge",58294272,58294272,58275879,37
"6877E7699C197D65422D42E2C89AEB556E316D2F","datapc64_pvp25_nighthaven_mod.forge",21954560,21954560,21681873,37
"6877E7699C197D65422D42E2C89AEB556E316D2F","datapc64_pvp25_nighthaven_mod_bnk_gidata.forge",27885568,27885568,27823959,37
"6877E7699C197D65422D42E2C89AEB556E316D2F","datapc64_pvp26_viperstrike.forge",7241728,7241728,6941952,37
"6877E7699C197D65422D42E2C89AEB556E316D2F","datapc64_pvp26_viperstrike_bnk_gidata.forge",50364416,50364416,50338612,37
"6877E7699C197D65422D42E2C89AEB556E316D2F","datapc64_pvp26_viperstrike_mod.forge",23199744,23199744,22882910,37
"6877E7699C197D65422D42E2C89AEB556E316D2F","datapc64_pvp26_viperstrike_mod_bnk_gidata.forge",22904832,22904832,22844918,37
"6877E7699C197D65422D42E2C89AEB556E316D2F","datapc64_pvp27_stadium2021.forge",4390912,4390912,4151575,37
"6877E7699C197D65422D42E2C89AEB556E316D2F","datapc64_pvp27_stadium2021_bnk_gidata.forge",51675136,51675136,51642142,37
"6877E7699C197D65422D42E2C89AEB556E316D2F","datapc64_pvp27_stadium2021_v2.forge",5668864,5668864,5371392,37
"6877E7699C197D65422D42E2C89AEB556E316D2F","datapc64_pvp27_stadium2021_v2_bnk_gidata.forge",50298880,50298880,50250026,37
"6877E7699C197D65422D42E2C89AEB556E316D2F","datapc64_pvp28_stadiumalpha_v2.forge",5570560,5570560,5273974,37
"6877E7699C197D65422D42E2C89AEB556E316D2F","datapc64_pvp28_stadiumalpha_v2_bnk_gidata.forge",102629376,102629376,102549996,37
"6877E7699C197D65422D42E2C89AEB556E316D2F","datapc64_pvp29_privatecasino_mod.forge",8159232,8159232,7837328,37
"6877E7699C197D65422D42E2C89AEB556E316D2F","datapc64_pvp29_privatecasino_mod_bnk_gidata.forge",18251776,18251776,18211987,37
"6877E7699C197D65422D42E2C89AEB556E316D2F","datapc64_onb00_shootingrange.forge",1245184,1245184,1181837,37
"6877E7699C197D65422D42E2C89AEB556E316D2F","datapc64_onb00_shootingrange_bnk_gidata.forge",34701312,34701312,34679183,37
"6877E7699C197D65422D42E2C89AEB556E316D2F","datapc64_onb02_tutorial_set01_bnk_gidata.forge",22052864,22052864,22019543,37
"6877E7699C197D65422D42E2C89AEB556E316D2F","datapc64_tdm01_mtown.forge",2752512,2752512,2482324,37
"6877E7699C197D65422D42E2C89AEB556E316D2F","datapc64_tdm01_mtown_bnk_gidata.forge",9863168,9863168,9820048,37
"6877E7699C197D65422D42E2C89AEB556E316D2F","datapc64_lgm01_heroes_bnk_gidata.forge",142508032,142508032,142406579,37
"6877E7699C197D65422D42E2C89AEB556E316D2F","datapc64_ondemand.forge",620888064,620888064,558507782,37
"6877E7699C197D65422D42E2C89AEB556E316D2F","datapc64_merged_bnk_000000001_mesh.forge",133464064,133464064,68604197,37
"6877E7699C197D65422D42E2C89AEB556E316D2F","datapc64_merged_bnk_000000001_meshshape.forge",126844928,126844928,78051724,37
"6877E7699C197D65422D42E2C89AEB556E316D2F","datapc64_merged_bnk_000000002_mesh.forge",137723904,137723904,106035996,37
"6877E7699C197D65422D42E2C89AEB556E316D2F","datapc64_merged_bnk_000000002_meshshape.forge",189661184,189661184,130610212,37
"6877E7699C197D65422D42E2C89AEB556E316D2F","datapc64_merged_bnk_000000003_mesh.forge",121503744,121503744,95440272,37
"6877E7699C197D65422D42E2C89AEB556E316D2F","datapc64_merged_bnk_000000003_meshshape.forge",376766464,376766464,222672880,37
"6877E7699C197D65422D42E2C89AEB556E316D2F","datapc64_merged_bnk_000000004_mesh.forge",420151296,420151296,327737415,37
"6877E7699C197D65422D42E2C89AEB556E316D2F","datapc64_merged_bnk_000000004_meshshape.forge",264863744,264863744,137695691,37
"6877E7699C197D65422D42E2C89AEB556E316D2F","datapc64_merged_bnk_101101136_mesh.forge",4390912,4390912,1890877,37
"6877E7699C197D65422D42E2C89AEB556E316D2F","datapc64_merged_bnk_101101136_meshshape.forge",11763712,11763712,6763503,37
"6877E7699C197D65422D42E2C89AEB556E316D2F","datapc64_merged_bnk_105038660_mesh.forge",1114112,1114112,893078,37
"6877E7699C197D65422D42E2C89AEB556E316D2F","datapc64_merged_bnk_105038660_meshshape.forge",13107200,13107200,3005458,37
"6877E7699C197D65422D42E2C89AEB556E316D2F","datapc64_merged_bnk_106167009_mesh.forge",720896,720896,455537,37
"6877E7699C197D65422D42E2C89AEB556E316D2F","datapc64_merged_bnk_106167009_meshshape.forge",12713984,12713984,2907652,37
"6877E7699C197D65422D42E2C89AEB556E316D2F","datapc64_merged_bnk_107686263_mesh.forge",294912,294912,250211,37
"6877E7699C197D65422D42E2C89AEB556E316D2F","datapc64_merged_bnk_107686263_meshshape.forge",30736384,30736384,7061309,37
"6877E7699C197D65422D42E2C89AEB556E316D2F","datapc64_merged_bnk_109455534_mesh.forge",65536,65536,14906,37
"6877E7699C197D65422D42E2C89AEB556E316D2F","datapc64_merged_bnk_109455534_meshshape.forge",98304,98304,22099,37
"6877E7699C197D65422D42E2C89AEB556E316D2F","datapc64_merged_bnk_109455534_textures0.forge",2621440,2621440,2586515,37
"6877E7699C197D65422D42E2C89AEB556E316D2F","datapc64_merged_bnk_guitextures0.forge",120029184,120029184,119212873,37
"6877E7699C197D65422D42E2C89AEB556E316D2F","datapc64_merged_bnk_guitextures1.forge",12517376,12517376,12344441,37
"6877E7699C197D65422D42E2C89AEB556E316D2F","datapc64_merged_bnk_mesh.forge",1332871168,1332871168,1148415891,37
"6877E7699C197D65422D42E2C89AEB556E316D2F","datapc64_merged_bnk_meshshape.forge",548896768,548896768,430523438,37
"6877E7699C197D65422D42E2C89AEB556E316D2F","datapc64_merged_bnk_textures0.forge",3909615616,3909615616,3735261696,37
"6877E7699C197D65422D42E2C89AEB556E316D2F","datapc64_merged_bnk_textures1.forge",5089394688,794427392,662199651,37
"6877E7699C197D65422D42E2C89AEB556E316D2F","datapc64_merged_bnk_textures2.forge",4323901440,28934144,4236832522,37
"6877E7699C197D65422D42E2C89AEB556E316D2F","datapc64_merged_bnk_textures3.forge",12012060672,3422126080,3342336278,37
"6877E7699C197D65422D42E2C89AEB556E316D2F","datapc64_mtx_bnk_000000001_mesh.forge",5701632,5701632,5566318,37
"6877E7699C197D65422D42E2C89AEB556E316D2F","datapc64_mtx_bnk_000000002_mesh.forge",19595264,19595264,19004412,37
"6877E7699C197D65422D42E2C89AEB556E316D2F","datapc64_mtx_bnk_000000003_mesh.forge",17072128,17072128,16775795,37
"6877E7699C197D65422D42E2C89AEB556E316D2F","datapc64_mtx_bnk_000000004_mesh.forge",9764864,9764864,9579659,37
"6877E7699C197D65422D42E2C89AEB556E316D2F","datapc64_mtx_bnk_101101136_mesh.forge",884736,884736,835895,37
"6877E7699C197D65422D42E2C89AEB556E316D2F","datapc64_mtx_bnk_109455534_mesh.forge",491520,491520,462682,37
"6877E7699C197D65422D42E2C89AEB556E316D2F","datapc64_mtx_bnk_109455534_textures0.forge",196608,196608,145775,37
"6877E7699C197D65422D42E2C89AEB556E316D2F","datapc64_mtx_bnk_109455534_textures1.forge",393216,393216,355106,37
"6877E7699C197D65422D42E2C89AEB556E316D2F","datapc64_mtx_bnk_109455534_textures2.forge",262144,262144,235014,37
"6877E7699C197D65422D42E2C89AEB556E316D2F","datapc64_mtx_bnk_109455534_textures3.forge",688128,688128,659427,37
"6877E7699C197D65422D42E2C89AEB556E316D2F","datapc64_mtx_bnk_mesh.forge",17170432,17170432,16732247,37
"6877E7699C197D65422D42E2C89AEB556E316D2F","datapc64_mtx_bnk_textures0.forge",342654976,342654976,324652941,37
"6877E7699C197D65422D42E2C89AEB556E316D2F","datapc64_mtx_bnk_textures1.forge",867074048,867074048,854182186,37
"6877E7699C197D65422D42E2C89AEB556E316D2F","datapc64_mtx_bnk_textures2.forge",535101440,535101440,523949257,37
"6877E7699C197D65422D42E2C89AEB556E316D2F","datapc64_mtx_bnk_textures3.forge",144146432,144146432,142410701,37
"6877E7699C197D65422D42E2C89AEB556E316D2F","datapc64_dmtx_bnk_mesh.forge",393216,393216,359953,37
"6877E7699C197D65422D42E2C89AEB556E316D2F","datapc64_dmtx_bnk_textures0.forge",36143104,36143104,35182020,37
"6877E7699C197D65422D42E2C89AEB556E316D2F","datapc64_dmtx_bnk_textures1.forge",99450880,99450880,98520514,37
"6877E7699C197D65422D42E2C89AEB556E316D2F","datapc64_dmtx_bnk_textures2.forge",77856768,77856768,77308520,37
"6877E7699C197D65422D42E2C89AEB556E316D2F","datapc64_dmtx_bnk_textures3.forge",327680,327680,288286,37
"6877E7699C197D65422D42E2C89AEB556E316D2F","datapc64_merged_bnk_000000003_soundmedia.forge",17956864,17956864,14284879,37
"6877E7699C197D65422D42E2C89AEB556E316D2F","datapc64_merged_bnk_000000004_soundmedia.forge",223739904,223739904,218132131,37
"6877E7699C197D65422D42E2C89AEB556E316D2F","datapc64_merged_bnk_soundmedia.forge",746913792,746913792,703323984,37
"6877E7699C197D65422D42E2C89AEB556E316D2F","datapc64_merged_bnk_000000003_soundbank.forge",12779520,12779520,11213473,37
"6877E7699C197D65422D42E2C89AEB556E316D2F","datapc64_merged_bnk_000000004_soundbank.forge",15204352,15204352,12668901,37
"6877E7699C197D65422D42E2C89AEB556E316D2F","datapc64_merged_bnk_106167009_soundbank.forge",98304,98304,67189,37
"6877E7699C197D65422D42E2C89AEB556E316D2F","datapc64_merged_bnk_107686263_soundbank.forge",1376256,1376256,1359526,37
"6877E7699C197D65422D42E2C89AEB556E316D2F","datapc64_merged_bnk_soundbank.forge",489357312,489357312,422250912,37
"6877E7699C197D65422D42E2C89AEB556E316D2F","datapc64_mtx_bnk_000000003_soundmedia.forge",4587520,4587520,3475049,37
"6877E7699C197D65422D42E2C89AEB556E316D2F","datapc64_mtx_bnk_000000004_soundmedia.forge",9011200,9011200,7276608,37
"6877E7699C197D65422D42E2C89AEB556E316D2F","datapc64_mtx_bnk_107686263_soundmedia.forge",2326528,2326528,1872639,37
"6877E7699C197D65422D42E2C89AEB556E316D2F","datapc64_mtx_bnk_soundmedia.forge",15269888,15269888,11876435,37
"6877E7699C197D65422D42E2C89AEB556E316D2F","datapc64_mtx_bnk_000000003_soundbank.forge",2686976,2686976,2617339,37
"6877E7699C197D65422D42E2C89AEB556E316D2F","datapc64_mtx_bnk_000000004_soundbank.forge",5505024,5505024,5412937,37
"6877E7699C197D65422D42E2C89AEB556E316D2F","datapc64_mtx_bnk_107686263_soundbank.forge",917504,917504,880673,37
"6877E7699C197D65422D42E2C89AEB556E316D2F","datapc64_mtx_bnk_soundbank.forge",9732096,9732096,9266966,37
"6877E7699C197D65422D42E2C89AEB556E316D2F","datapc64_merged_bnk_000000003_soundbank_en-us.forge",14581760,14581760,10228541,38
"6877E7699C197D65422D42E2C89AEB556E316D2F","datapc64_merged_bnk_000000003_soundmedia_en-us.forge",43057152,43057152,35776664,38
"6877E7699C197D65422D42E2C89AEB556E316D2F","datapc64_merged_bnk_000000004_soundbank_en-us.forge",15040512,15040512,10559138,38
"6877E7699C197D65422D42E2C89AEB556E316D2F","datapc64_merged_bnk_000000004_soundmedia_en-us.forge",25559040,25559040,21035874,38
"6877E7699C197D65422D42E2C89AEB556E316D2F","datapc64_merged_bnk_105038660_soundbank_en-us.forge",524288,524288,366899,38
"6877E7699C197D65422D42E2C89AEB556E316D2F","datapc64_merged_bnk_105038660_soundmedia_en-us.forge",4947968,4947968,3969940,38
"6877E7699C197D65422D42E2C89AEB556E316D2F","datapc64_merged_bnk_106167009_soundbank_en-us.forge",458752,458752,323093,38
"6877E7699C197D65422D42E2C89AEB556E316D2F","datapc64_merged_bnk_soundbank_en-us.forge",96174080,96174080,69923756,38
"6877E7699C197D65422D42E2C89AEB556E316D2F","datapc64_merged_bnk_soundmedia_en-us.forge",528154624,528154624,434049700,38
