"4865","41C2622579D7DF047F1D1D2EF333EC79A0C2B044","0000-00-00",644,48719255956,1474615700,3214294041,3
"41C2622579D7DF047F1D1D2EF333EC79A0C2B044","Support/FirewallHelper/FirewallInstall.exe",85720,85720,46869,0
"41C2622579D7DF047F1D1D2EF333EC79A0C2B044","Support/FirewallHelper/FirewallInstallHelper.dll",55512,55512,27085,0
"41C2622579D7DF047F1D1D2EF333EC79A0C2B044","Support/Cleaner/Cleaner.exe",16408,16408,10231,0
"41C2622579D7DF047F1D1D2EF333EC79A0C2B044","Support/Redist/DirectX-Runtime/APR2007_d3dx9_33_x64.cab",1607358,1607358,1605479,0
"41C2622579D7DF047F1D1D2EF333EC79A0C2B044","Support/Redist/DirectX-Runtime/APR2007_d3dx9_33_x86.cab",1606039,1606039,1602043,0
"41C2622579D7DF047F1D1D2EF333EC79A0C2B044","Support/Redist/DirectX-Runtime/APR2007_XACT_x64.cab",195766,195766,193955,0
"41C2622579D7DF047F1D1D2EF333EC79A0C2B044","Support/Redist/DirectX-Runtime/APR2007_XACT_x86.cab",151225,151225,149286,0
"41C2622579D7DF047F1D1D2EF333EC79A0C2B044","Support/Redist/DirectX-Runtime/APR2007_xinput_x64.cab",96817,96817,94662,0
"41C2622579D7DF047F1D1D2EF333EC79A0C2B044","Support/Redist/DirectX-Runtime/APR2007_xinput_x86.cab",53302,53302,51154,0
"41C2622579D7DF047F1D1D2EF333EC79A0C2B044","Support/Redist/DirectX-Runtime/Aug2005_d3dx9_27_x64.cab",1350542,1350542,1348543,0
"41C2622579D7DF047F1D1D2EF333EC79A0C2B044","Support/Redist/DirectX-Runtime/Aug2005_d3dx9_27_x86.cab",1077644,1077644,1075755,0
"41C2622579D7DF047F1D1D2EF333EC79A0C2B044","Support/Redist/DirectX-Runtime/AUG2006_XACT_x64.cab",182903,182903,180869,0
"41C2622579D7DF047F1D1D2EF333EC79A0C2B044","Support/Redist/DirectX-Runtime/AUG2006_XACT_x86.cab",137235,137235,135199,0
"41C2622579D7DF047F1D1D2EF333EC79A0C2B044","Support/Redist/DirectX-Runtime/AUG2006_xinput_x64.cab",87142,87142,85233,0
"41C2622579D7DF047F1D1D2EF333EC79A0C2B044","Support/Redist/DirectX-Runtime/AUG2006_xinput_x86.cab",46058,46058,44406,0
"41C2622579D7DF047F1D1D2EF333EC79A0C2B044","Support/Redist/DirectX-Runtime/AUG2007_d3dx10_35_x64.cab",852286,852286,851047,0
"41C2622579D7DF047F1D1D2EF333EC79A0C2B044","Support/Redist/DirectX-Runtime/AUG2007_d3dx10_35_x86.cab",796867,796867,794909,0
"41C2622579D7DF047F1D1D2EF333EC79A0C2B044","Support/Redist/DirectX-Runtime/AUG2007_d3dx9_35_x64.cab",1800160,1800160,1798303,0
"41C2622579D7DF047F1D1D2EF333EC79A0C2B044","Support/Redist/DirectX-Runtime/AUG2007_d3dx9_35_x86.cab",1708152,1708152,1706667,0
"41C2622579D7DF047F1D1D2EF333EC79A0C2B044","Support/Redist/DirectX-Runtime/AUG2007_XACT_x64.cab",198096,198096,196267,0
"41C2622579D7DF047F1D1D2EF333EC79A0C2B044","Support/Redist/DirectX-Runtime/AUG2007_XACT_x86.cab",153012,153012,151073,0
"41C2622579D7DF047F1D1D2EF333EC79A0C2B044","Support/Redist/DirectX-Runtime/Aug2008_d3dx10_39_x64.cab",867612,867612,865715,0
"41C2622579D7DF047F1D1D2EF333EC79A0C2B044","Support/Redist/DirectX-Runtime/Aug2008_d3dx10_39_x86.cab",849167,849167,847221,0
"41C2622579D7DF047F1D1D2EF333EC79A0C2B044","Support/Redist/DirectX-Runtime/Aug2008_d3dx9_39_x64.cab",1794084,1794084,1792337,0
"41C2622579D7DF047F1D1D2EF333EC79A0C2B044","Support/Redist/DirectX-Runtime/Aug2008_d3dx9_39_x86.cab",1464672,1464672,1462692,0
"41C2622579D7DF047F1D1D2EF333EC79A0C2B044","Support/Redist/DirectX-Runtime/Aug2008_XACT_x64.cab",121772,121772,119680,0
"41C2622579D7DF047F1D1D2EF333EC79A0C2B044","Support/Redist/DirectX-Runtime/Aug2008_XACT_x86.cab",92996,92996,91466,0
"41C2622579D7DF047F1D1D2EF333EC79A0C2B044","Support/Redist/DirectX-Runtime/Aug2008_XAudio_x64.cab",271412,271412,269402,0
"41C2622579D7DF047F1D1D2EF333EC79A0C2B044","Support/Redist/DirectX-Runtime/Aug2008_XAudio_x86.cab",271038,271038,268986,0
"41C2622579D7DF047F1D1D2EF333EC79A0C2B044","Support/Redist/DirectX-Runtime/Aug2009_D3DCompiler_42_x64.cab",919044,919044,913576,0
"41C2622579D7DF047F1D1D2EF333EC79A0C2B044","Support/Redist/DirectX-Runtime/Aug2009_D3DCompiler_42_x86.cab",900598,900598,897886,0
"41C2622579D7DF047F1D1D2EF333EC79A0C2B044","Support/Redist/DirectX-Runtime/Aug2009_d3dcsx_42_x64.cab",3112111,3112111,3110394,0
"41C2622579D7DF047F1D1D2EF333EC79A0C2B044","Support/Redist/DirectX-Runtime/Aug2009_d3dcsx_42_x86.cab",3319740,3319740,3317636,0
"41C2622579D7DF047F1D1D2EF333EC79A0C2B044","Support/Redist/DirectX-Runtime/Aug2009_d3dx10_42_x64.cab",232635,232635,230697,0
"41C2622579D7DF047F1D1D2EF333EC79A0C2B044","Support/Redist/DirectX-Runtime/Aug2009_d3dx10_42_x86.cab",192131,192131,190122,0
"41C2622579D7DF047F1D1D2EF333EC79A0C2B044","Support/Redist/DirectX-Runtime/Aug2009_d3dx11_42_x64.cab",136301,136301,134360,0
"41C2622579D7DF047F1D1D2EF333EC79A0C2B044","Support/Redist/DirectX-Runtime/Aug2009_d3dx11_42_x86.cab",105044,105044,102957,0
"41C2622579D7DF047F1D1D2EF333EC79A0C2B044","Support/Redist/DirectX-Runtime/Aug2009_d3dx9_42_x64.cab",930116,930116,928121,0
"41C2622579D7DF047F1D1D2EF333EC79A0C2B044","Support/Redist/DirectX-Runtime/Aug2009_d3dx9_42_x86.cab",728456,728456,725680,0
"41C2622579D7DF047F1D1D2EF333EC79A0C2B044","Support/Redist/DirectX-Runtime/Aug2009_XACT_x64.cab",122408,122408,122420,0
"41C2622579D7DF047F1D1D2EF333EC79A0C2B044","Support/Redist/DirectX-Runtime/Aug2009_XACT_x86.cab",93106,93106,91203,0
"41C2622579D7DF047F1D1D2EF333EC79A0C2B044","Support/Redist/DirectX-Runtime/Aug2009_XAudio_x64.cab",273264,273264,271254,0
"41C2622579D7DF047F1D1D2EF333EC79A0C2B044","Support/Redist/DirectX-Runtime/Aug2009_XAudio_x86.cab",272642,272642,270688,0
"41C2622579D7DF047F1D1D2EF333EC79A0C2B044","Support/Redist/DirectX-Runtime/Dec2005_d3dx9_28_x64.cab",1357976,1357976,1356046,0
"41C2622579D7DF047F1D1D2EF333EC79A0C2B044","Support/Redist/DirectX-Runtime/Dec2005_d3dx9_28_x86.cab",1079456,1079456,1077565,0
"41C2622579D7DF047F1D1D2EF333EC79A0C2B044","Support/Redist/DirectX-Runtime/DEC2006_d3dx10_00_x64.cab",212807,212807,210814,0
"41C2622579D7DF047F1D1D2EF333EC79A0C2B044","Support/Redist/DirectX-Runtime/DEC2006_d3dx10_00_x86.cab",191720,191720,189725,0
"41C2622579D7DF047F1D1D2EF333EC79A0C2B044","Support/Redist/DirectX-Runtime/DEC2006_d3dx9_32_x64.cab",1571154,1571154,1568971,0
"41C2622579D7DF047F1D1D2EF333EC79A0C2B044","Support/Redist/DirectX-Runtime/DEC2006_d3dx9_32_x86.cab",1574376,1574376,1571137,0
"41C2622579D7DF047F1D1D2EF333EC79A0C2B044","Support/Redist/DirectX-Runtime/DEC2006_XACT_x64.cab",192475,192475,190497,0
"41C2622579D7DF047F1D1D2EF333EC79A0C2B044","Support/Redist/DirectX-Runtime/DEC2006_XACT_x86.cab",145599,145599,143621,0
"41C2622579D7DF047F1D1D2EF333EC79A0C2B044","Support/Redist/DirectX-Runtime/DSETUP.dll",95576,95576,49929,0
"41C2622579D7DF047F1D1D2EF333EC79A0C2B044","Support/Redist/DirectX-Runtime/dsetup32.dll",1566040,1566040,127563,0
"41C2622579D7DF047F1D1D2EF333EC79A0C2B044","Support/Redist/DirectX-Runtime/dxdllreg_x86.cab",44624,44624,42623,0
"41C2622579D7DF047F1D1D2EF333EC79A0C2B044","Support/Redist/DirectX-Runtime/DXSETUP.exe",517976,517976,115376,0
"41C2622579D7DF047F1D1D2EF333EC79A0C2B044","Support/Redist/DirectX-Runtime/dxupdate.cab",97152,97152,94990,0
"41C2622579D7DF047F1D1D2EF333EC79A0C2B044","Support/Redist/DirectX-Runtime/Feb2005_d3dx9_24_x64.cab",1247499,1247499,1245534,0
"41C2622579D7DF047F1D1D2EF333EC79A0C2B044","Support/Redist/DirectX-Runtime/Feb2005_d3dx9_24_x86.cab",1013225,1013225,1009372,0
"41C2622579D7DF047F1D1D2EF333EC79A0C2B044","Support/Redist/DirectX-Runtime/Feb2006_d3dx9_29_x64.cab",1362796,1362796,1360914,0
"41C2622579D7DF047F1D1D2EF333EC79A0C2B044","Support/Redist/DirectX-Runtime/Feb2006_d3dx9_29_x86.cab",1084720,1084720,1080559,0
"41C2622579D7DF047F1D1D2EF333EC79A0C2B044","Support/Redist/DirectX-Runtime/Feb2006_XACT_x64.cab",178359,178359,176346,0
"41C2622579D7DF047F1D1D2EF333EC79A0C2B044","Support/Redist/DirectX-Runtime/Feb2006_XACT_x86.cab",132409,132409,132022,0
"41C2622579D7DF047F1D1D2EF333EC79A0C2B044","Support/Redist/DirectX-Runtime/FEB2007_XACT_x64.cab",194675,194675,192737,0
"41C2622579D7DF047F1D1D2EF333EC79A0C2B044","Support/Redist/DirectX-Runtime/FEB2007_XACT_x86.cab",147983,147983,145948,0
"41C2622579D7DF047F1D1D2EF333EC79A0C2B044","Support/Redist/DirectX-Runtime/Feb2010_X3DAudio_x64.cab",54678,54678,52500,0
"41C2622579D7DF047F1D1D2EF333EC79A0C2B044","Support/Redist/DirectX-Runtime/Feb2010_X3DAudio_x86.cab",20713,20713,18511,0
"41C2622579D7DF047F1D1D2EF333EC79A0C2B044","Support/Redist/DirectX-Runtime/Feb2010_XACT_x64.cab",122446,122446,122458,0
"41C2622579D7DF047F1D1D2EF333EC79A0C2B044","Support/Redist/DirectX-Runtime/Feb2010_XACT_x86.cab",93180,93180,91138,0
"41C2622579D7DF047F1D1D2EF333EC79A0C2B044","Support/Redist/DirectX-Runtime/Feb2010_XAudio_x64.cab",276960,276960,274962,0
"41C2622579D7DF047F1D1D2EF333EC79A0C2B044","Support/Redist/DirectX-Runtime/Feb2010_XAudio_x86.cab",277191,277191,275184,0
"41C2622579D7DF047F1D1D2EF333EC79A0C2B044","Support/Redist/DirectX-Runtime/Jun2005_d3dx9_26_x64.cab",1336002,1336002,1334052,0
"41C2622579D7DF047F1D1D2EF333EC79A0C2B044","Support/Redist/DirectX-Runtime/Jun2005_d3dx9_26_x86.cab",1064925,1064925,1060762,0
"41C2622579D7DF047F1D1D2EF333EC79A0C2B044","Support/Redist/DirectX-Runtime/JUN2006_XACT_x64.cab",180785,180785,178830,0
"41C2622579D7DF047F1D1D2EF333EC79A0C2B044","Support/Redist/DirectX-Runtime/JUN2006_XACT_x86.cab",133671,133671,132768,0
"41C2622579D7DF047F1D1D2EF333EC79A0C2B044","Support/Redist/DirectX-Runtime/JUN2007_d3dx10_34_x64.cab",699044,699044,697272,0
"41C2622579D7DF047F1D1D2EF333EC79A0C2B044","Support/Redist/DirectX-Runtime/JUN2007_d3dx10_34_x86.cab",698472,698472,696700,0
"41C2622579D7DF047F1D1D2EF333EC79A0C2B044","Support/Redist/DirectX-Runtime/JUN2007_d3dx9_34_x64.cab",1607774,1607774,1605890,0
"41C2622579D7DF047F1D1D2EF333EC79A0C2B044","Support/Redist/DirectX-Runtime/JUN2007_d3dx9_34_x86.cab",1607286,1607286,1605405,0
"41C2622579D7DF047F1D1D2EF333EC79A0C2B044","Support/Redist/DirectX-Runtime/JUN2007_XACT_x64.cab",197122,197122,195088,0
"41C2622579D7DF047F1D1D2EF333EC79A0C2B044","Support/Redist/DirectX-Runtime/JUN2007_XACT_x86.cab",152909,152909,150931,0
"41C2622579D7DF047F1D1D2EF333EC79A0C2B044","Support/Redist/DirectX-Runtime/JUN2008_d3dx10_38_x64.cab",867828,867828,865930,0
"41C2622579D7DF047F1D1D2EF333EC79A0C2B044","Support/Redist/DirectX-Runtime/JUN2008_d3dx10_38_x86.cab",849919,849919,847967,0
"41C2622579D7DF047F1D1D2EF333EC79A0C2B044","Support/Redist/DirectX-Runtime/JUN2008_d3dx9_38_x64.cab",1792608,1792608,1790731,0
"41C2622579D7DF047F1D1D2EF333EC79A0C2B044","Support/Redist/DirectX-Runtime/JUN2008_d3dx9_38_x86.cab",1463878,1463878,1461895,0
"41C2622579D7DF047F1D1D2EF333EC79A0C2B044","Support/Redist/DirectX-Runtime/JUN2008_X3DAudio_x64.cab",55154,55154,53191,0
"41C2622579D7DF047F1D1D2EF333EC79A0C2B044","Support/Redist/DirectX-Runtime/JUN2008_X3DAudio_x86.cab",21905,21905,19789,0
"41C2622579D7DF047F1D1D2EF333EC79A0C2B044","Support/Redist/DirectX-Runtime/JUN2008_XACT_x64.cab",121054,121054,121066,0
"41C2622579D7DF047F1D1D2EF333EC79A0C2B044","Support/Redist/DirectX-Runtime/JUN2008_XACT_x86.cab",93128,93128,91224,0
"41C2622579D7DF047F1D1D2EF333EC79A0C2B044","Support/Redist/DirectX-Runtime/JUN2008_XAudio_x64.cab",269628,269628,267618,0
"41C2622579D7DF047F1D1D2EF333EC79A0C2B044","Support/Redist/DirectX-Runtime/JUN2008_XAudio_x86.cab",269024,269024,267014,0
"41C2622579D7DF047F1D1D2EF333EC79A0C2B044","Support/Redist/DirectX-Runtime/Jun2010_D3DCompiler_43_x64.cab",944460,944460,942464,0
"41C2622579D7DF047F1D1D2EF333EC79A0C2B044","Support/Redist/DirectX-Runtime/Jun2010_D3DCompiler_43_x86.cab",931471,931471,929447,0
"41C2622579D7DF047F1D1D2EF333EC79A0C2B044","Support/Redist/DirectX-Runtime/Jun2010_d3dcsx_43_x64.cab",752783,752783,750548,0
"41C2622579D7DF047F1D1D2EF333EC79A0C2B044","Support/Redist/DirectX-Runtime/Jun2010_d3dcsx_43_x86.cab",762188,762188,755098,0
"41C2622579D7DF047F1D1D2EF333EC79A0C2B044","Support/Redist/DirectX-Runtime/Jun2010_d3dx10_43_x64.cab",235955,235955,233950,0
"41C2622579D7DF047F1D1D2EF333EC79A0C2B044","Support/Redist/DirectX-Runtime/Jun2010_d3dx10_43_x86.cab",197283,197283,195345,0
"41C2622579D7DF047F1D1D2EF333EC79A0C2B044","Support/Redist/DirectX-Runtime/Jun2010_d3dx11_43_x64.cab",138205,138205,136170,0
"41C2622579D7DF047F1D1D2EF333EC79A0C2B044","Support/Redist/DirectX-Runtime/Jun2010_d3dx11_43_x86.cab",109445,109445,107341,0
"41C2622579D7DF047F1D1D2EF333EC79A0C2B044","Support/Redist/DirectX-Runtime/Jun2010_d3dx9_43_x64.cab",937246,937246,935254,0
"41C2622579D7DF047F1D1D2EF333EC79A0C2B044","Support/Redist/DirectX-Runtime/Jun2010_d3dx9_43_x86.cab",768036,768036,765422,0
"41C2622579D7DF047F1D1D2EF333EC79A0C2B044","Support/Redist/DirectX-Runtime/Jun2010_XACT_x64.cab",124596,124596,124608,0
"41C2622579D7DF047F1D1D2EF333EC79A0C2B044","Support/Redist/DirectX-Runtime/Jun2010_XACT_x86.cab",93686,93686,91542,0
"41C2622579D7DF047F1D1D2EF333EC79A0C2B044","Support/Redist/DirectX-Runtime/Jun2010_XAudio_x64.cab",277338,277338,275329,0
"41C2622579D7DF047F1D1D2EF333EC79A0C2B044","Support/Redist/DirectX-Runtime/Jun2010_XAudio_x86.cab",278060,278060,276023,0
"41C2622579D7DF047F1D1D2EF333EC79A0C2B044","Support/Redist/DirectX-Runtime/Mar2008_d3dx10_37_x64.cab",844884,844884,843514,0
"41C2622579D7DF047F1D1D2EF333EC79A0C2B044","Support/Redist/DirectX-Runtime/Mar2008_d3dx10_37_x86.cab",818260,818260,816363,0
"41C2622579D7DF047F1D1D2EF333EC79A0C2B044","Support/Redist/DirectX-Runtime/Mar2008_d3dx9_37_x64.cab",1769862,1769862,1767971,0
"41C2622579D7DF047F1D1D2EF333EC79A0C2B044","Support/Redist/DirectX-Runtime/Mar2008_d3dx9_37_x86.cab",1443282,1443282,1440405,0
"41C2622579D7DF047F1D1D2EF333EC79A0C2B044","Support/Redist/DirectX-Runtime/Mar2008_X3DAudio_x64.cab",55058,55058,52883,0
"41C2622579D7DF047F1D1D2EF333EC79A0C2B044","Support/Redist/DirectX-Runtime/Mar2008_X3DAudio_x86.cab",21867,21867,19737,0
"41C2622579D7DF047F1D1D2EF333EC79A0C2B044","Support/Redist/DirectX-Runtime/Mar2008_XACT_x64.cab",122336,122336,122348,0
"41C2622579D7DF047F1D1D2EF333EC79A0C2B044","Support/Redist/DirectX-Runtime/Mar2008_XACT_x86.cab",93734,93734,91832,0
"41C2622579D7DF047F1D1D2EF333EC79A0C2B044","Support/Redist/DirectX-Runtime/Mar2008_XAudio_x64.cab",251194,251194,249238,0
"41C2622579D7DF047F1D1D2EF333EC79A0C2B044","Support/Redist/DirectX-Runtime/Mar2008_XAudio_x86.cab",226250,226250,224266,0
"41C2622579D7DF047F1D1D2EF333EC79A0C2B044","Support/Redist/DirectX-Runtime/Mar2009_d3dx10_41_x64.cab",1067160,1067160,1061491,0
"41C2622579D7DF047F1D1D2EF333EC79A0C2B044","Support/Redist/DirectX-Runtime/Mar2009_d3dx10_41_x86.cab",1040745,1040745,1038028,0
"41C2622579D7DF047F1D1D2EF333EC79A0C2B044","Support/Redist/DirectX-Runtime/Mar2009_d3dx9_41_x64.cab",1973702,1973702,1967256,0
"41C2622579D7DF047F1D1D2EF333EC79A0C2B044","Support/Redist/DirectX-Runtime/Mar2009_d3dx9_41_x86.cab",1612446,1612446,1608458,0
"41C2622579D7DF047F1D1D2EF333EC79A0C2B044","Support/Redist/DirectX-Runtime/Mar2009_X3DAudio_x64.cab",54600,54600,52525,0
"41C2622579D7DF047F1D1D2EF333EC79A0C2B044","Support/Redist/DirectX-Runtime/Mar2009_X3DAudio_x86.cab",21298,21298,19214,0
"41C2622579D7DF047F1D1D2EF333EC79A0C2B044","Support/Redist/DirectX-Runtime/Mar2009_XACT_x64.cab",121506,121506,121518,0
"41C2622579D7DF047F1D1D2EF333EC79A0C2B044","Support/Redist/DirectX-Runtime/Mar2009_XACT_x86.cab",92740,92740,90837,0
"41C2622579D7DF047F1D1D2EF333EC79A0C2B044","Support/Redist/DirectX-Runtime/Mar2009_XAudio_x64.cab",275044,275044,273064,0
"41C2622579D7DF047F1D1D2EF333EC79A0C2B044","Support/Redist/DirectX-Runtime/Mar2009_XAudio_x86.cab",273018,273018,270971,0
"41C2622579D7DF047F1D1D2EF333EC79A0C2B044","Support/Redist/DirectX-Runtime/Nov2007_d3dx10_36_x64.cab",864600,864600,862959,0
"41C2622579D7DF047F1D1D2EF333EC79A0C2B044","Support/Redist/DirectX-Runtime/Nov2007_d3dx10_36_x86.cab",803884,803884,801919,0
"41C2622579D7DF047F1D1D2EF333EC79A0C2B044","Support/Redist/DirectX-Runtime/Nov2007_d3dx9_36_x64.cab",1802058,1802058,1799961,0
"41C2622579D7DF047F1D1D2EF333EC79A0C2B044","Support/Redist/DirectX-Runtime/Nov2007_d3dx9_36_x86.cab",1709360,1709360,1707478,0
"41C2622579D7DF047F1D1D2EF333EC79A0C2B044","Support/Redist/DirectX-Runtime/NOV2007_X3DAudio_x64.cab",46144,46144,44216,0
"41C2622579D7DF047F1D1D2EF333EC79A0C2B044","Support/Redist/DirectX-Runtime/NOV2007_X3DAudio_x86.cab",18496,18496,16387,0
"41C2622579D7DF047F1D1D2EF333EC79A0C2B044","Support/Redist/DirectX-Runtime/NOV2007_XACT_x64.cab",196762,196762,194809,0
"41C2622579D7DF047F1D1D2EF333EC79A0C2B044","Support/Redist/DirectX-Runtime/NOV2007_XACT_x86.cab",148264,148264,146270,0
"41C2622579D7DF047F1D1D2EF333EC79A0C2B044","Support/Redist/DirectX-Runtime/Nov2008_d3dx10_40_x64.cab",994154,994154,988999,0
"41C2622579D7DF047F1D1D2EF333EC79A0C2B044","Support/Redist/DirectX-Runtime/Nov2008_d3dx10_40_x86.cab",965421,965421,963444,0
"41C2622579D7DF047F1D1D2EF333EC79A0C2B044","Support/Redist/DirectX-Runtime/Nov2008_d3dx9_40_x64.cab",1906878,1906878,1901447,0
"41C2622579D7DF047F1D1D2EF333EC79A0C2B044","Support/Redist/DirectX-Runtime/Nov2008_d3dx9_40_x86.cab",1550796,1550796,1548574,0
"41C2622579D7DF047F1D1D2EF333EC79A0C2B044","Support/Redist/DirectX-Runtime/Nov2008_X3DAudio_x64.cab",54522,54522,52589,0
"41C2622579D7DF047F1D1D2EF333EC79A0C2B044","Support/Redist/DirectX-Runtime/Nov2008_X3DAudio_x86.cab",21851,21851,19648,0
"41C2622579D7DF047F1D1D2EF333EC79A0C2B044","Support/Redist/DirectX-Runtime/Nov2008_XACT_x64.cab",121794,121794,121806,0
"41C2622579D7DF047F1D1D2EF333EC79A0C2B044","Support/Redist/DirectX-Runtime/Nov2008_XACT_x86.cab",92684,92684,90781,0
"41C2622579D7DF047F1D1D2EF333EC79A0C2B044","Support/Redist/DirectX-Runtime/Nov2008_XAudio_x64.cab",273960,273960,271992,0
"41C2622579D7DF047F1D1D2EF333EC79A0C2B044","Support/Redist/DirectX-Runtime/Nov2008_XAudio_x86.cab",272611,272611,270614,0
"41C2622579D7DF047F1D1D2EF333EC79A0C2B044","Support/Redist/DirectX-Runtime/Oct2005_xinput_x64.cab",86037,86037,83984,0
"41C2622579D7DF047F1D1D2EF333EC79A0C2B044","Support/Redist/DirectX-Runtime/Oct2005_xinput_x86.cab",45359,45359,43281,0
"41C2622579D7DF047F1D1D2EF333EC79A0C2B044","Support/Redist/DirectX-Runtime/OCT2006_d3dx9_31_x64.cab",1412902,1412902,1410948,0
"41C2622579D7DF047F1D1D2EF333EC79A0C2B044","Support/Redist/DirectX-Runtime/OCT2006_d3dx9_31_x86.cab",1127217,1127217,1124490,0
"41C2622579D7DF047F1D1D2EF333EC79A0C2B044","Support/Redist/DirectX-Runtime/OCT2006_XACT_x64.cab",182361,182361,180408,0
"41C2622579D7DF047F1D1D2EF333EC79A0C2B044","Support/Redist/DirectX-Runtime/OCT2006_XACT_x86.cab",138017,138017,135982,0
"41C2622579D7DF047F1D1D2EF333EC79A0C2B044","Support/Redist/VS2010Runtime/vcredist_x64.exe",5673816,5673816,5653733,0
"41C2622579D7DF047F1D1D2EF333EC79A0C2B044","Support/Redist/VS2012Runtime/vcredist_x64.exe",7185000,7185000,6993783,0
"41C2622579D7DF047F1D1D2EF333EC79A0C2B044","Support/Redist/VS2019Runtime/vcredist_x64.exe",25397512,25397512,24323420,0
"41C2622579D7DF047F1D1D2EF333EC79A0C2B044","Support/eula/EULA-v1.0-BRAZIL.htm",33859,33859,12285,0
"41C2622579D7DF047F1D1D2EF333EC79A0C2B044","Support/eula/EULA-v1.0-CANADA_EN.htm",30494,30494,11194,0
"41C2622579D7DF047F1D1D2EF333EC79A0C2B044","Support/eula/EULA-v1.0-CANADA_FR.htm",37199,37199,12970,0
"41C2622579D7DF047F1D1D2EF333EC79A0C2B044","Support/eula/EULA-v1.0-CHINESE_SIM.htm",25598,25598,10306,0
"41C2622579D7DF047F1D1D2EF333EC79A0C2B044","Support/eula/EULA-v1.0-CZECH_REP.htm",34017,34017,12834,0
"41C2622579D7DF047F1D1D2EF333EC79A0C2B044","Support/eula/EULA-v1.0-DENMARK.htm",32283,32283,11991,0
"41C2622579D7DF047F1D1D2EF333EC79A0C2B044","Support/eula/EULA-v1.0-EXPORT_EN.htm",30220,30220,11040,0
"41C2622579D7DF047F1D1D2EF333EC79A0C2B044","Support/eula/EULA-v1.0-EXPORT_SP.htm",35569,35569,12501,0
"41C2622579D7DF047F1D1D2EF333EC79A0C2B044","Support/eula/EULA-v1.0-FINLAND.htm",32903,32903,12570,0
"41C2622579D7DF047F1D1D2EF333EC79A0C2B044","Support/eula/EULA-v1.0-FRANCE.htm",36962,36962,12922,0
"41C2622579D7DF047F1D1D2EF333EC79A0C2B044","Support/eula/EULA-v1.0-GERMANY.htm",36980,36980,13505,0
"41C2622579D7DF047F1D1D2EF333EC79A0C2B044","Support/eula/EULA-v1.0-HUNGARY.htm",34641,34641,12612,0
"41C2622579D7DF047F1D1D2EF333EC79A0C2B044","Support/eula/EULA-v1.0-ITALY.htm",35802,35802,12214,0
"41C2622579D7DF047F1D1D2EF333EC79A0C2B044","Support/eula/EULA-v1.0-JAPAN.htm",41673,41673,12088,0
"41C2622579D7DF047F1D1D2EF333EC79A0C2B044","Support/eula/EULA-v1.0-NETHERLANDS.htm",36394,36394,12639,0
"41C2622579D7DF047F1D1D2EF333EC79A0C2B044","Support/eula/EULA-v1.0-NORWAY.htm",32994,32994,11789,0
"41C2622579D7DF047F1D1D2EF333EC79A0C2B044","Support/eula/EULA-v1.0-POLAND.htm",37450,37450,13563,0
"41C2622579D7DF047F1D1D2EF333EC79A0C2B044","Support/eula/EULA-v1.0-PORTUGAL.htm",34023,34023,12205,0
"41C2622579D7DF047F1D1D2EF333EC79A0C2B044","Support/eula/EULA-v1.0-RUSSIA.htm",64807,64807,16169,0
"41C2622579D7DF047F1D1D2EF333EC79A0C2B044","Support/eula/EULA-v1.0-SPAIN.htm",35502,35502,12541,0
"41C2622579D7DF047F1D1D2EF333EC79A0C2B044","Support/eula/EULA-v1.0-SWEDEN.htm",32997,32997,11737,0
"41C2622579D7DF047F1D1D2EF333EC79A0C2B044","Support/eula/EULA-v1.0-UK.htm",30169,30169,11034,0
"41C2622579D7DF047F1D1D2EF333EC79A0C2B044","Support/eula/EULA-v1.0-US.htm",34101,34101,12440,0
"41C2622579D7DF047F1D1D2EF333EC79A0C2B044","Support/readme/ReadMe-br.txt",13903,13903,4468,0
"41C2622579D7DF047F1D1D2EF333EC79A0C2B044","Support/readme/ReadMe-cs.txt",12252,12252,4690,0
"41C2622579D7DF047F1D1D2EF333EC79A0C2B044","Support/readme/ReadMe-ct.txt",12232,12232,4662,0
"41C2622579D7DF047F1D1D2EF333EC79A0C2B044","Support/readme/ReadMe-cz.txt",12486,12486,4334,0
"41C2622579D7DF047F1D1D2EF333EC79A0C2B044","Support/readme/ReadMe-de.txt",14132,14132,4623,0
"41C2622579D7DF047F1D1D2EF333EC79A0C2B044","Support/readme/ReadMe-en.txt",12729,12729,4215,0
"41C2622579D7DF047F1D1D2EF333EC79A0C2B044","Support/readme/ReadMe-es.txt",11478,11478,3565,0
"41C2622579D7DF047F1D1D2EF333EC79A0C2B044","Support/readme/ReadMe-fr.txt",13819,13819,4337,0
"41C2622579D7DF047F1D1D2EF333EC79A0C2B044","Support/readme/ReadMe-it.txt",11072,11072,3481,0
"41C2622579D7DF047F1D1D2EF333EC79A0C2B044","Support/readme/ReadMe-jp.txt",12764,12764,3866,0
"41C2622579D7DF047F1D1D2EF333EC79A0C2B044","Support/readme/ReadMe-kr.txt",13939,13939,4633,0
"41C2622579D7DF047F1D1D2EF333EC79A0C2B044","Support/readme/ReadMe-mx.txt",13989,13989,4485,0
"41C2622579D7DF047F1D1D2EF333EC79A0C2B044","Support/readme/ReadMe-nl.txt",11185,11185,3490,0
"41C2622579D7DF047F1D1D2EF333EC79A0C2B044","Support/readme/ReadMe-pl.txt",13476,13476,4609,0
"41C2622579D7DF047F1D1D2EF333EC79A0C2B044","Support/readme/ReadMe-ru.txt",20270,20270,5477,0
"41C2622579D7DF047F1D1D2EF333EC79A0C2B044","Support/benchmark/benchmark_template.html",792738,792738,449784,0
"41C2622579D7DF047F1D1D2EF333EC79A0C2B044","Support/benchmark/font_arabic1",257820,257820,104764,0
"41C2622579D7DF047F1D1D2EF333EC79A0C2B044","Support/benchmark/font_arabic2",276064,276064,97435,0
"41C2622579D7DF047F1D1D2EF333EC79A0C2B044","Support/benchmark/font_chinas1",812176,812176,279094,0
"41C2622579D7DF047F1D1D2EF333EC79A0C2B044","Support/benchmark/font_chinas2",276064,276064,97435,0
"41C2622579D7DF047F1D1D2EF333EC79A0C2B044","Support/benchmark/font_chinat1",812176,812176,279094,0
"41C2622579D7DF047F1D1D2EF333EC79A0C2B044","Support/benchmark/font_chinat2",276064,276064,97435,0
"41C2622579D7DF047F1D1D2EF333EC79A0C2B044","Support/benchmark/font_japan1",812176,812176,279094,0
"41C2622579D7DF047F1D1D2EF333EC79A0C2B044","Support/benchmark/font_japan2",276064,276064,97435,0
"41C2622579D7DF047F1D1D2EF333EC79A0C2B044","Support/benchmark/font_korea1",812176,812176,279094,0
"41C2622579D7DF047F1D1D2EF333EC79A0C2B044","Support/benchmark/font_korea2",276064,276064,97435,0
"41C2622579D7DF047F1D1D2EF333EC79A0C2B044","Support/benchmark/font1",156546,156546,64369,0
"41C2622579D7DF047F1D1D2EF333EC79A0C2B044","Support/benchmark/font2",146642,146642,73954,0
"41C2622579D7DF047F1D1D2EF333EC79A0C2B044","localization.lang",14,14,23,0
"41C2622579D7DF047F1D1D2EF333EC79A0C2B044","streaminginstall.ini",29546,29546,3298,0
"41C2622579D7DF047F1D1D2EF333EC79A0C2B044","dbghelp.dll",2180616,2180616,936989,0
"41C2622579D7DF047F1D1D2EF333EC79A0C2B044","ekshaderspcdx12compress.bin",69776965,69776965,69651642,0
"41C2622579D7DF047F1D1D2EF333EC79A0C2B044","gpudatabase_win64.dll",207896,207896,34014,0
"41C2622579D7DF047F1D1D2EF333EC79A0C2B044","extendedpcidevs.txt",147456,147456,19742,0
"41C2622579D7DF047F1D1D2EF333EC79A0C2B044","symsrv.dll",386568,386568,159614,0
"41C2622579D7DF047F1D1D2EF333EC79A0C2B044","upc_r2_loader.dll",316568,316568,140711,0
"41C2622579D7DF047F1D1D2EF333EC79A0C2B044","upc_r2_loader64.dll",413848,413848,173613,0
"41C2622579D7DF047F1D1D2EF333EC79A0C2B044","steam_api64.dll",262944,262944,125454,0
"41C2622579D7DF047F1D1D2EF333EC79A0C2B044","amd_ags_x64.dll",179408,179408,98157,0
"41C2622579D7DF047F1D1D2EF333EC79A0C2B044","gfsdk_aftermath_lib.x64.dll",5570136,5570136,2030015,0
"41C2622579D7DF047F1D1D2EF333EC79A0C2B044","nvlowlatencyvk.dll",48952,48952,24998,0
"41C2622579D7DF047F1D1D2EF333EC79A0C2B044","nvngx_dlss.dll",51717160,51717160,31806428,0
"41C2622579D7DF047F1D1D2EF333EC79A0C2B044","vivoxsdk.dll",12219088,12219088,7213375,0
"41C2622579D7DF047F1D1D2EF333EC79A0C2B044","fvad.dll",39960,39960,22152,0
"41C2622579D7DF047F1D1D2EF333EC79A0C2B044","libcurl.dll",507920,507920,270524,0
"41C2622579D7DF047F1D1D2EF333EC79A0C2B044","libtox.dll",261280,261280,111646,0
"41C2622579D7DF047F1D1D2EF333EC79A0C2B044","opus.dll",416272,416272,245729,0
"41C2622579D7DF047F1D1D2EF333EC79A0C2B044","opusenc.dll",65560,65560,38984,0
"41C2622579D7DF047F1D1D2EF333EC79A0C2B044","zlib1.dll",105488,105488,60160,0
"41C2622579D7DF047F1D1D2EF333EC79A0C2B044","BattlEye/BELauncher.ini",93,93,98,0
"41C2622579D7DF047F1D1D2EF333EC79A0C2B044","BattlEye/Install_BattlEye.bat",64,64,73,0
"41C2622579D7DF047F1D1D2EF333EC79A0C2B044","BattlEye/Uninstall_BattlEye.bat",64,64,73,0
"41C2622579D7DF047F1D1D2EF333EC79A0C2B044","BattlEye/Privacy/cs.txt",1545,1545,822,0
"41C2622579D7DF047F1D1D2EF333EC79A0C2B044","BattlEye/Privacy/cs-CZ.txt",1545,1545,822,0
"41C2622579D7DF047F1D1D2EF333EC79A0C2B044","BattlEye/Privacy/de.txt",1445,1445,742,0
"41C2622579D7DF047F1D1D2EF333EC79A0C2B044","BattlEye/Privacy/de-DE.txt",1445,1445,742,0
"41C2622579D7DF047F1D1D2EF333EC79A0C2B044","BattlEye/Privacy/en.txt",1302,1302,628,0
"41C2622579D7DF047F1D1D2EF333EC79A0C2B044","BattlEye/Privacy/en-US.txt",1302,1302,628,0
"41C2622579D7DF047F1D1D2EF333EC79A0C2B044","BattlEye/Privacy/es.txt",1532,1532,727,0
"41C2622579D7DF047F1D1D2EF333EC79A0C2B044","BattlEye/Privacy/es-ES.txt",1532,1532,727,0
"41C2622579D7DF047F1D1D2EF333EC79A0C2B044","BattlEye/Privacy/es-MX.txt",1540,1540,729,0
"41C2622579D7DF047F1D1D2EF333EC79A0C2B044","BattlEye/Privacy/fr.txt",1677,1677,817,0
"41C2622579D7DF047F1D1D2EF333EC79A0C2B044","BattlEye/Privacy/fr-FR.txt",1674,1674,809,0
"41C2622579D7DF047F1D1D2EF333EC79A0C2B044","BattlEye/Privacy/it.txt",1376,1376,666,0
"41C2622579D7DF047F1D1D2EF333EC79A0C2B044","BattlEye/Privacy/it-IT.txt",1376,1376,666,0
"41C2622579D7DF047F1D1D2EF333EC79A0C2B044","BattlEye/Privacy/ja.txt",1601,1601,807,0
"41C2622579D7DF047F1D1D2EF333EC79A0C2B044","BattlEye/Privacy/ja-JP.txt",1601,1601,807,0
"41C2622579D7DF047F1D1D2EF333EC79A0C2B044","BattlEye/Privacy/ko.txt",1407,1407,774,0
"41C2622579D7DF047F1D1D2EF333EC79A0C2B044","BattlEye/Privacy/ko-KR.txt",1407,1407,774,0
"41C2622579D7DF047F1D1D2EF333EC79A0C2B044","BattlEye/Privacy/nl.txt",1394,1394,680,0
"41C2622579D7DF047F1D1D2EF333EC79A0C2B044","BattlEye/Privacy/nl-NL.txt",1394,1394,680,0
"41C2622579D7DF047F1D1D2EF333EC79A0C2B044","BattlEye/Privacy/pl.txt",1610,1610,843,0
"41C2622579D7DF047F1D1D2EF333EC79A0C2B044","BattlEye/Privacy/pl-PL.txt",1610,1610,843,0
"41C2622579D7DF047F1D1D2EF333EC79A0C2B044","BattlEye/Privacy/pt.txt",1512,1512,729,0
"41C2622579D7DF047F1D1D2EF333EC79A0C2B044","BattlEye/Privacy/pt-BR.txt",1512,1512,729,0
"41C2622579D7DF047F1D1D2EF333EC79A0C2B044","BattlEye/Privacy/ru.txt",2012,2012,861,0
"41C2622579D7DF047F1D1D2EF333EC79A0C2B044","BattlEye/Privacy/ru-RU.txt",2012,2012,861,0
"41C2622579D7DF047F1D1D2EF333EC79A0C2B044","BattlEye/Privacy/tr.txt",1376,1376,683,0
"41C2622579D7DF047F1D1D2EF333EC79A0C2B044","BattlEye/Privacy/tr-TR.txt",1376,1376,683,0
"41C2622579D7DF047F1D1D2EF333EC79A0C2B044","BattlEye/Privacy/zh.txt",1052,1052,675,0
"41C2622579D7DF047F1D1D2EF333EC79A0C2B044","BattlEye/Privacy/zh-CN.txt",1052,1052,675,0
"41C2622579D7DF047F1D1D2EF333EC79A0C2B044","BattlEye/Privacy/zh-TW.txt",1067,1067,682,0
"41C2622579D7DF047F1D1D2EF333EC79A0C2B044","BattlEye/Text/cs.ini",3192,3192,1500,0
"41C2622579D7DF047F1D1D2EF333EC79A0C2B044","BattlEye/Text/de.ini",3283,3283,1427,0
"41C2622579D7DF047F1D1D2EF333EC79A0C2B044","BattlEye/Text/en.ini",2748,2748,1183,0
"41C2622579D7DF047F1D1D2EF333EC79A0C2B044","BattlEye/Text/es.ini",3137,3137,1355,0
"41C2622579D7DF047F1D1D2EF333EC79A0C2B044","BattlEye/Text/fr.ini",3246,3246,1428,0
"41C2622579D7DF047F1D1D2EF333EC79A0C2B044","BattlEye/Text/it.ini",3024,3024,1319,0
"41C2622579D7DF047F1D1D2EF333EC79A0C2B044","BattlEye/Text/ja.ini",4125,4125,1579,0
"41C2622579D7DF047F1D1D2EF333EC79A0C2B044","BattlEye/Text/ko.ini",3362,3362,1476,0
"41C2622579D7DF047F1D1D2EF333EC79A0C2B044","BattlEye/Text/nl.ini",3004,3004,1320,0
"41C2622579D7DF047F1D1D2EF333EC79A0C2B044","BattlEye/Text/pl.ini",3165,3165,1455,0
"41C2622579D7DF047F1D1D2EF333EC79A0C2B044","BattlEye/Text/pt.ini",3054,3054,1346,0
"41C2622579D7DF047F1D1D2EF333EC79A0C2B044","BattlEye/Text/ru.ini",4901,4901,1763,0
"41C2622579D7DF047F1D1D2EF333EC79A0C2B044","BattlEye/Text/tr.ini",2990,2990,1378,0
"41C2622579D7DF047F1D1D2EF333EC79A0C2B044","BattlEye/Text/zh.ini",2628,2628,1425,0
"41C2622579D7DF047F1D1D2EF333EC79A0C2B044","BattlEye/Text/zh-TW.ini",2628,2628,1427,0
"41C2622579D7DF047F1D1D2EF333EC79A0C2B044","BattlEye/BEClient_x64.dll",5967112,5967112,5581075,0
"41C2622579D7DF047F1D1D2EF333EC79A0C2B044","BattlEye/BEClient_x64.cfg",27,27,36,0
"41C2622579D7DF047F1D1D2EF333EC79A0C2B044","BattlEye/BEService_x64.exe",9880840,9880840,9515557,0
"41C2622579D7DF047F1D1D2EF333EC79A0C2B044","BattlEye/Licenses.txt",1128,1128,711,0
"41C2622579D7DF047F1D1D2EF333EC79A0C2B044","RainbowSix_BE.exe",1457928,1457928,1004765,0
"41C2622579D7DF047F1D1D2EF333EC79A0C2B044","sen_client.dll",22384824,22384824,17462604,0
"41C2622579D7DF047F1D1D2EF333EC79A0C2B044","RainbowSix.exe",137937152,137937152,135065931,0
"41C2622579D7DF047F1D1D2EF333EC79A0C2B044","defaultargs.dll",5484560,5484560,5098287,0
"41C2622579D7DF047F1D1D2EF333EC79A0C2B044","datapc64.forge",74383360,74383360,69935681,0
"41C2622579D7DF047F1D1D2EF333EC79A0C2B044","datapc64_mtx.forge",205586432,205586432,31617362,0
"41C2622579D7DF047F1D1D2EF333EC79A0C2B044","datapc64_dmtx.forge",524288,524288,67740,0
"41C2622579D7DF047F1D1D2EF333EC79A0C2B044","datapc64_merged_playgo_bnk_000000001_guitextures0.forge",71696384,71696384,68675071,0
"41C2622579D7DF047F1D1D2EF333EC79A0C2B044","datapc64_merged_playgo_bnk_000000001_guitextures1.forge",94535680,94535680,93953767,0
"41C2622579D7DF047F1D1D2EF333EC79A0C2B044","datapc64_merged_playgo_bnk_000000001_mesh.forge",13697024,13697024,6531500,0
"41C2622579D7DF047F1D1D2EF333EC79A0C2B044","datapc64_merged_playgo_bnk_000000001_textures0.forge",7340032,7340032,5811589,0
"41C2622579D7DF047F1D1D2EF333EC79A0C2B044","datapc64_merged_playgo_bnk_000000001_textures1.forge",1572864,1572864,1516956,0
"41C2622579D7DF047F1D1D2EF333EC79A0C2B044","datapc64_merged_playgo_bnk_000000001_textures2.forge",1802240,1802240,1742238,0
"41C2622579D7DF047F1D1D2EF333EC79A0C2B044","datapc64_merged_playgo_bnk_000000001_textures3.forge",3145728,3145728,3101846,0
"41C2622579D7DF047F1D1D2EF333EC79A0C2B044","datapc64_merged_playgo_bnk_000000002_guitextures0.forge",89587712,89587712,86620628,0
"41C2622579D7DF047F1D1D2EF333EC79A0C2B044","datapc64_merged_playgo_bnk_000000002_guitextures1.forge",85295104,85295104,84511103,0
"41C2622579D7DF047F1D1D2EF333EC79A0C2B044","datapc64_merged_playgo_bnk_000000002_mesh.forge",11665408,11665408,5437593,0
"41C2622579D7DF047F1D1D2EF333EC79A0C2B044","datapc64_merged_playgo_bnk_000000002_textures0.forge",19759104,19759104,15457303,0
"41C2622579D7DF047F1D1D2EF333EC79A0C2B044","datapc64_merged_playgo_bnk_000000002_textures1.forge",9306112,9306112,9216877,0
"41C2622579D7DF047F1D1D2EF333EC79A0C2B044","datapc64_merged_playgo_bnk_000000002_textures2.forge",13205504,13205504,13150319,0
"41C2622579D7DF047F1D1D2EF333EC79A0C2B044","datapc64_merged_playgo_bnk_000000002_textures3.forge",20119552,20119552,20047201,0
"41C2622579D7DF047F1D1D2EF333EC79A0C2B044","datapc64_merged_playgo_bnk_000000003_guitextures0.forge",211156992,211156992,205764404,0
"41C2622579D7DF047F1D1D2EF333EC79A0C2B044","datapc64_merged_playgo_bnk_000000003_guitextures1.forge",107380736,107380736,105770973,0
"41C2622579D7DF047F1D1D2EF333EC79A0C2B044","datapc64_merged_playgo_bnk_000000003_mesh.forge",1409024,1409024,1133192,0
"41C2622579D7DF047F1D1D2EF333EC79A0C2B044","datapc64_merged_playgo_bnk_000000003_textures0.forge",34603008,34603008,31708515,0
"41C2622579D7DF047F1D1D2EF333EC79A0C2B044","datapc64_merged_playgo_bnk_000000003_textures1.forge",5111808,5111808,4989689,0
"41C2622579D7DF047F1D1D2EF333EC79A0C2B044","datapc64_merged_playgo_bnk_000000003_textures2.forge",4259840,4259840,4167012,0
"41C2622579D7DF047F1D1D2EF333EC79A0C2B044","datapc64_merged_playgo_bnk_000000003_textures3.forge",13303808,13303808,13214185,0
"41C2622579D7DF047F1D1D2EF333EC79A0C2B044","datapc64_merged_playgo_bnk_101101136_guitextures0.forge",14680064,14680064,14514132,0
"41C2622579D7DF047F1D1D2EF333EC79A0C2B044","datapc64_merged_playgo_bnk_101101136_guitextures1.forge",1081344,1081344,1038126,0
"41C2622579D7DF047F1D1D2EF333EC79A0C2B044","datapc64_merged_playgo_bnk_101101136_mesh.forge",131072,131072,88347,0
"41C2622579D7DF047F1D1D2EF333EC79A0C2B044","datapc64_merged_playgo_bnk_103325268_guitextures0.forge",10616832,10616832,10386617,0
"41C2622579D7DF047F1D1D2EF333EC79A0C2B044","datapc64_merged_playgo_bnk_103325268_guitextures1.forge",16384000,16384000,16356444,0
"41C2622579D7DF047F1D1D2EF333EC79A0C2B044","datapc64_merged_playgo_bnk_103325268_textures0.forge",294912,294912,195922,0
"41C2622579D7DF047F1D1D2EF333EC79A0C2B044","datapc64_merged_playgo_bnk_guitextures0.forge",1504149504,1504149504,1436424302,0
"41C2622579D7DF047F1D1D2EF333EC79A0C2B044","datapc64_merged_playgo_bnk_guitextures1.forge",949878784,949878784,934877648,0
"41C2622579D7DF047F1D1D2EF333EC79A0C2B044","datapc64_merged_playgo_bnk_mesh.forge",82804736,82804736,57436806,0
"41C2622579D7DF047F1D1D2EF333EC79A0C2B044","datapc64_merged_playgo_bnk_meshshape.forge",9175040,9175040,4951875,0
"41C2622579D7DF047F1D1D2EF333EC79A0C2B044","datapc64_merged_playgo_bnk_textures0.forge",649986048,649986048,540992074,0
"41C2622579D7DF047F1D1D2EF333EC79A0C2B044","datapc64_merged_playgo_bnk_textures1.forge",105578496,105578496,102521392,0
"41C2622579D7DF047F1D1D2EF333EC79A0C2B044","datapc64_merged_playgo_bnk_textures2.forge",83394560,83394560,81179642,0
"41C2622579D7DF047F1D1D2EF333EC79A0C2B044","datapc64_merged_playgo_bnk_textures3.forge",183271424,183271424,182038899,0
"41C2622579D7DF047F1D1D2EF333EC79A0C2B044","datapc64_mtx_playgo.forge",32768,32768,2327,0
"41C2622579D7DF047F1D1D2EF333EC79A0C2B044","datapc64_mtx_playgo_bnk_000000003_mesh.forge",98304,98304,75099,0
"41C2622579D7DF047F1D1D2EF333EC79A0C2B044","datapc64_mtx_playgo_bnk_mesh.forge",98304,98304,75764,0
"41C2622579D7DF047F1D1D2EF333EC79A0C2B044","datapc64_mtx_playgo_bnk_textures0.forge",163840,163840,116744,0
"41C2622579D7DF047F1D1D2EF333EC79A0C2B044","datapc64_mtx_playgo_bnk_textures1.forge",327680,327680,284722,0
"41C2622579D7DF047F1D1D2EF333EC79A0C2B044","datapc64_mtx_playgo_bnk_textures2.forge",229376,229376,194008,0
"41C2622579D7DF047F1D1D2EF333EC79A0C2B044","datapc64_mtx_playgo_bnk_textures3.forge",753664,753664,734322,0
"41C2622579D7DF047F1D1D2EF333EC79A0C2B044","datapc64_onb01_tutorial_playgo.forge",2129920,2129920,1927059,0
"41C2622579D7DF047F1D1D2EF333EC79A0C2B044","datapc64_onb01_tutorial_playgo_bnk_gidata.forge",38338560,38338560,38293833,0
"41C2622579D7DF047F1D1D2EF333EC79A0C2B044","datapc64_ondemand_playgo.forge",422903808,422903808,144190655,0
"41C2622579D7DF047F1D1D2EF333EC79A0C2B044","datapc64_r6_menuworld_playgo.forge",4653056,4653056,4546295,0
"41C2622579D7DF047F1D1D2EF333EC79A0C2B044","datapc64_r6_menuworld_playgo_bnk_gidata.forge",65536,65536,1488,0
"41C2622579D7DF047F1D1D2EF333EC79A0C2B044","datapc64_ui_playgo.forge",154173440,154173440,136225534,0
"41C2622579D7DF047F1D1D2EF333EC79A0C2B044","videos/y10s1_siege_introduction_v6.webm",188533930,188533930,179299589,0
"41C2622579D7DF047F1D1D2EF333EC79A0C2B044","videos/y11s1_siege_introduction_v7_diamond.webm",79912012,79912012,76205000,0
"41C2622579D7DF047F1D1D2EF333EC79A0C2B044","videos/ui/y10s2_hub_core_playgo.webm",18387130,18387130,16751328,0
"41C2622579D7DF047F1D1D2EF333EC79A0C2B044","videos/ui/y10s3_hub_core_playgo.webm",48695831,48695831,45570186,0
"41C2622579D7DF047F1D1D2EF333EC79A0C2B044","videos/ui/y10s4_hub_core_playgo.webm",43468593,43468593,39768815,0
"41C2622579D7DF047F1D1D2EF333EC79A0C2B044","videos/ui/y11s1_hub_core_playgo.webm",40221352,40221352,36004079,0
"41C2622579D7DF047F1D1D2EF333EC79A0C2B044","videos/bootflow/y10s4_bootflow_logo.webm",9582163,9582163,9154872,0
"41C2622579D7DF047F1D1D2EF333EC79A0C2B044","videos/y8s3_onbrd_tutorial01.webm",31455614,31455614,29793092,0
"41C2622579D7DF047F1D1D2EF333EC79A0C2B044","datapc64_3c_metrics.depgraphbin",4652,4652,4662,0
"41C2622579D7DF047F1D1D2EF333EC79A0C2B044","datapc64_bootstrap.depgraphbin",12307,12307,12317,0
"41C2622579D7DF047F1D1D2EF333EC79A0C2B044","datapc64_dmtx.depgraphbin",1466,1466,1476,0
"41C2622579D7DF047F1D1D2EF333EC79A0C2B044","datapc64_lgm01_heroes.depgraphbin",168803,168803,168818,0
"41C2622579D7DF047F1D1D2EF333EC79A0C2B044","datapc64_mtx.depgraphbin",669476,669476,637040,0
"41C2622579D7DF047F1D1D2EF333EC79A0C2B044","datapc64_mtx_playgo.depgraphbin",163,163,166,0
"41C2622579D7DF047F1D1D2EF333EC79A0C2B044","datapc64_mtx_set01.depgraphbin",176,176,105,0
"41C2622579D7DF047F1D1D2EF333EC79A0C2B044","datapc64_onb00_shootingrange.depgraphbin",8258,8258,8268,0
"41C2622579D7DF047F1D1D2EF333EC79A0C2B044","datapc64_onb01_tutorial_playgo.depgraphbin",10375,10375,10385,0
"41C2622579D7DF047F1D1D2EF333EC79A0C2B044","datapc64_onb02_tutorial_set01.depgraphbin",14042,14042,14052,0
"41C2622579D7DF047F1D1D2EF333EC79A0C2B044","datapc64_ondemand.depgraphbin",1387214,1387214,1359427,0
"41C2622579D7DF047F1D1D2EF333EC79A0C2B044","datapc64_ondemand_playgo.depgraphbin",140145,140145,140160,0
"41C2622579D7DF047F1D1D2EF333EC79A0C2B044","datapc64_ondemand_set01.depgraphbin",17466,17466,17476,0
"41C2622579D7DF047F1D1D2EF333EC79A0C2B044","datapc64_ondemand_set02.depgraphbin",13627,13627,13637,0
"41C2622579D7DF047F1D1D2EF333EC79A0C2B044","datapc64_perf_house_v2.depgraphbin",24214,24214,24224,0
"41C2622579D7DF047F1D1D2EF333EC79A0C2B044","datapc64_pvp01_house_v3_set01.depgraphbin",32974,32974,32984,0
"41C2622579D7DF047F1D1D2EF333EC79A0C2B044","datapc64_pvp02_oregon_v2_mod_set02.depgraphbin",30092,30092,30102,0
"41C2622579D7DF047F1D1D2EF333EC79A0C2B044","datapc64_pvp04_clubhouse_mod_set02.depgraphbin",31647,31647,31657,0
"41C2622579D7DF047F1D1D2EF333EC79A0C2B044","datapc64_pvp05_plane_set01.depgraphbin",17959,17959,17969,0
"41C2622579D7DF047F1D1D2EF333EC79A0C2B044","datapc64_pvp06_yacht.depgraphbin",26058,26058,26068,0
"41C2622579D7DF047F1D1D2EF333EC79A0C2B044","datapc64_pvp07_consulate_v2_mod_set01.depgraphbin",35307,35307,35317,0
"41C2622579D7DF047F1D1D2EF333EC79A0C2B044","datapc64_pvp07_consulate_v2_set01.depgraphbin",32765,32765,32775,0
"41C2622579D7DF047F1D1D2EF333EC79A0C2B044","datapc64_pvp08_bank_v2_mod.depgraphbin",30355,30355,30365,0
"41C2622579D7DF047F1D1D2EF333EC79A0C2B044","datapc64_pvp09_kanal_set02.depgraphbin",31177,31177,31187,0
"41C2622579D7DF047F1D1D2EF333EC79A0C2B044","datapc64_pvp10_chalet_v2_mod_set02.depgraphbin",26869,26869,26879,0
"41C2622579D7DF047F1D1D2EF333EC79A0C2B044","datapc64_pvp11_university.depgraphbin",23023,23023,23033,0
"41C2622579D7DF047F1D1D2EF333EC79A0C2B044","datapc64_pvp12_russiancafe_mod_set02.depgraphbin",28050,28050,28060,0
"41C2622579D7DF047F1D1D2EF333EC79A0C2B044","datapc64_pvp13_border_v2_mod.depgraphbin",27007,27007,27017,0
"41C2622579D7DF047F1D1D2EF333EC79A0C2B044","datapc64_pvp14_favela_v2.depgraphbin",30209,30209,30219,0
"41C2622579D7DF047F1D1D2EF333EC79A0C2B044","datapc64_pvp15_temple_v2_mod.depgraphbin",26396,26396,26406,0
"41C2622579D7DF047F1D1D2EF333EC79A0C2B044","datapc64_pvp16_ibiza_mod.depgraphbin",31071,31071,31081,0
"41C2622579D7DF047F1D1D2EF333EC79A0C2B044","datapc64_pvp17_themepark_v2_mod.depgraphbin",27886,27886,27896,0
"41C2622579D7DF047F1D1D2EF333EC79A0C2B044","datapc64_pvp19_tower.depgraphbin",33421,33421,33431,0
"41C2622579D7DF047F1D1D2EF333EC79A0C2B044","datapc64_pvp20_italy_mod.depgraphbin",31680,31680,31690,0
"41C2622579D7DF047F1D1D2EF333EC79A0C2B044","datapc64_pvp22_morocco_v2_mod.depgraphbin",34349,34349,34359,0
"41C2622579D7DF047F1D1D2EF333EC79A0C2B044","datapc64_pvp23_australia_v2.depgraphbin",27784,27784,27794,0
"41C2622579D7DF047F1D1D2EF333EC79A0C2B044","datapc64_pvp24_countryclub.depgraphbin",30519,30519,30529,0
"41C2622579D7DF047F1D1D2EF333EC79A0C2B044","datapc64_pvp25_nighthaven_mod.depgraphbin",25611,25611,25621,0
"41C2622579D7DF047F1D1D2EF333EC79A0C2B044","datapc64_pvp26_viperstrike_mod.depgraphbin",26806,26806,26816,0
"41C2622579D7DF047F1D1D2EF333EC79A0C2B044","datapc64_pvp27_stadium2021.depgraphbin",18907,18907,18917,0
"41C2622579D7DF047F1D1D2EF333EC79A0C2B044","datapc64_pvp27_stadium2021_v2.depgraphbin",18771,18771,18781,0
"41C2622579D7DF047F1D1D2EF333EC79A0C2B044","datapc64_pvp28_stadiumalpha_v2.depgraphbin",19809,19809,19819,0
"41C2622579D7DF047F1D1D2EF333EC79A0C2B044","datapc64_r6_menuworld_playgo.depgraphbin",2427,2427,2437,0
"41C2622579D7DF047F1D1D2EF333EC79A0C2B044","datapc64_tdm01_mtown.depgraphbin",11931,11931,11941,0
"41C2622579D7DF047F1D1D2EF333EC79A0C2B044","datapc64_ui_playgo.depgraphbin",101302,101302,91944,0
"41C2622579D7DF047F1D1D2EF333EC79A0C2B044","datapc64_merged_playgo_bnk_000000003_soundmedia.forge",46366720,46366720,46037918,0
"41C2622579D7DF047F1D1D2EF333EC79A0C2B044","datapc64_merged_playgo_bnk_103325268_soundmedia.forge",4456448,4456448,4412012,0
"41C2622579D7DF047F1D1D2EF333EC79A0C2B044","datapc64_merged_playgo_bnk_soundmedia.forge",839745536,839745536,797532067,0
"41C2622579D7DF047F1D1D2EF333EC79A0C2B044","datapc64_merged_playgo_bnk_000000003_soundbank.forge",3440640,3440640,3075012,0
"41C2622579D7DF047F1D1D2EF333EC79A0C2B044","datapc64_merged_playgo_bnk_103325268_soundbank.forge",196608,196608,159407,0
"41C2622579D7DF047F1D1D2EF333EC79A0C2B044","datapc64_merged_playgo_bnk_soundbank.forge",272203776,272203776,211014854,0
"41C2622579D7DF047F1D1D2EF333EC79A0C2B044","datapc64_merged_playgo_bnk_000000003_soundbank_en-us.forge",360448,360448,260633,1
"41C2622579D7DF047F1D1D2EF333EC79A0C2B044","datapc64_merged_playgo_bnk_000000003_soundmedia_en-us.forge",917504,917504,844380,1
"41C2622579D7DF047F1D1D2EF333EC79A0C2B044","datapc64_merged_playgo_bnk_soundbank_en-us.forge",5505024,5505024,3386990,1
"41C2622579D7DF047F1D1D2EF333EC79A0C2B044","datapc64_merged_playgo_bnk_soundmedia_en-us.forge",79626240,79626240,69437521,1
"41C2622579D7DF047F1D1D2EF333EC79A0C2B044","datapc64_ondemand_set01.forge",24870912,24870912,21897094,10
"41C2622579D7DF047F1D1D2EF333EC79A0C2B044","datapc64_mtx_set01.forge",32768,32768,2657,10
"41C2622579D7DF047F1D1D2EF333EC79A0C2B044","datapc64_mtx_set01_bnk_mesh.forge",196608,196608,155723,10
"41C2622579D7DF047F1D1D2EF333EC79A0C2B044","datapc64_mtx_set01_bnk_textures0.forge",32768,32768,7730,10
"41C2622579D7DF047F1D1D2EF333EC79A0C2B044","datapc64_mtx_set01_bnk_textures3.forge",32768,32768,10543,10
"41C2622579D7DF047F1D1D2EF333EC79A0C2B044","datapc64_merged_set01_bnk_000000001_guitextures0.forge",9699328,9699328,9653178,10
"41C2622579D7DF047F1D1D2EF333EC79A0C2B044","datapc64_merged_set01_bnk_000000001_guitextures1.forge",2883584,2883584,2857624,10
"41C2622579D7DF047F1D1D2EF333EC79A0C2B044","datapc64_merged_set01_bnk_000000001_mesh.forge",27623424,27623424,16963858,10
"41C2622579D7DF047F1D1D2EF333EC79A0C2B044","datapc64_merged_set01_bnk_000000001_textures0.forge",126222336,126222336,124751091,10
"41C2622579D7DF047F1D1D2EF333EC79A0C2B044","datapc64_merged_set01_bnk_000000001_textures1.forge",235732992,235732992,233685056,10
"41C2622579D7DF047F1D1D2EF333EC79A0C2B044","datapc64_merged_set01_bnk_000000001_textures2.forge",285736960,285736960,284306322,10
"41C2622579D7DF047F1D1D2EF333EC79A0C2B044","datapc64_merged_set01_bnk_000000001_textures3.forge",559251456,559251456,555745072,10
"41C2622579D7DF047F1D1D2EF333EC79A0C2B044","datapc64_merged_set01_bnk_000000002_guitextures0.forge",5505024,5505024,5469249,10
"41C2622579D7DF047F1D1D2EF333EC79A0C2B044","datapc64_merged_set01_bnk_000000002_guitextures1.forge",2064384,2064384,2047985,10
"41C2622579D7DF047F1D1D2EF333EC79A0C2B044","datapc64_merged_set01_bnk_000000002_mesh.forge",27525120,27525120,21327184,10
"41C2622579D7DF047F1D1D2EF333EC79A0C2B044","datapc64_merged_set01_bnk_000000002_textures0.forge",48693248,48693248,47196851,10
"41C2622579D7DF047F1D1D2EF333EC79A0C2B044","datapc64_merged_set01_bnk_000000002_textures1.forge",49086464,49086464,48230948,10
"41C2622579D7DF047F1D1D2EF333EC79A0C2B044","datapc64_merged_set01_bnk_000000002_textures2.forge",41680896,41680896,40922526,10
"41C2622579D7DF047F1D1D2EF333EC79A0C2B044","datapc64_merged_set01_bnk_000000002_textures3.forge",95092736,95092736,94596167,10
"41C2622579D7DF047F1D1D2EF333EC79A0C2B044","datapc64_merged_set01_bnk_000000003_guitextures0.forge",32768,32768,1453,10
"41C2622579D7DF047F1D1D2EF333EC79A0C2B044","datapc64_merged_set01_bnk_000000003_guitextures1.forge",32768,32768,1679,10
"41C2622579D7DF047F1D1D2EF333EC79A0C2B044","datapc64_merged_set01_bnk_000000003_mesh.forge",9076736,9076736,6743080,10
"41C2622579D7DF047F1D1D2EF333EC79A0C2B044","datapc64_merged_set01_bnk_000000003_textures0.forge",8093696,8093696,7727271,10
"41C2622579D7DF047F1D1D2EF333EC79A0C2B044","datapc64_merged_set01_bnk_000000003_textures1.forge",30834688,30834688,30539452,10
"41C2622579D7DF047F1D1D2EF333EC79A0C2B044","datapc64_merged_set01_bnk_000000003_textures2.forge",39813120,39813120,39444627,10
"41C2622579D7DF047F1D1D2EF333EC79A0C2B044","datapc64_merged_set01_bnk_000000003_textures3.forge",68911104,68911104,68773546,10
"41C2622579D7DF047F1D1D2EF333EC79A0C2B044","datapc64_merged_set01_bnk_101101136_mesh.forge",32768,32768,4045,10
"41C2622579D7DF047F1D1D2EF333EC79A0C2B044","datapc64_merged_set01_bnk_guitextures0.forge",12877824,12877824,12745278,10
"41C2622579D7DF047F1D1D2EF333EC79A0C2B044","datapc64_merged_set01_bnk_guitextures1.forge",98304,98304,38693,10
"41C2622579D7DF047F1D1D2EF333EC79A0C2B044","datapc64_merged_set01_bnk_mesh.forge",170721280,170721280,131910174,10
"41C2622579D7DF047F1D1D2EF333EC79A0C2B044","datapc64_merged_set01_bnk_meshshape.forge",81297408,81297408,53417939,10
"41C2622579D7DF047F1D1D2EF333EC79A0C2B044","datapc64_merged_set01_bnk_textures0.forge",245792768,245792768,234030539,10
"41C2622579D7DF047F1D1D2EF333EC79A0C2B044","datapc64_merged_set01_bnk_textures1.forge",204800000,204800000,198413334,10
"41C2622579D7DF047F1D1D2EF333EC79A0C2B044","datapc64_merged_set01_bnk_textures2.forge",186318848,186318848,181684529,10
"41C2622579D7DF047F1D1D2EF333EC79A0C2B044","datapc64_merged_set01_bnk_textures3.forge",456654848,456654848,453207948,10
"41C2622579D7DF047F1D1D2EF333EC79A0C2B044","videos/y8s3_onbrd_tutorial02.webm",31570774,31570774,29937449,10
"41C2622579D7DF047F1D1D2EF333EC79A0C2B044","datapc64_onb02_tutorial.forge",3276800,3276800,2955368,10
"41C2622579D7DF047F1D1D2EF333EC79A0C2B044","datapc64_onb02_tutorial_set01_bnk_gidata.forge",22052864,22052864,22019543,10
"41C2622579D7DF047F1D1D2EF333EC79A0C2B044","datapc64_merged_set01_bnk_000000003_soundmedia.forge",11042816,11042816,8494146,10
"41C2622579D7DF047F1D1D2EF333EC79A0C2B044","datapc64_merged_set01_bnk_soundmedia.forge",110559232,110559232,101384772,10
"41C2622579D7DF047F1D1D2EF333EC79A0C2B044","datapc64_merged_set01_bnk_000000003_soundbank.forge",3768320,3768320,3643594,10
"41C2622579D7DF047F1D1D2EF333EC79A0C2B044","datapc64_merged_set01_bnk_soundbank.forge",57376768,57376768,51211359,10
"41C2622579D7DF047F1D1D2EF333EC79A0C2B044","datapc64_pvp01_house_v3.forge",8683520,8683520,8318853,10
"41C2622579D7DF047F1D1D2EF333EC79A0C2B044","datapc64_pvp01_house_v3_set01_bnk_gidata.forge",23298048,23298048,23260060,10
"41C2622579D7DF047F1D1D2EF333EC79A0C2B044","datapc64_merged_set01_bnk_000000003_soundbank_en-us.forge",65536,65536,30312,11
"41C2622579D7DF047F1D1D2EF333EC79A0C2B044","datapc64_merged_set01_bnk_000000003_soundmedia_en-us.forge",65536,65536,36445,11
"41C2622579D7DF047F1D1D2EF333EC79A0C2B044","datapc64_merged_set01_bnk_soundbank_en-us.forge",1802240,1802240,1252894,11
"41C2622579D7DF047F1D1D2EF333EC79A0C2B044","datapc64_merged_set01_bnk_soundmedia_en-us.forge",12255232,12255232,10002766,11
"41C2622579D7DF047F1D1D2EF333EC79A0C2B044","datapc64_pvp05_plane.forge",5210112,5210112,4847028,20
"41C2622579D7DF047F1D1D2EF333EC79A0C2B044","datapc64_pvp05_plane_set01_bnk_gidata.forge",87195648,87195648,87170535,20
"41C2622579D7DF047F1D1D2EF333EC79A0C2B044","datapc64_ondemand_set02.forge",12746752,12746752,11289590,22
"41C2622579D7DF047F1D1D2EF333EC79A0C2B044","datapc64_merged_set02_bnk_000000001_guitextures0.forge",8093696,8093696,8033189,22
"41C2622579D7DF047F1D1D2EF333EC79A0C2B044","datapc64_merged_set02_bnk_000000001_guitextures1.forge",1146880,1146880,1105815,22
"41C2622579D7DF047F1D1D2EF333EC79A0C2B044","datapc64_merged_set02_bnk_000000001_mesh.forge",53018624,53018624,35571305,22
"41C2622579D7DF047F1D1D2EF333EC79A0C2B044","datapc64_merged_set02_bnk_000000001_textures0.forge",79167488,79167488,77205999,22
"41C2622579D7DF047F1D1D2EF333EC79A0C2B044","datapc64_merged_set02_bnk_000000001_textures1.forge",133234688,133234688,131897340,22
"41C2622579D7DF047F1D1D2EF333EC79A0C2B044","datapc64_merged_set02_bnk_000000001_textures2.forge",135135232,135135232,134317651,22
"41C2622579D7DF047F1D1D2EF333EC79A0C2B044","datapc64_merged_set02_bnk_000000001_textures3.forge",308084736,308084736,307353268,22
"41C2622579D7DF047F1D1D2EF333EC79A0C2B044","datapc64_merged_set02_bnk_000000002_mesh.forge",6029312,6029312,4454741,22
"41C2622579D7DF047F1D1D2EF333EC79A0C2B044","datapc64_merged_set02_bnk_000000002_textures0.forge",1703936,1703936,1618526,22
"41C2622579D7DF047F1D1D2EF333EC79A0C2B044","datapc64_merged_set02_bnk_000000002_textures1.forge",7372800,7372800,7301351,22
"41C2622579D7DF047F1D1D2EF333EC79A0C2B044","datapc64_merged_set02_bnk_000000002_textures2.forge",10289152,10289152,10237104,22
"41C2622579D7DF047F1D1D2EF333EC79A0C2B044","datapc64_merged_set02_bnk_000000002_textures3.forge",16351232,16351232,16305086,22
"41C2622579D7DF047F1D1D2EF333EC79A0C2B044","datapc64_merged_set02_bnk_000000003_guitextures0.forge",3768320,3768320,3723927,22
"41C2622579D7DF047F1D1D2EF333EC79A0C2B044","datapc64_merged_set02_bnk_000000003_mesh.forge",20840448,20840448,14376194,22
"41C2622579D7DF047F1D1D2EF333EC79A0C2B044","datapc64_merged_set02_bnk_000000003_textures0.forge",91095040,91095040,89858831,22
"41C2622579D7DF047F1D1D2EF333EC79A0C2B044","datapc64_merged_set02_bnk_000000003_textures1.forge",168460288,168460288,167491165,22
"41C2622579D7DF047F1D1D2EF333EC79A0C2B044","datapc64_merged_set02_bnk_000000003_textures2.forge",163577856,163577856,163172948,22
"41C2622579D7DF047F1D1D2EF333EC79A0C2B044","datapc64_merged_set02_bnk_000000003_textures3.forge",410255360,410255360,409878561,22
"41C2622579D7DF047F1D1D2EF333EC79A0C2B044","datapc64_merged_set02_bnk_101101136_mesh.forge",196608,196608,153668,22
"41C2622579D7DF047F1D1D2EF333EC79A0C2B044","datapc64_merged_set02_bnk_101101136_textures0.forge",229376,229376,193583,22
"41C2622579D7DF047F1D1D2EF333EC79A0C2B044","datapc64_merged_set02_bnk_101101136_textures1.forge",950272,950272,925126,22
"41C2622579D7DF047F1D1D2EF333EC79A0C2B044","datapc64_merged_set02_bnk_101101136_textures2.forge",983040,983040,961860,22
"41C2622579D7DF047F1D1D2EF333EC79A0C2B044","datapc64_merged_set02_bnk_101101136_textures3.forge",2326528,2326528,2293104,22
"41C2622579D7DF047F1D1D2EF333EC79A0C2B044","datapc64_merged_set02_bnk_guitextures0.forge",17039360,17039360,16912908,22
"41C2622579D7DF047F1D1D2EF333EC79A0C2B044","datapc64_merged_set02_bnk_guitextures1.forge",32768,32768,8994,22
"41C2622579D7DF047F1D1D2EF333EC79A0C2B044","datapc64_merged_set02_bnk_mesh.forge",176881664,176881664,134992556,22
"41C2622579D7DF047F1D1D2EF333EC79A0C2B044","datapc64_merged_set02_bnk_meshshape.forge",82771968,82771968,49423922,22
"41C2622579D7DF047F1D1D2EF333EC79A0C2B044","datapc64_merged_set02_bnk_textures0.forge",373227520,373227520,364411748,22
"41C2622579D7DF047F1D1D2EF333EC79A0C2B044","datapc64_merged_set02_bnk_textures1.forge",586416128,586416128,580484561,22
"41C2622579D7DF047F1D1D2EF333EC79A0C2B044","datapc64_merged_set02_bnk_textures2.forge",639729664,639729664,635031813,22
"41C2622579D7DF047F1D1D2EF333EC79A0C2B044","datapc64_merged_set02_bnk_textures3.forge",1341652992,1341652992,1338095357,22
"41C2622579D7DF047F1D1D2EF333EC79A0C2B044","datapc64_merged_set02_bnk_000000003_soundmedia.forge",11927552,11927552,8369540,22
"41C2622579D7DF047F1D1D2EF333EC79A0C2B044","datapc64_merged_set02_bnk_soundmedia.forge",149880832,149880832,145216364,22
"41C2622579D7DF047F1D1D2EF333EC79A0C2B044","datapc64_merged_set02_bnk_000000003_soundbank.forge",819200,819200,755453,22
"41C2622579D7DF047F1D1D2EF333EC79A0C2B044","datapc64_merged_set02_bnk_soundbank.forge",38174720,38174720,34493579,22
"41C2622579D7DF047F1D1D2EF333EC79A0C2B044","videos/y8s3_onbrd_tutorial03.webm",23611632,23611632,22287706,22
"41C2622579D7DF047F1D1D2EF333EC79A0C2B044","datapc64_merged_set02_bnk_000000003_soundbank_en-us.forge",131072,131072,81974,23
"41C2622579D7DF047F1D1D2EF333EC79A0C2B044","datapc64_merged_set02_bnk_000000003_soundmedia_en-us.forge",294912,294912,241819,23
"41C2622579D7DF047F1D1D2EF333EC79A0C2B044","datapc64_merged_set02_bnk_soundbank_en-us.forge",5472256,5472256,3845106,23
"41C2622579D7DF047F1D1D2EF333EC79A0C2B044","datapc64_merged_set02_bnk_soundmedia_en-us.forge",22740992,22740992,18515387,23
"41C2622579D7DF047F1D1D2EF333EC79A0C2B044","datapc64_pvp09_kanal.forge",7634944,7634944,7350814,33
"41C2622579D7DF047F1D1D2EF333EC79A0C2B044","datapc64_pvp09_kanal_set02_bnk_gidata.forge",48136192,48136192,48108901,33
"41C2622579D7DF047F1D1D2EF333EC79A0C2B044","datapc64_pvp07_consulate_v2.forge",9338880,9338880,9038994,34
"41C2622579D7DF047F1D1D2EF333EC79A0C2B044","datapc64_pvp07_consulate_v2_set01_bnk_gidata.forge",54198272,54198272,54154997,34
"41C2622579D7DF047F1D1D2EF333EC79A0C2B044","datapc64_pvp02_oregon_v2_set02_bnk_gidata.forge",39714816,39714816,39679804,35
"41C2622579D7DF047F1D1D2EF333EC79A0C2B044","videos/opscards/y10s1_membership.webm",3257066,3257066,3074656,37
"41C2622579D7DF047F1D1D2EF333EC79A0C2B044","videos/opscards/y9s2_membership.webm",3472563,3472563,3220670,37
"41C2622579D7DF047F1D1D2EF333EC79A0C2B044","videos/opscards/y9s3_membership.webm",3507960,3507960,3176974,37
"41C2622579D7DF047F1D1D2EF333EC79A0C2B044","videos/opscards/y9s4_membership.webm",3395390,3395390,3042025,37
"41C2622579D7DF047F1D1D2EF333EC79A0C2B044","videos/ui/y10s2_hub_dualfront.webm",67826483,67826483,61535067,37
"41C2622579D7DF047F1D1D2EF333EC79A0C2B044","videos/ui/y10s3_hub_dualfront.webm",15588977,15588977,14086323,37
"41C2622579D7DF047F1D1D2EF333EC79A0C2B044","videos/ui/y10s4_hub_dualfront.webm",40233345,40233345,36634315,37
"41C2622579D7DF047F1D1D2EF333EC79A0C2B044","videos/ui/y10s4_hub_invitational.webm",121752758,121752758,115938448,37
"41C2622579D7DF047F1D1D2EF333EC79A0C2B044","videos/ui/y11s1_hub_dualfront.webm",33319464,33319464,30114517,37
"41C2622579D7DF047F1D1D2EF333EC79A0C2B044","videos/y10s2_dual_front_tutorial.webm",91806297,91806297,87914745,37
"41C2622579D7DF047F1D1D2EF333EC79A0C2B044","videos/y9s2_membership.webm",3450962,3450962,3202092,37
"41C2622579D7DF047F1D1D2EF333EC79A0C2B044","videos/y9s3_membership.webm",3503067,3503067,3278833,37
"41C2622579D7DF047F1D1D2EF333EC79A0C2B044","datapc64_pvp02_oregon_v2_mod.forge",24084480,24084480,23736703,37
"41C2622579D7DF047F1D1D2EF333EC79A0C2B044","datapc64_pvp02_oregon_v2_mod_set02_bnk_gidata.forge",15073280,15073280,15035368,37
"41C2622579D7DF047F1D1D2EF333EC79A0C2B044","datapc64_pvp04_clubhouse_mod.forge",24084480,24084480,23679678,37
"41C2622579D7DF047F1D1D2EF333EC79A0C2B044","datapc64_pvp04_clubhouse_mod_set02_bnk_gidata.forge",21299200,21299200,21244628,37
"41C2622579D7DF047F1D1D2EF333EC79A0C2B044","datapc64_pvp06_yacht.forge",7503872,7503872,7158973,37
"41C2622579D7DF047F1D1D2EF333EC79A0C2B044","datapc64_pvp06_yacht_bnk_gidata.forge",88834048,88834048,88806145,37
"41C2622579D7DF047F1D1D2EF333EC79A0C2B044","datapc64_pvp06_yacht_v2_bnk_gidata.forge",88211456,88211456,88188097,37
"41C2622579D7DF047F1D1D2EF333EC79A0C2B044","datapc64_pvp07_consulate_v2_mod.forge",25001984,25001984,24687969,37
"41C2622579D7DF047F1D1D2EF333EC79A0C2B044","datapc64_pvp07_consulate_v2_mod_set01_bnk_gidata.forge",22970368,22970368,22900855,37
"41C2622579D7DF047F1D1D2EF333EC79A0C2B044","datapc64_pvp08_bank_v2_mod.forge",23560192,23560192,23235189,37
"41C2622579D7DF047F1D1D2EF333EC79A0C2B044","datapc64_pvp08_bank_v2_mod_bnk_gidata.forge",25722880,25722880,25646450,37
"41C2622579D7DF047F1D1D2EF333EC79A0C2B044","datapc64_pvp10_chalet_v2_mod.forge",23101440,23101440,22875006,37
"41C2622579D7DF047F1D1D2EF333EC79A0C2B044","datapc64_pvp10_chalet_v2_mod_set02_bnk_gidata.forge",29753344,29753344,29671076,37
"41C2622579D7DF047F1D1D2EF333EC79A0C2B044","datapc64_pvp11_university.forge",7077888,7077888,6707551,37
"41C2622579D7DF047F1D1D2EF333EC79A0C2B044","datapc64_pvp11_university_bnk_gidata.forge",140050432,140050432,140000616,37
"41C2622579D7DF047F1D1D2EF333EC79A0C2B044","datapc64_pvp12_russiancafe_mod.forge",23363584,23363584,23019655,37
"41C2622579D7DF047F1D1D2EF333EC79A0C2B044","datapc64_pvp12_russiancafe_mod_set02_bnk_gidata.forge",16482304,16482304,16423267,37
"41C2622579D7DF047F1D1D2EF333EC79A0C2B044","datapc64_pvp13_border_v2_mod.forge",22609920,22609920,22306840,37
"41C2622579D7DF047F1D1D2EF333EC79A0C2B044","datapc64_pvp13_border_v2_mod_bnk_gidata.forge",21430272,21430272,21373333,37
"41C2622579D7DF047F1D1D2EF333EC79A0C2B044","datapc64_pvp14_favela_v2.forge",8159232,8159232,7889970,37
"41C2622579D7DF047F1D1D2EF333EC79A0C2B044","datapc64_pvp14_favela_v2_bnk_gidata.forge",42074112,42074112,42058126,37
"41C2622579D7DF047F1D1D2EF333EC79A0C2B044","datapc64_pvp15_temple_v2_bnk_gidata.forge",52789248,52789248,52769679,37
"41C2622579D7DF047F1D1D2EF333EC79A0C2B044","datapc64_pvp15_temple_v2_mod.forge",7766016,7766016,7515938,37
"41C2622579D7DF047F1D1D2EF333EC79A0C2B044","datapc64_pvp15_temple_v2_mod_bnk_gidata.forge",19988480,19988480,19936093,37
"41C2622579D7DF047F1D1D2EF333EC79A0C2B044","datapc64_pvp16_ibiza_bnk_gidata.forge",115212288,115212288,115172421,37
"41C2622579D7DF047F1D1D2EF333EC79A0C2B044","datapc64_pvp16_ibiza_mod.forge",23560192,23560192,23247848,37
"41C2622579D7DF047F1D1D2EF333EC79A0C2B044","datapc64_pvp16_ibiza_mod_bnk_gidata.forge",67076096,67076096,67019515,37
"41C2622579D7DF047F1D1D2EF333EC79A0C2B044","datapc64_pvp17_themepark_v2_bnk_gidata.forge",50462720,50462720,50442263,37
"41C2622579D7DF047F1D1D2EF333EC79A0C2B044","datapc64_pvp17_themepark_v2_mod.forge",7667712,7667712,7408879,37
"41C2622579D7DF047F1D1D2EF333EC79A0C2B044","datapc64_pvp17_themepark_v2_mod_bnk_gidata.forge",17825792,17825792,17777252,37
"41C2622579D7DF047F1D1D2EF333EC79A0C2B044","datapc64_pvp19_tower.forge",10289152,10289152,9924513,37
"41C2622579D7DF047F1D1D2EF333EC79A0C2B044","datapc64_pvp19_tower_bnk_gidata.forge",88604672,88604672,88561887,37
"41C2622579D7DF047F1D1D2EF333EC79A0C2B044","datapc64_pvp20_italy_bnk_gidata.forge",45318144,45318144,45274558,37
"41C2622579D7DF047F1D1D2EF333EC79A0C2B044","datapc64_pvp20_italy_mod.forge",11206656,11206656,10893525,37
"41C2622579D7DF047F1D1D2EF333EC79A0C2B044","datapc64_pvp20_italy_mod_bnk_gidata.forge",6029312,6029312,5941726,37
"41C2622579D7DF047F1D1D2EF333EC79A0C2B044","datapc64_pvp22_morocco_bnk_gidata.forge",59801600,59801600,59766391,37
"41C2622579D7DF047F1D1D2EF333EC79A0C2B044","datapc64_pvp22_morocco_v2_mod.forge",9076736,9076736,8797590,37
"41C2622579D7DF047F1D1D2EF333EC79A0C2B044","datapc64_pvp22_morocco_v2_mod_bnk_gidata.forge",23494656,23494656,23426607,37
"41C2622579D7DF047F1D1D2EF333EC79A0C2B044","datapc64_pvp23_australia_v2.forge",8486912,8486912,8151517,37
"41C2622579D7DF047F1D1D2EF333EC79A0C2B044","datapc64_pvp23_australia_v2_bnk_gidata.forge",52559872,52559872,52528116,37
"41C2622579D7DF047F1D1D2EF333EC79A0C2B044","datapc64_pvp24_countryclub.forge",8421376,8421376,8195252,37
"41C2622579D7DF047F1D1D2EF333EC79A0C2B044","datapc64_pvp24_countryclub_bnk_gidata.forge",57573376,57573376,57529387,37
"41C2622579D7DF047F1D1D2EF333EC79A0C2B044","datapc64_pvp25_nighthaven_bnk_gidata.forge",58294272,58294272,58275879,37
"41C2622579D7DF047F1D1D2EF333EC79A0C2B044","datapc64_pvp25_nighthaven_mod.forge",21889024,21889024,21648838,37
"41C2622579D7DF047F1D1D2EF333EC79A0C2B044","datapc64_pvp25_nighthaven_mod_bnk_gidata.forge",27459584,27459584,27408525,37
"41C2622579D7DF047F1D1D2EF333EC79A0C2B044","datapc64_pvp26_viperstrike_bnk_gidata.forge",50364416,50364416,50338612,37
"41C2622579D7DF047F1D1D2EF333EC79A0C2B044","datapc64_pvp26_viperstrike_mod.forge",23166976,23166976,22873820,37
"41C2622579D7DF047F1D1D2EF333EC79A0C2B044","datapc64_pvp26_viperstrike_mod_bnk_gidata.forge",22249472,22249472,22178694,37
"41C2622579D7DF047F1D1D2EF333EC79A0C2B044","datapc64_pvp27_stadium2021.forge",4358144,4358144,4100310,37
"41C2622579D7DF047F1D1D2EF333EC79A0C2B044","datapc64_pvp27_stadium2021_bnk_gidata.forge",51675136,51675136,51642142,37
"41C2622579D7DF047F1D1D2EF333EC79A0C2B044","datapc64_pvp27_stadium2021_v2.forge",5570560,5570560,5312008,37
"41C2622579D7DF047F1D1D2EF333EC79A0C2B044","datapc64_pvp27_stadium2021_v2_bnk_gidata.forge",50298880,50298880,50250026,37
"41C2622579D7DF047F1D1D2EF333EC79A0C2B044","datapc64_pvp28_stadiumalpha_v2.forge",5537792,5537792,5234407,37
"41C2622579D7DF047F1D1D2EF333EC79A0C2B044","datapc64_pvp28_stadiumalpha_v2_bnk_gidata.forge",102629376,102629376,102549996,37
"41C2622579D7DF047F1D1D2EF333EC79A0C2B044","datapc64_onb00_shootingrange.forge",1212416,1212416,1164977,37
"41C2622579D7DF047F1D1D2EF333EC79A0C2B044","datapc64_onb00_shootingrange_bnk_gidata.forge",34668544,34668544,34630524,37
"41C2622579D7DF047F1D1D2EF333EC79A0C2B044","datapc64_tdm01_mtown.forge",2654208,2654208,2425227,37
"41C2622579D7DF047F1D1D2EF333EC79A0C2B044","datapc64_tdm01_mtown_bnk_gidata.forge",9863168,9863168,9820048,37
"41C2622579D7DF047F1D1D2EF333EC79A0C2B044","datapc64_lgm01_heroes.forge",44007424,44007424,41258749,37
"41C2622579D7DF047F1D1D2EF333EC79A0C2B044","datapc64_lgm01_heroes_bnk_gidata.forge",142639104,142639104,142543329,37
"41C2622579D7DF047F1D1D2EF333EC79A0C2B044","datapc64_ondemand.forge",598507520,598507520,535681761,37
"41C2622579D7DF047F1D1D2EF333EC79A0C2B044","datapc64_merged_bnk_000000001_guitextures0.forge",16941056,16941056,16835865,37
"41C2622579D7DF047F1D1D2EF333EC79A0C2B044","datapc64_merged_bnk_000000001_guitextures1.forge",2654208,2654208,2617316,37
"41C2622579D7DF047F1D1D2EF333EC79A0C2B044","datapc64_merged_bnk_000000001_mesh.forge",133464064,133464064,68604197,37
"41C2622579D7DF047F1D1D2EF333EC79A0C2B044","datapc64_merged_bnk_000000001_textures0.forge",235667456,235667456,229975174,37
"41C2622579D7DF047F1D1D2EF333EC79A0C2B044","datapc64_merged_bnk_000000001_textures1.forge",273645568,273645568,269880308,37
"41C2622579D7DF047F1D1D2EF333EC79A0C2B044","datapc64_merged_bnk_000000001_textures2.forge",244416512,244416512,242027101,37
"41C2622579D7DF047F1D1D2EF333EC79A0C2B044","datapc64_merged_bnk_000000001_textures3.forge",665190400,665190400,662377279,37
"41C2622579D7DF047F1D1D2EF333EC79A0C2B044","datapc64_merged_bnk_000000002_guitextures0.forge",10878976,10878976,10791225,37
"41C2622579D7DF047F1D1D2EF333EC79A0C2B044","datapc64_merged_bnk_000000002_guitextures1.forge",4849664,4849664,4800848,37
"41C2622579D7DF047F1D1D2EF333EC79A0C2B044","datapc64_merged_bnk_000000002_mesh.forge",137723904,137723904,106035996,37
"41C2622579D7DF047F1D1D2EF333EC79A0C2B044","datapc64_merged_bnk_000000002_textures0.forge",424738816,424738816,417194640,37
"41C2622579D7DF047F1D1D2EF333EC79A0C2B044","datapc64_merged_bnk_000000002_textures1.forge",585760768,585760768,580274228,37
"41C2622579D7DF047F1D1D2EF333EC79A0C2B044","datapc64_merged_bnk_000000002_textures2.forge",605618176,605618176,601985920,37
"41C2622579D7DF047F1D1D2EF333EC79A0C2B044","datapc64_merged_bnk_000000002_textures3.forge",1347289088,1347289088,1343919758,37
"41C2622579D7DF047F1D1D2EF333EC79A0C2B044","datapc64_merged_bnk_000000003_guitextures0.forge",9404416,9404416,9225970,37
"41C2622579D7DF047F1D1D2EF333EC79A0C2B044","datapc64_merged_bnk_000000003_guitextures1.forge",2916352,2916352,2888159,37
"41C2622579D7DF047F1D1D2EF333EC79A0C2B044","datapc64_merged_bnk_000000003_mesh.forge",119996416,119996416,93888329,37
"41C2622579D7DF047F1D1D2EF333EC79A0C2B044","datapc64_merged_bnk_000000003_textures0.forge",546930688,546930688,541873923,37
"41C2622579D7DF047F1D1D2EF333EC79A0C2B044","datapc64_merged_bnk_000000003_textures1.forge",166887424,166887424,164349615,37
"41C2622579D7DF047F1D1D2EF333EC79A0C2B044","datapc64_merged_bnk_000000003_textures2.forge",138117120,138117120,136485494,37
"41C2622579D7DF047F1D1D2EF333EC79A0C2B044","datapc64_merged_bnk_000000003_textures3.forge",351272960,351272960,349685669,37
"41C2622579D7DF047F1D1D2EF333EC79A0C2B044","datapc64_merged_bnk_101101136_mesh.forge",4390912,4390912,1890877,37
"41C2622579D7DF047F1D1D2EF333EC79A0C2B044","datapc64_merged_bnk_101101136_textures0.forge",10158080,10158080,10117365,37
"41C2622579D7DF047F1D1D2EF333EC79A0C2B044","datapc64_merged_bnk_101101136_textures1.forge",1507328,1507328,1464417,37
"41C2622579D7DF047F1D1D2EF333EC79A0C2B044","datapc64_merged_bnk_103325268_meshshape.forge",4259840,4259840,708690,37
"41C2622579D7DF047F1D1D2EF333EC79A0C2B044","datapc64_merged_bnk_103325268_textures0.forge",98304,98304,63824,37
"41C2622579D7DF047F1D1D2EF333EC79A0C2B044","datapc64_merged_bnk_103325268_textures1.forge",196608,196608,162586,37
"41C2622579D7DF047F1D1D2EF333EC79A0C2B044","datapc64_merged_bnk_103325268_textures2.forge",196608,196608,153488,37
"41C2622579D7DF047F1D1D2EF333EC79A0C2B044","datapc64_merged_bnk_103325268_textures3.forge",425984,425984,391317,37
"41C2622579D7DF047F1D1D2EF333EC79A0C2B044","datapc64_merged_bnk_guitextures0.forge",59572224,59572224,58953144,37
"41C2622579D7DF047F1D1D2EF333EC79A0C2B044","datapc64_merged_bnk_guitextures1.forge",7503872,7503872,7349988,37
"41C2622579D7DF047F1D1D2EF333EC79A0C2B044","datapc64_merged_bnk_mesh.forge",1332871168,1332871168,1148415891,37
"41C2622579D7DF047F1D1D2EF333EC79A0C2B044","datapc64_merged_bnk_meshshape.forge",383909888,383909888,224049623,37
"41C2622579D7DF047F1D1D2EF333EC79A0C2B044","datapc64_merged_bnk_textures0.forge",2841903104,2841903104,2700185702,37
"41C2622579D7DF047F1D1D2EF333EC79A0C2B044","datapc64_merged_bnk_textures1.forge",3351478272,3351478272,3242999108,37
"41C2622579D7DF047F1D1D2EF333EC79A0C2B044","datapc64_merged_bnk_textures2.forge",2546761728,2546761728,2476604069,37
"41C2622579D7DF047F1D1D2EF333EC79A0C2B044","datapc64_merged_bnk_textures3.forge",7932051456,3637084160,3574915476,37
"41C2622579D7DF047F1D1D2EF333EC79A0C2B044","datapc64_mtx_bnk_000000001_mesh.forge",5701632,5701632,5566318,37
"41C2622579D7DF047F1D1D2EF333EC79A0C2B044","datapc64_mtx_bnk_000000001_textures0.forge",109215744,109215744,105967766,37
"41C2622579D7DF047F1D1D2EF333EC79A0C2B044","datapc64_mtx_bnk_000000001_textures1.forge",292782080,292782080,289948984,37
"41C2622579D7DF047F1D1D2EF333EC79A0C2B044","datapc64_mtx_bnk_000000001_textures2.forge",171409408,171409408,169540600,37
"41C2622579D7DF047F1D1D2EF333EC79A0C2B044","datapc64_mtx_bnk_000000001_textures3.forge",11403264,11403264,11203695,37
"41C2622579D7DF047F1D1D2EF333EC79A0C2B044","datapc64_mtx_bnk_000000002_mesh.forge",19595264,19595264,19004412,37
"41C2622579D7DF047F1D1D2EF333EC79A0C2B044","datapc64_mtx_bnk_000000002_textures0.forge",160825344,160825344,156598438,37
"41C2622579D7DF047F1D1D2EF333EC79A0C2B044","datapc64_mtx_bnk_000000002_textures1.forge",436797440,436797440,432663081,37
"41C2622579D7DF047F1D1D2EF333EC79A0C2B044","datapc64_mtx_bnk_000000002_textures2.forge",240582656,240582656,238023196,37
"41C2622579D7DF047F1D1D2EF333EC79A0C2B044","datapc64_mtx_bnk_000000002_textures3.forge",15564800,15564800,15348290,37
"41C2622579D7DF047F1D1D2EF333EC79A0C2B044","datapc64_mtx_bnk_000000003_mesh.forge",16908288,16908288,16595959,37
"41C2622579D7DF047F1D1D2EF333EC79A0C2B044","datapc64_mtx_bnk_000000003_textures0.forge",125599744,125599744,121359839,37
"41C2622579D7DF047F1D1D2EF333EC79A0C2B044","datapc64_mtx_bnk_000000003_textures1.forge",328335360,328335360,324553601,37
"41C2622579D7DF047F1D1D2EF333EC79A0C2B044","datapc64_mtx_bnk_000000003_textures2.forge",207224832,207224832,204490945,37
"41C2622579D7DF047F1D1D2EF333EC79A0C2B044","datapc64_mtx_bnk_000000003_textures3.forge",22904832,22904832,22643289,37
"41C2622579D7DF047F1D1D2EF333EC79A0C2B044","datapc64_mtx_bnk_101101136_mesh.forge",884736,884736,835895,37
"41C2622579D7DF047F1D1D2EF333EC79A0C2B044","datapc64_mtx_bnk_101101136_textures0.forge",491520,491520,458705,37
"41C2622579D7DF047F1D1D2EF333EC79A0C2B044","datapc64_mtx_bnk_101101136_textures1.forge",1310720,1310720,1266891,37
"41C2622579D7DF047F1D1D2EF333EC79A0C2B044","datapc64_mtx_bnk_101101136_textures2.forge",786432,786432,740454,37
"41C2622579D7DF047F1D1D2EF333EC79A0C2B044","datapc64_mtx_bnk_103325268_mesh.forge",196608,196608,178804,37
"41C2622579D7DF047F1D1D2EF333EC79A0C2B044","datapc64_mtx_bnk_103325268_textures0.forge",2457600,2457600,2356490,37
"41C2622579D7DF047F1D1D2EF333EC79A0C2B044","datapc64_mtx_bnk_103325268_textures1.forge",6717440,6717440,6598138,37
"41C2622579D7DF047F1D1D2EF333EC79A0C2B044","datapc64_mtx_bnk_103325268_textures2.forge",5373952,5373952,5199085,37
"41C2622579D7DF047F1D1D2EF333EC79A0C2B044","datapc64_mtx_bnk_103325268_textures3.forge",196608,196608,153366,37
"41C2622579D7DF047F1D1D2EF333EC79A0C2B044","datapc64_mtx_bnk_mesh.forge",17170432,17170432,16732247,37
"41C2622579D7DF047F1D1D2EF333EC79A0C2B044","datapc64_mtx_bnk_textures0.forge",92700672,92700672,82319661,37
"41C2622579D7DF047F1D1D2EF333EC79A0C2B044","datapc64_mtx_bnk_textures1.forge",198148096,198148096,192298710,37
"41C2622579D7DF047F1D1D2EF333EC79A0C2B044","datapc64_mtx_bnk_textures2.forge",135593984,135593984,129331727,37
"41C2622579D7DF047F1D1D2EF333EC79A0C2B044","datapc64_mtx_bnk_textures3.forge",100466688,100466688,99154350,37
"41C2622579D7DF047F1D1D2EF333EC79A0C2B044","datapc64_dmtx_bnk_textures0.forge",32669696,32669696,31793145,37
"41C2622579D7DF047F1D1D2EF333EC79A0C2B044","datapc64_dmtx_bnk_textures1.forge",90472448,90472448,89649927,37
"41C2622579D7DF047F1D1D2EF333EC79A0C2B044","datapc64_dmtx_bnk_textures2.forge",72941568,72941568,72447324,37
"41C2622579D7DF047F1D1D2EF333EC79A0C2B044","datapc64_merged_bnk_000000003_soundmedia.forge",21430272,21430272,17721206,37
"41C2622579D7DF047F1D1D2EF333EC79A0C2B044","datapc64_merged_bnk_soundmedia.forge",746913792,746913792,703323984,37
"41C2622579D7DF047F1D1D2EF333EC79A0C2B044","datapc64_merged_bnk_000000003_soundbank.forge",12812288,12812288,11253262,37
"41C2622579D7DF047F1D1D2EF333EC79A0C2B044","datapc64_merged_bnk_soundbank.forge",489357312,489357312,422250912,37
"41C2622579D7DF047F1D1D2EF333EC79A0C2B044","datapc64_mtx_bnk_000000003_soundmedia.forge",4587520,4587520,3475047,37
"41C2622579D7DF047F1D1D2EF333EC79A0C2B044","datapc64_mtx_bnk_soundmedia.forge",15269888,15269888,11876435,37
"41C2622579D7DF047F1D1D2EF333EC79A0C2B044","datapc64_mtx_bnk_000000003_soundbank.forge",2686976,2686976,2617333,37
"41C2622579D7DF047F1D1D2EF333EC79A0C2B044","datapc64_mtx_bnk_soundbank.forge",9732096,9732096,9266966,37
"41C2622579D7DF047F1D1D2EF333EC79A0C2B044","datapc64_merged_bnk_000000003_soundbank_en-us.forge",28213248,28213248,21368062,38
"41C2622579D7DF047F1D1D2EF333EC79A0C2B044","datapc64_merged_bnk_000000003_soundmedia_en-us.forge",29687808,29687808,25576085,38
"41C2622579D7DF047F1D1D2EF333EC79A0C2B044","datapc64_merged_bnk_103325268_soundbank_en-us.forge",65536,65536,28626,38
"41C2622579D7DF047F1D1D2EF333EC79A0C2B044","datapc64_merged_bnk_soundbank_en-us.forge",96174080,96174080,69923756,38
"41C2622579D7DF047F1D1D2EF333EC79A0C2B044","datapc64_merged_bnk_soundmedia_en-us.forge",528154624,528154624,434049700,38
