"5042","4076A4FF2470D287714C9FE6E47B389705D2C8B6","0000-00-00",930,14577445565,1692543677,1537328810,3
"4076A4FF2470D287714C9FE6E47B389705D2C8B6","registry_helper.bat",852,852,447,1
"4076A4FF2470D287714C9FE6E47B389705D2C8B6","RegistryHelperFinal.exe",19480,19480,11864,1
"4076A4FF2470D287714C9FE6E47B389705D2C8B6","avcodec-52.dll",1311544,1311544,440569,1
"4076A4FF2470D287714C9FE6E47B389705D2C8B6","avformat-52.dll",167224,167224,84043,1
"4076A4FF2470D287714C9FE6E47B389705D2C8B6","avutil-50.dll",103224,103224,56811,1
"4076A4FF2470D287714C9FE6E47B389705D2C8B6","berkelium.dll",33071912,33071912,12886892,1
"4076A4FF2470D287714C9FE6E47B389705D2C8B6","berkelium.exe",638760,638760,274784,1
"4076A4FF2470D287714C9FE6E47B389705D2C8B6","Data.de-DE.orc",577297301,577297301,576666087,1
"4076A4FF2470D287714C9FE6E47B389705D2C8B6","Data.de-DE1.orc",2319916,2319916,2320003,1
"4076A4FF2470D287714C9FE6E47B389705D2C8B6","Data.de-DE2.orc",24935007,24935007,24935865,1
"4076A4FF2470D287714C9FE6E47B389705D2C8B6","Data.de-DE3.orc",21215034,21215034,21215769,1
"4076A4FF2470D287714C9FE6E47B389705D2C8B6","Data.de-DE4.orc",125061730,125061730,125066032,1
"4076A4FF2470D287714C9FE6E47B389705D2C8B6","Data.es-ES.orc",601767186,601767186,601210605,1
"4076A4FF2470D287714C9FE6E47B389705D2C8B6","Data.es-ES1.orc",2359127,2359127,2359214,1
"4076A4FF2470D287714C9FE6E47B389705D2C8B6","Data.es-ES2.orc",25071979,25071979,25072840,1
"4076A4FF2470D287714C9FE6E47B389705D2C8B6","Data.es-ES3.orc",20332132,20332132,20332837,1
"4076A4FF2470D287714C9FE6E47B389705D2C8B6","Data.es-ES4.orc",117070148,117070148,117072216,1
"4076A4FF2470D287714C9FE6E47B389705D2C8B6","Data.fr-fr.orc",579614977,579614977,579308539,1
"4076A4FF2470D287714C9FE6E47B389705D2C8B6","Data.fr-fr1.orc",2155054,2155054,2155136,1
"4076A4FF2470D287714C9FE6E47B389705D2C8B6","Data.fr-fr2.orc",24719660,24719660,24720512,1
"4076A4FF2470D287714C9FE6E47B389705D2C8B6","Data.fr-fr3.orc",19571867,19571867,19572542,1
"4076A4FF2470D287714C9FE6E47B389705D2C8B6","Data.fr-fr4.orc",111581681,111581681,111583740,1
"4076A4FF2470D287714C9FE6E47B389705D2C8B6","Data.orc",93300355,93300355,92747136,1
"4076A4FF2470D287714C9FE6E47B389705D2C8B6","Data.pl-PL.orc",612806513,612806513,612771196,1
"4076A4FF2470D287714C9FE6E47B389705D2C8B6","Data.pl-PL1.orc",2292921,2292921,2293008,1
"4076A4FF2470D287714C9FE6E47B389705D2C8B6","Data.pl-PL2.orc",22598264,22598264,22599044,1
"4076A4FF2470D287714C9FE6E47B389705D2C8B6","Data.pl-PL3.orc",18424195,18424195,18424831,1
"4076A4FF2470D287714C9FE6E47B389705D2C8B6","Data.pl-PL4.orc",124359381,124359381,124363653,1
"4076A4FF2470D287714C9FE6E47B389705D2C8B6","Data1.orc",578819539,578819539,574358778,1
"4076A4FF2470D287714C9FE6E47B389705D2C8B6","Data10.orc",33319277,33319277,33308324,1
"4076A4FF2470D287714C9FE6E47B389705D2C8B6","Data11.orc",3960324,3960324,3960462,1
"4076A4FF2470D287714C9FE6E47B389705D2C8B6","Data12.orc",237688809,237688809,236259678,1
"4076A4FF2470D287714C9FE6E47B389705D2C8B6","Data13.orc",888661,888661,884637,1
"4076A4FF2470D287714C9FE6E47B389705D2C8B6","Data14.orc",22415365,22415365,22357902,1
"4076A4FF2470D287714C9FE6E47B389705D2C8B6","Data15.orc",112555416,112555416,112318281,1
"4076A4FF2470D287714C9FE6E47B389705D2C8B6","Data16.orc",83661102,83661102,83621607,1
"4076A4FF2470D287714C9FE6E47B389705D2C8B6","Data17.orc",734870137,734870137,723088809,1
"4076A4FF2470D287714C9FE6E47B389705D2C8B6","Data18.orc",1720222462,1720222462,1717403361,1
"4076A4FF2470D287714C9FE6E47B389705D2C8B6","Data19.orc",1421416388,1421416388,1409977020,1
"4076A4FF2470D287714C9FE6E47B389705D2C8B6","Data2.orc",210741670,210741670,210748903,1
"4076A4FF2470D287714C9FE6E47B389705D2C8B6","Data20.orc",330135345,330135345,316753575,1
"4076A4FF2470D287714C9FE6E47B389705D2C8B6","Data22.orc",598507623,598507623,595243901,1
"4076A4FF2470D287714C9FE6E47B389705D2C8B6","Data21.orc",832377010,832377010,829208241,1
"4076A4FF2470D287714C9FE6E47B389705D2C8B6","Data3.orc",1657036040,1657036040,1654101080,1
"4076A4FF2470D287714C9FE6E47B389705D2C8B6","Data4.orc",255428351,255428351,247223513,1
"4076A4FF2470D287714C9FE6E47B389705D2C8B6","Data5.orc",854341797,854341797,851025953,1
"4076A4FF2470D287714C9FE6E47B389705D2C8B6","Data6.orc",524910698,524910698,523021792,1
"4076A4FF2470D287714C9FE6E47B389705D2C8B6","Data7.orc",507920507,507920507,503976541,1
"4076A4FF2470D287714C9FE6E47B389705D2C8B6","Data8.orc",164560523,164560523,163984522,1
"4076A4FF2470D287714C9FE6E47B389705D2C8B6","Data9.orc",1452406,1452406,1452463,1
"4076A4FF2470D287714C9FE6E47B389705D2C8B6","dbghelp.dll",725800,725800,299404,1
"4076A4FF2470D287714C9FE6E47B389705D2C8B6","Editor.exe",14120,14120,7835,1
"4076A4FF2470D287714C9FE6E47B389705D2C8B6","Game.exe",325928,325928,274211,1
"4076A4FF2470D287714C9FE6E47B389705D2C8B6","GameGDF.dll",4290856,4290856,894350,1
"4076A4FF2470D287714C9FE6E47B389705D2C8B6","GameInstallHelper.dll",128296,128296,59172,1
"4076A4FF2470D287714C9FE6E47B389705D2C8B6","GameNetwork.dll",5470200,5470200,1643788,1
"4076A4FF2470D287714C9FE6E47B389705D2C8B6","GameOrbit.dll",753144,753144,269685,1
"4076A4FF2470D287714C9FE6E47B389705D2C8B6","gu.exe",620840,620840,279413,1
"4076A4FF2470D287714C9FE6E47B389705D2C8B6","icudt46.dll",9076520,9076520,3591611,1
"4076A4FF2470D287714C9FE6E47B389705D2C8B6","Might & Magic Heroes VI.exe",32589304,32589304,9616619,1
"4076A4FF2470D287714C9FE6E47B389705D2C8B6","items.bin",46268,46268,7349,1
"4076A4FF2470D287714C9FE6E47B389705D2C8B6","profile_data.bin",173,173,131,1
"4076A4FF2470D287714C9FE6E47B389705D2C8B6","mss32.dll",457000,457000,209012,1
"4076A4FF2470D287714C9FE6E47B389705D2C8B6","msvcr100d.dll",1505104,1505104,473351,1
"4076A4FF2470D287714C9FE6E47B389705D2C8B6","run.bat",29,29,38,1
"4076A4FF2470D287714C9FE6E47B389705D2C8B6","ubiorbitapi_r2_loader.dll",234280,234280,103373,1
"4076A4FF2470D287714C9FE6E47B389705D2C8B6","Data\html\combatsharing.html",4290,4290,976,1
"4076A4FF2470D287714C9FE6E47B389705D2C8B6","Data\html\forum.html",501,501,297,1
"4076A4FF2470D287714C9FE6E47B389705D2C8B6","Data\html\index.html",45724,45724,1774,1
"4076A4FF2470D287714C9FE6E47B389705D2C8B6","Data\html\mapsharing.html",4750,4750,1263,1
"4076A4FF2470D287714C9FE6E47B389705D2C8B6","Data\html\news.html",5501,5501,1566,1
"4076A4FF2470D287714C9FE6E47B389705D2C8B6","Data\html\newsblock.html",2602,2602,523,1
"4076A4FF2470D287714C9FE6E47B389705D2C8B6","Data\html\newsItem1.html",634,634,386,1
"4076A4FF2470D287714C9FE6E47B389705D2C8B6","Data\html\newsItem2.html",567,567,352,1
"4076A4FF2470D287714C9FE6E47B389705D2C8B6","Data\html\newsItem3.html",787,787,443,1
"4076A4FF2470D287714C9FE6E47B389705D2C8B6","Data\html\newsItem4.html",698,698,431,1
"4076A4FF2470D287714C9FE6E47B389705D2C8B6","Data\html\newsItem5.html",558,558,347,1
"4076A4FF2470D287714C9FE6E47B389705D2C8B6","Data\html\ubinews.html",5093,5093,1467,1
"4076A4FF2470D287714C9FE6E47B389705D2C8B6","Data\html\dynapi\index.html",1033,1033,542,1
"4076A4FF2470D287714C9FE6E47B389705D2C8B6","Data\html\dynapi\LICENSE",19216,19216,6710,1
"4076A4FF2470D287714C9FE6E47B389705D2C8B6","Data\html\dynapi\README",2674,2674,1258,1
"4076A4FF2470D287714C9FE6E47B389705D2C8B6","Data\html\dynapi\bin\images\dc_icon.gif",292,292,302,1
"4076A4FF2470D287714C9FE6E47B389705D2C8B6","Data\html\dynapi\bin\java.compressor\JSCompressor.java",27931,27931,4553,1
"4076A4FF2470D287714C9FE6E47B389705D2C8B6","Data\html\dynapi\bin\java.compressor\jsCompressor.xml",3428,3428,807,1
"4076A4FF2470D287714C9FE6E47B389705D2C8B6","Data\html\dynapi\bin\java.compressor\readme.txt",815,815,480,1
"4076A4FF2470D287714C9FE6E47B389705D2C8B6","Data\html\dynapi\bin\jscript.compressor\compessor.html",8845,8845,2039,1
"4076A4FF2470D287714C9FE6E47B389705D2C8B6","Data\html\dynapi\bin\jscript.compressor\compressor.init.js",6362,6362,2358,1
"4076A4FF2470D287714C9FE6E47B389705D2C8B6","Data\html\dynapi\bin\jscript.compressor\compressor.js",4861,4861,1476,1
"4076A4FF2470D287714C9FE6E47B389705D2C8B6","Data\html\dynapi\bin\jscript.compressor\fsobject.vbs",3077,3077,1001,1
"4076A4FF2470D287714C9FE6E47B389705D2C8B6","Data\html\dynapi\bin\text2var\t2var.html",4071,4071,1378,1
"4076A4FF2470D287714C9FE6E47B389705D2C8B6","Data\html\dynapi\docs\changelog.html",31721,31721,9275,1
"4076A4FF2470D287714C9FE6E47B389705D2C8B6","Data\html\dynapi\docs\index.html",5260,5260,1749,1
"4076A4FF2470D287714C9FE6E47B389705D2C8B6","Data\html\dynapi\docs\docs\contributors.html",1571,1571,756,1
"4076A4FF2470D287714C9FE6E47B389705D2C8B6","Data\html\dynapi\docs\docs\examples.html",10993,10993,2462,1
"4076A4FF2470D287714C9FE6E47B389705D2C8B6","Data\html\dynapi\docs\docs\examples.htmlcomponents.html",3432,3432,1206,1
"4076A4FF2470D287714C9FE6E47B389705D2C8B6","Data\html\dynapi\docs\docs\faq.html",36898,36898,11940,1
"4076A4FF2470D287714C9FE6E47B389705D2C8B6","Data\html\dynapi\docs\docs\keyfeatures.html",3720,3720,1287,1
"4076A4FF2470D287714C9FE6E47B389705D2C8B6","Data\html\dynapi\docs\docs\license.html",20208,20208,7092,1
"4076A4FF2470D287714C9FE6E47B389705D2C8B6","Data\html\dynapi\docs\docs\quickref.cookie.html",1631,1631,616,1
"4076A4FF2470D287714C9FE6E47B389705D2C8B6","Data\html\dynapi\docs\docs\quickref.datasource.html",4983,4983,1882,1
"4076A4FF2470D287714C9FE6E47B389705D2C8B6","Data\html\dynapi\docs\docs\quickref.debug.html",2143,2143,851,1
"4076A4FF2470D287714C9FE6E47B389705D2C8B6","Data\html\dynapi\docs\docs\quickref.dragevent.html",3001,3001,1096,1
"4076A4FF2470D287714C9FE6E47B389705D2C8B6","Data\html\dynapi\docs\docs\quickref.dyndocument.html",2944,2944,1094,1
"4076A4FF2470D287714C9FE6E47B389705D2C8B6","Data\html\dynapi\docs\docs\quickref.dynelement.html",2473,2473,905,1
"4076A4FF2470D287714C9FE6E47B389705D2C8B6","Data\html\dynapi\docs\docs\quickref.dynevent.html",1290,1290,551,1
"4076A4FF2470D287714C9FE6E47B389705D2C8B6","Data\html\dynapi\docs\docs\quickref.dynkeyevent.html",1785,1785,624,1
"4076A4FF2470D287714C9FE6E47B389705D2C8B6","Data\html\dynapi\docs\docs\quickref.dynlayer.html",3954,3954,1170,1
"4076A4FF2470D287714C9FE6E47B389705D2C8B6","Data\html\dynapi\docs\docs\quickref.dynobject.html",1282,1282,539,1
"4076A4FF2470D287714C9FE6E47B389705D2C8B6","Data\html\dynapi\docs\docs\quickref.eventobject.html",1319,1319,584,1
"4076A4FF2470D287714C9FE6E47B389705D2C8B6","Data\html\dynapi\docs\docs\quickref.flashsound.html",10211,10211,3244,1
"4076A4FF2470D287714C9FE6E47B389705D2C8B6","Data\html\dynapi\docs\docs\quickref.functions.html",15527,15527,4873,1
"4076A4FF2470D287714C9FE6E47B389705D2C8B6","Data\html\dynapi\docs\docs\quickref.groupmanager.html",3944,3944,1425,1
"4076A4FF2470D287714C9FE6E47B389705D2C8B6","Data\html\dynapi\docs\docs\quickref.html",11911,11911,1644,1
"4076A4FF2470D287714C9FE6E47B389705D2C8B6","Data\html\dynapi\docs\docs\quickref.htmlbutton.html",1792,1792,700,1
"4076A4FF2470D287714C9FE6E47B389705D2C8B6","Data\html\dynapi\docs\docs\quickref.htmlcalendar.html",2313,2313,754,1
"4076A4FF2470D287714C9FE6E47B389705D2C8B6","Data\html\dynapi\docs\docs\quickref.htmlcheckbox.html",1997,1997,736,1
"4076A4FF2470D287714C9FE6E47B389705D2C8B6","Data\html\dynapi\docs\docs\quickref.htmlclock.html",1636,1636,665,1
"4076A4FF2470D287714C9FE6E47B389705D2C8B6","Data\html\dynapi\docs\docs\quickref.htmlconponent.html",3863,3863,1213,1
"4076A4FF2470D287714C9FE6E47B389705D2C8B6","Data\html\dynapi\docs\docs\quickref.htmlcontainer.html",1766,1766,664,1
"4076A4FF2470D287714C9FE6E47B389705D2C8B6","Data\html\dynapi\docs\docs\quickref.htmldatepicker.html",2186,2186,775,1
"4076A4FF2470D287714C9FE6E47B389705D2C8B6","Data\html\dynapi\docs\docs\quickref.htmldropdownmenu.html",1140,1140,556,1
"4076A4FF2470D287714C9FE6E47B389705D2C8B6","Data\html\dynapi\docs\docs\quickref.htmlfile.html",1856,1856,741,1
"4076A4FF2470D287714C9FE6E47B389705D2C8B6","Data\html\dynapi\docs\docs\quickref.htmlhyperlink.html",1702,1702,666,1
"4076A4FF2470D287714C9FE6E47B389705D2C8B6","Data\html\dynapi\docs\docs\quickref.htmllistbox.html",3652,3652,1209,1
"4076A4FF2470D287714C9FE6E47B389705D2C8B6","Data\html\dynapi\docs\docs\quickref.htmlmenu.html",3355,3355,1270,1
"4076A4FF2470D287714C9FE6E47B389705D2C8B6","Data\html\dynapi\docs\docs\quickref.htmlradiobutton.html",2143,2143,767,1
"4076A4FF2470D287714C9FE6E47B389705D2C8B6","Data\html\dynapi\docs\docs\quickref.htmlrollover.html",1549,1549,645,1
"4076A4FF2470D287714C9FE6E47B389705D2C8B6","Data\html\dynapi\docs\docs\quickref.htmltextarea.html",2170,2170,775,1
"4076A4FF2470D287714C9FE6E47B389705D2C8B6","Data\html\dynapi\docs\docs\quickref.htmltextbox.html",2117,2117,769,1
"4076A4FF2470D287714C9FE6E47B389705D2C8B6","Data\html\dynapi\docs\docs\quickref.imageclip.html",3325,3325,1330,1
"4076A4FF2470D287714C9FE6E47B389705D2C8B6","Data\html\dynapi\docs\docs\quickref.ioelement-basics.html",8970,8970,3038,1
"4076A4FF2470D287714C9FE6E47B389705D2C8B6","Data\html\dynapi\docs\docs\quickref.ioelement.html",13108,13108,4200,1
"4076A4FF2470D287714C9FE6E47B389705D2C8B6","Data\html\dynapi\docs\docs\quickref.library.html",1247,1247,528,1
"4076A4FF2470D287714C9FE6E47B389705D2C8B6","Data\html\dynapi\docs\docs\quickref.motionx.html",2777,2777,1114,1
"4076A4FF2470D287714C9FE6E47B389705D2C8B6","Data\html\dynapi\docs\docs\quickref.mouseevent.html",2051,2051,778,1
"4076A4FF2470D287714C9FE6E47B389705D2C8B6","Data\html\dynapi\docs\docs\quickref.panelbar.html",2917,2917,1236,1
"4076A4FF2470D287714C9FE6E47B389705D2C8B6","Data\html\dynapi\docs\docs\quickref.snapx.html",17449,17449,3347,1
"4076A4FF2470D287714C9FE6E47B389705D2C8B6","Data\html\dynapi\docs\docs\quickref.soda-basics.html",1087,1087,574,1
"4076A4FF2470D287714C9FE6E47B389705D2C8B6","Data\html\dynapi\docs\docs\quickref.soda-ntier.html",3958,3958,1677,1
"4076A4FF2470D287714C9FE6E47B389705D2C8B6","Data\html\dynapi\docs\docs\quickref.soda.html",28260,28260,8306,1
"4076A4FF2470D287714C9FE6E47B389705D2C8B6","Data\html\dynapi\docs\docs\quickref.stacker.html",2714,2714,924,1
"4076A4FF2470D287714C9FE6E47B389705D2C8B6","Data\html\dynapi\docs\docs\quickref.stylemanager.html",2075,2075,952,1
"4076A4FF2470D287714C9FE6E47B389705D2C8B6","Data\html\dynapi\docs\docs\quickref.templatemanager.html",7077,7077,2619,1
"4076A4FF2470D287714C9FE6E47B389705D2C8B6","Data\html\dynapi\docs\docs\quickref.timerx.html",3026,3026,1107,1
"4076A4FF2470D287714C9FE6E47B389705D2C8B6","Data\html\dynapi\docs\docs\requirements.html",8472,8472,1429,1
"4076A4FF2470D287714C9FE6E47B389705D2C8B6","Data\html\dynapi\docs\docs\revision.html",17849,17849,6577,1
"4076A4FF2470D287714C9FE6E47B389705D2C8B6","Data\html\dynapi\docs\docs\roadmap.html",2490,2490,628,1
"4076A4FF2470D287714C9FE6E47B389705D2C8B6","Data\html\dynapi\docs\docs\tip.configfile.html",1879,1879,941,1
"4076A4FF2470D287714C9FE6E47B389705D2C8B6","Data\html\dynapi\docs\docs\tip.createwidget.html",20155,20155,5595,1
"4076A4FF2470D287714C9FE6E47B389705D2C8B6","Data\html\dynapi\docs\docs\tip.gettemplates.html",1416,1416,763,1
"4076A4FF2470D287714C9FE6E47B389705D2C8B6","Data\html\dynapi\docs\docs\tipsticks.html",11324,11324,3547,1
"4076A4FF2470D287714C9FE6E47B389705D2C8B6","Data\html\dynapi\docs\docs\troubleshoot.html",3841,3841,1538,1
"4076A4FF2470D287714C9FE6E47B389705D2C8B6","Data\html\dynapi\docs\docs\whatsnew.html",1498,1498,702,1
"4076A4FF2470D287714C9FE6E47B389705D2C8B6","Data\html\dynapi\docs\images\content.gif",1472,1472,1222,1
"4076A4FF2470D287714C9FE6E47B389705D2C8B6","Data\html\dynapi\docs\images\cvs.gif",253,253,262,1
"4076A4FF2470D287714C9FE6E47B389705D2C8B6","Data\html\dynapi\docs\images\dynapi.gif",4328,4328,4303,1
"4076A4FF2470D287714C9FE6E47B389705D2C8B6","Data\html\dynapi\docs\images\dynapi.jpg",3104,3104,2908,1
"4076A4FF2470D287714C9FE6E47B389705D2C8B6","Data\html\dynapi\docs\images\dynapi.swf",58233,58233,54466,1
"4076A4FF2470D287714C9FE6E47B389705D2C8B6","Data\html\dynapi\docs\images\globe.gif",453,453,420,1
"4076A4FF2470D287714C9FE6E47B389705D2C8B6","Data\html\dynapi\docs\images\home.gif",127,127,132,1
"4076A4FF2470D287714C9FE6E47B389705D2C8B6","Data\html\dynapi\docs\images\ie.gif",1444,1444,1308,1
"4076A4FF2470D287714C9FE6E47B389705D2C8B6","Data\html\dynapi\docs\images\kb_anchor.gif",1798,1798,1430,1
"4076A4FF2470D287714C9FE6E47B389705D2C8B6","Data\html\dynapi\docs\images\kb_bezier.gif",457,457,399,1
"4076A4FF2470D287714C9FE6E47B389705D2C8B6","Data\html\dynapi\docs\images\kb_data.gif",4251,4251,4261,1
"4076A4FF2470D287714C9FE6E47B389705D2C8B6","Data\html\dynapi\docs\images\kb_graphics.gif",2642,2642,2652,1
"4076A4FF2470D287714C9FE6E47B389705D2C8B6","Data\html\dynapi\docs\images\kb_templates.gif",3971,3971,3981,1
"4076A4FF2470D287714C9FE6E47B389705D2C8B6","Data\html\dynapi\docs\images\konqueror.gif",1527,1527,1537,1
"4076A4FF2470D287714C9FE6E47B389705D2C8B6","Data\html\dynapi\docs\images\moz.gif",172,172,181,1
"4076A4FF2470D287714C9FE6E47B389705D2C8B6","Data\html\dynapi\docs\images\note.gif",170,170,165,1
"4076A4FF2470D287714C9FE6E47B389705D2C8B6","Data\html\dynapi\docs\images\ns4.gif",461,461,449,1
"4076A4FF2470D287714C9FE6E47B389705D2C8B6","Data\html\dynapi\docs\images\ns6.gif",1600,1600,1413,1
"4076A4FF2470D287714C9FE6E47B389705D2C8B6","Data\html\dynapi\docs\images\opera.gif",203,203,204,1
"4076A4FF2470D287714C9FE6E47B389705D2C8B6","Data\html\dynapi\docs\images\phoenix.gif",1698,1698,1633,1
"4076A4FF2470D287714C9FE6E47B389705D2C8B6","Data\html\dynapi\docs\images\safari.gif",1646,1646,1656,1
"4076A4FF2470D287714C9FE6E47B389705D2C8B6","Data\html\dynapi\docs\images\soda-rpc.gif",3536,3536,3546,1
"4076A4FF2470D287714C9FE6E47B389705D2C8B6","Data\html\dynapi\docs\images\soda-rpc2.gif",3888,3888,3875,1
"4076A4FF2470D287714C9FE6E47B389705D2C8B6","Data\html\dynapi\docs\images\soda-rpc3.gif",10871,10871,10801,1
"4076A4FF2470D287714C9FE6E47B389705D2C8B6","Data\html\dynapi\docs\images\soda-rpc4.gif",5539,5539,5549,1
"4076A4FF2470D287714C9FE6E47B389705D2C8B6","Data\html\dynapi\docs\images\tick.gif",136,136,145,1
"4076A4FF2470D287714C9FE6E47B389705D2C8B6","Data\html\dynapi\docs\images\tip.gif",160,160,155,1
"4076A4FF2470D287714C9FE6E47B389705D2C8B6","Data\html\dynapi\docs\include\dynapi.css",1982,1982,698,1
"4076A4FF2470D287714C9FE6E47B389705D2C8B6","Data\html\dynapi\docs\include\quickref.css",957,957,450,1
"4076A4FF2470D287714C9FE6E47B389705D2C8B6","Data\html\dynapi\examples\datasource-paging.db",6906,6906,852,1
"4076A4FF2470D287714C9FE6E47B389705D2C8B6","Data\html\dynapi\examples\datasource.db",570,570,287,1
"4076A4FF2470D287714C9FE6E47B389705D2C8B6","Data\html\dynapi\examples\demo.cross_frame_access.html",486,486,311,1
"4076A4FF2470D287714C9FE6E47B389705D2C8B6","Data\html\dynapi\examples\demo.cross_frame_access_-_frame1.html",472,472,354,1
"4076A4FF2470D287714C9FE6E47B389705D2C8B6","Data\html\dynapi\examples\demo.cross_frame_access_-_frame2.html",813,813,471,1
"4076A4FF2470D287714C9FE6E47B389705D2C8B6","Data\html\dynapi\examples\demo.dragdrop-collision.html",1313,1313,570,1
"4076A4FF2470D287714C9FE6E47B389705D2C8B6","Data\html\dynapi\examples\demo.dragicon.html",1461,1461,641,1
"4076A4FF2470D287714C9FE6E47B389705D2C8B6","Data\html\dynapi\examples\demo.dragover.html",2632,2632,877,1
"4076A4FF2470D287714C9FE6E47B389705D2C8B6","Data\html\dynapi\examples\demo.dynlayer-attack.html",2339,2339,899,1
"4076A4FF2470D287714C9FE6E47B389705D2C8B6","Data\html\dynapi\examples\demo.dynlayer-dragdraw.html",2556,2556,849,1
"4076A4FF2470D287714C9FE6E47B389705D2C8B6","Data\html\dynapi\examples\demo.oncontentchange.html",1016,1016,510,1
"4076A4FF2470D287714C9FE6E47B389705D2C8B6","Data\html\dynapi\examples\demo.onlocationchange.html",887,887,509,1
"4076A4FF2470D287714C9FE6E47B389705D2C8B6","Data\html\dynapi\examples\demo.slideshow.html",1514,1514,560,1
"4076A4FF2470D287714C9FE6E47B389705D2C8B6","Data\html\dynapi\examples\demo.spaceship-circle.html",1820,1820,699,1
"4076A4FF2470D287714C9FE6E47B389705D2C8B6","Data\html\dynapi\examples\demo.spaceship-path.html",5052,5052,1576,1
"4076A4FF2470D287714C9FE6E47B389705D2C8B6","Data\html\dynapi\examples\demo.template.imageframe.html",4818,4818,1451,1
"4076A4FF2470D287714C9FE6E47B389705D2C8B6","Data\html\dynapi\examples\dynapi.api.dyndocument-addhtml.html",1886,1886,837,1
"4076A4FF2470D287714C9FE6E47B389705D2C8B6","Data\html\dynapi\examples\dynapi.api.dynlayer-anchor-anchoring.html",8373,8373,1542,1
"4076A4FF2470D287714C9FE6E47B389705D2C8B6","Data\html\dynapi\examples\dynapi.api.dynlayer-anchor-ii.html",3504,3504,708,1
"4076A4FF2470D287714C9FE6E47B389705D2C8B6","Data\html\dynapi\examples\dynapi.api.dynlayer-anchor-stretching.html",1953,1953,524,1
"4076A4FF2470D287714C9FE6E47B389705D2C8B6","Data\html\dynapi\examples\dynapi.api.dynlayer-anchor.html",3991,3991,928,1
"4076A4FF2470D287714C9FE6E47B389705D2C8B6","Data\html\dynapi\examples\dynapi.api.dynlayer-autosize.html",1535,1535,781,1
"4076A4FF2470D287714C9FE6E47B389705D2C8B6","Data\html\dynapi\examples\dynapi.api.dynlayer-blackboard.html",967,967,536,1
"4076A4FF2470D287714C9FE6E47B389705D2C8B6","Data\html\dynapi\examples\dynapi.api.dynlayer-create.html",1117,1117,488,1
"4076A4FF2470D287714C9FE6E47B389705D2C8B6","Data\html\dynapi\examples\dynapi.api.dynlayer-destroy.html",1322,1322,573,1
"4076A4FF2470D287714C9FE6E47B389705D2C8B6","Data\html\dynapi\examples\dynapi.api.dynlayer-relative.html",1253,1253,327,1
"4076A4FF2470D287714C9FE6E47B389705D2C8B6","Data\html\dynapi\examples\dynapi.api.dynlayer-slide.html",1210,1210,496,1
"4076A4FF2470D287714C9FE6E47B389705D2C8B6","Data\html\dynapi\examples\dynapi.api.ext.dragevent.html",919,919,458,1
"4076A4FF2470D287714C9FE6E47B389705D2C8B6","Data\html\dynapi\examples\dynapi.api.ext.inline-widget.html",2232,2232,739,1
"4076A4FF2470D287714C9FE6E47B389705D2C8B6","Data\html\dynapi\examples\dynapi.api.ext.inline.html",2394,2394,900,1
"4076A4FF2470D287714C9FE6E47B389705D2C8B6","Data\html\dynapi\examples\dynapi.api.ext.keyevents.html",1412,1412,620,1
"4076A4FF2470D287714C9FE6E47B389705D2C8B6","Data\html\dynapi\examples\dynapi.api.ext.tabmanager1.html",3296,3296,1358,1
"4076A4FF2470D287714C9FE6E47B389705D2C8B6","Data\html\dynapi\examples\dynapi.api.ext.tabmanager2.html",7516,7516,2418,1
"4076A4FF2470D287714C9FE6E47B389705D2C8B6","Data\html\dynapi\examples\dynapi.api.mouseevent.html",7920,7920,1642,1
"4076A4FF2470D287714C9FE6E47B389705D2C8B6","Data\html\dynapi\examples\dynapi.document.capturehotkey.html",965,965,473,1
"4076A4FF2470D287714C9FE6E47B389705D2C8B6","Data\html\dynapi\examples\dynapi.functions.fadecolor.html",1108,1108,486,1
"4076A4FF2470D287714C9FE6E47B389705D2C8B6","Data\html\dynapi\examples\dynapi.functions.getimage.html",615,615,343,1
"4076A4FF2470D287714C9FE6E47B389705D2C8B6","Data\html\dynapi\examples\dynapi.functions.html",2205,2205,856,1
"4076A4FF2470D287714C9FE6E47B389705D2C8B6","Data\html\dynapi\examples\dynapi.functions.imageloader.html",2193,2193,664,1
"4076A4FF2470D287714C9FE6E47B389705D2C8B6","Data\html\dynapi\examples\dynapi.functions.subclassevent.html",1721,1721,734,1
"4076A4FF2470D287714C9FE6E47B389705D2C8B6","Data\html\dynapi\examples\dynapi.fx.bezier.html",3242,3242,1109,1
"4076A4FF2470D287714C9FE6E47B389705D2C8B6","Data\html\dynapi\examples\dynapi.fx.circleanim.html",1789,1789,626,1
"4076A4FF2470D287714C9FE6E47B389705D2C8B6","Data\html\dynapi\examples\dynapi.fx.fader.html",2170,2170,644,1
"4076A4FF2470D287714C9FE6E47B389705D2C8B6","Data\html\dynapi\examples\dynapi.fx.flashsound.html",1958,1958,707,1
"4076A4FF2470D287714C9FE6E47B389705D2C8B6","Data\html\dynapi\examples\dynapi.fx.glideanim.html",2373,2373,728,1
"4076A4FF2470D287714C9FE6E47B389705D2C8B6","Data\html\dynapi\examples\dynapi.fx.hover.html",1554,1554,614,1
"4076A4FF2470D287714C9FE6E47B389705D2C8B6","Data\html\dynapi\examples\dynapi.fx.motionx.html",4181,4181,1438,1
"4076A4FF2470D287714C9FE6E47B389705D2C8B6","Data\html\dynapi\examples\dynapi.fx.pathanim.html",5196,5196,1573,1
"4076A4FF2470D287714C9FE6E47B389705D2C8B6","Data\html\dynapi\examples\dynapi.fx.slideanim.html",1564,1564,545,1
"4076A4FF2470D287714C9FE6E47B389705D2C8B6","Data\html\dynapi\examples\dynapi.fx.snapx.html",6256,6256,1606,1
"4076A4FF2470D287714C9FE6E47B389705D2C8B6","Data\html\dynapi\examples\dynapi.fx.swiper.html",3712,3712,828,1
"4076A4FF2470D287714C9FE6E47B389705D2C8B6","Data\html\dynapi\examples\dynapi.fx.textanim.html",1675,1675,615,1
"4076A4FF2470D287714C9FE6E47B389705D2C8B6","Data\html\dynapi\examples\dynapi.fx.timerx.html",1114,1114,495,1
"4076A4FF2470D287714C9FE6E47B389705D2C8B6","Data\html\dynapi\examples\dynapi.gui.bordermanager-boxfix.html",975,975,464,1
"4076A4FF2470D287714C9FE6E47B389705D2C8B6","Data\html\dynapi\examples\dynapi.gui.bordermanager-inner.html",1468,1468,536,1
"4076A4FF2470D287714C9FE6E47B389705D2C8B6","Data\html\dynapi\examples\dynapi.gui.bordermanager-outer.html",2787,2787,1051,1
"4076A4FF2470D287714C9FE6E47B389705D2C8B6","Data\html\dynapi\examples\dynapi.gui.bordermanager-random.html",1042,1042,478,1
"4076A4FF2470D287714C9FE6E47B389705D2C8B6","Data\html\dynapi\examples\dynapi.gui.button.html",2344,2344,872,1
"4076A4FF2470D287714C9FE6E47B389705D2C8B6","Data\html\dynapi\examples\dynapi.gui.checkbox.html",856,856,376,1
"4076A4FF2470D287714C9FE6E47B389705D2C8B6","Data\html\dynapi\examples\dynapi.gui.explorer.html",2495,2495,898,1
"4076A4FF2470D287714C9FE6E47B389705D2C8B6","Data\html\dynapi\examples\dynapi.gui.focusmanager.html",1633,1633,523,1
"4076A4FF2470D287714C9FE6E47B389705D2C8B6","Data\html\dynapi\examples\dynapi.gui.graphics.html",3589,3589,927,1
"4076A4FF2470D287714C9FE6E47B389705D2C8B6","Data\html\dynapi\examples\dynapi.gui.groupmanager.html",3127,3127,890,1
"4076A4FF2470D287714C9FE6E47B389705D2C8B6","Data\html\dynapi\examples\dynapi.gui.highlighter.html",1145,1145,567,1
"4076A4FF2470D287714C9FE6E47B389705D2C8B6","Data\html\dynapi\examples\dynapi.gui.htmlbutton.html",1059,1059,559,1
"4076A4FF2470D287714C9FE6E47B389705D2C8B6","Data\html\dynapi\examples\dynapi.gui.htmlcalendar.html",1011,1011,514,1
"4076A4FF2470D287714C9FE6E47B389705D2C8B6","Data\html\dynapi\examples\dynapi.gui.htmlcheckbox.html",1003,1003,541,1
"4076A4FF2470D287714C9FE6E47B389705D2C8B6","Data\html\dynapi\examples\dynapi.gui.htmlclock.html",1413,1413,712,1
"4076A4FF2470D287714C9FE6E47B389705D2C8B6","Data\html\dynapi\examples\dynapi.gui.htmlcolorpicker.html",843,843,444,1
"4076A4FF2470D287714C9FE6E47B389705D2C8B6","Data\html\dynapi\examples\dynapi.gui.htmlcontainer.html",918,918,486,1
"4076A4FF2470D287714C9FE6E47B389705D2C8B6","Data\html\dynapi\examples\dynapi.gui.htmldatepicker.html",892,892,484,1
"4076A4FF2470D287714C9FE6E47B389705D2C8B6","Data\html\dynapi\examples\dynapi.gui.htmldropdownmenu.html",1400,1400,692,1
"4076A4FF2470D287714C9FE6E47B389705D2C8B6","Data\html\dynapi\examples\dynapi.gui.htmlfile.html",1210,1210,608,1
"4076A4FF2470D287714C9FE6E47B389705D2C8B6","Data\html\dynapi\examples\dynapi.gui.htmlhyperlink.html",1265,1265,658,1
"4076A4FF2470D287714C9FE6E47B389705D2C8B6","Data\html\dynapi\examples\dynapi.gui.htmllistbox.html",2060,2060,877,1
"4076A4FF2470D287714C9FE6E47B389705D2C8B6","Data\html\dynapi\examples\dynapi.gui.htmlmenu-images.html",4264,4264,1078,1
"4076A4FF2470D287714C9FE6E47B389705D2C8B6","Data\html\dynapi\examples\dynapi.gui.htmlmenu-startmenu.html",3590,3590,1175,1
"4076A4FF2470D287714C9FE6E47B389705D2C8B6","Data\html\dynapi\examples\dynapi.gui.htmlmenu.html",2376,2376,840,1
"4076A4FF2470D287714C9FE6E47B389705D2C8B6","Data\html\dynapi\examples\dynapi.gui.htmlprogressbar.html",1450,1450,714,1
"4076A4FF2470D287714C9FE6E47B389705D2C8B6","Data\html\dynapi\examples\dynapi.gui.htmlradiobutton.html",1447,1447,602,1
"4076A4FF2470D287714C9FE6E47B389705D2C8B6","Data\html\dynapi\examples\dynapi.gui.htmlrollover.html",774,774,412,1
"4076A4FF2470D287714C9FE6E47B389705D2C8B6","Data\html\dynapi\examples\dynapi.gui.htmltextarea.html",1023,1023,537,1
"4076A4FF2470D287714C9FE6E47B389705D2C8B6","Data\html\dynapi\examples\dynapi.gui.htmltextbox.html",1012,1012,534,1
"4076A4FF2470D287714C9FE6E47B389705D2C8B6","Data\html\dynapi\examples\dynapi.gui.imageclip.html",2078,2078,864,1
"4076A4FF2470D287714C9FE6E47B389705D2C8B6","Data\html\dynapi\examples\dynapi.gui.knob.html",714,714,372,1
"4076A4FF2470D287714C9FE6E47B389705D2C8B6","Data\html\dynapi\examples\dynapi.gui.label.html",1900,1900,567,1
"4076A4FF2470D287714C9FE6E47B389705D2C8B6","Data\html\dynapi\examples\dynapi.gui.list.html",1895,1895,640,1
"4076A4FF2470D287714C9FE6E47B389705D2C8B6","Data\html\dynapi\examples\dynapi.gui.listbox.html",2188,2188,958,1
"4076A4FF2470D287714C9FE6E47B389705D2C8B6","Data\html\dynapi\examples\dynapi.gui.loadpanel.html",1184,1184,456,1
"4076A4FF2470D287714C9FE6E47B389705D2C8B6","Data\html\dynapi\examples\dynapi.gui.marquee.html",648,648,363,1
"4076A4FF2470D287714C9FE6E47B389705D2C8B6","Data\html\dynapi\examples\dynapi.gui.panelbar-stacker.html",4481,4481,1086,1
"4076A4FF2470D287714C9FE6E47B389705D2C8B6","Data\html\dynapi\examples\dynapi.gui.progressbar.html",1062,1062,500,1
"4076A4FF2470D287714C9FE6E47B389705D2C8B6","Data\html\dynapi\examples\dynapi.gui.radiobutton.html",920,920,385,1
"4076A4FF2470D287714C9FE6E47B389705D2C8B6","Data\html\dynapi\examples\dynapi.gui.scrollbar.html",2022,2022,714,1
"4076A4FF2470D287714C9FE6E47B389705D2C8B6","Data\html\dynapi\examples\dynapi.gui.templatemanager-htc.html",914,914,493,1
"4076A4FF2470D287714C9FE6E47B389705D2C8B6","Data\html\dynapi\examples\dynapi.gui.templatemanager.html",6384,6384,1920,1
"4076A4FF2470D287714C9FE6E47B389705D2C8B6","Data\html\dynapi\examples\dynapi.gui.tree.html",3152,3152,1029,1
"4076A4FF2470D287714C9FE6E47B389705D2C8B6","Data\html\dynapi\examples\dynapi.gui.viewpane-explorer.html",1704,1704,708,1
"4076A4FF2470D287714C9FE6E47B389705D2C8B6","Data\html\dynapi\examples\dynapi.gui.viewpane-loadpanel.html",911,911,400,1
"4076A4FF2470D287714C9FE6E47B389705D2C8B6","Data\html\dynapi\examples\dynapi.gui.viewpane.html",12572,12572,1822,1
"4076A4FF2470D287714C9FE6E47B389705D2C8B6","Data\html\dynapi\examples\dynapi.library-file1.js",74,74,80,1
"4076A4FF2470D287714C9FE6E47B389705D2C8B6","Data\html\dynapi\examples\dynapi.library-file2.js",74,74,80,1
"4076A4FF2470D287714C9FE6E47B389705D2C8B6","Data\html\dynapi\examples\dynapi.library-load.html",4740,4740,1386,1
"4076A4FF2470D287714C9FE6E47B389705D2C8B6","Data\html\dynapi\examples\dynapi.util.cookie.html",1938,1938,897,1
"4076A4FF2470D287714C9FE6E47B389705D2C8B6","Data\html\dynapi\examples\dynapi.util.datasource-acronyms.html",4198,4198,1732,1
"4076A4FF2470D287714C9FE6E47B389705D2C8B6","Data\html\dynapi\examples\dynapi.util.datasource-forms.asp",5092,5092,1488,1
"4076A4FF2470D287714C9FE6E47B389705D2C8B6","Data\html\dynapi\examples\dynapi.util.datasource-forms.html",13582,13582,2505,1
"4076A4FF2470D287714C9FE6E47B389705D2C8B6","Data\html\dynapi\examples\dynapi.util.datasource-paging.asp",5754,5754,1762,1
"4076A4FF2470D287714C9FE6E47B389705D2C8B6","Data\html\dynapi\examples\dynapi.util.datasource-paging.html",6539,6539,2062,1
"4076A4FF2470D287714C9FE6E47B389705D2C8B6","Data\html\dynapi\examples\dynapi.util.datasource-testfile.html",2492,2492,1112,1
"4076A4FF2470D287714C9FE6E47B389705D2C8B6","Data\html\dynapi\examples\dynapi.util.datasource.html",2721,2721,995,1
"4076A4FF2470D287714C9FE6E47B389705D2C8B6","Data\html\dynapi\examples\dynapi.util.filereader.html",560,560,274,1
"4076A4FF2470D287714C9FE6E47B389705D2C8B6","Data\html\dynapi\examples\dynapi.util.filereader.xml",108,108,103,1
"4076A4FF2470D287714C9FE6E47B389705D2C8B6","Data\html\dynapi\examples\dynapi.util.ioelement-dynamic-code.html",1083,1083,566,1
"4076A4FF2470D287714C9FE6E47B389705D2C8B6","Data\html\dynapi\examples\dynapi.util.ioelement-dynamic-data.html",695,695,414,1
"4076A4FF2470D287714C9FE6E47B389705D2C8B6","Data\html\dynapi\examples\dynapi.util.ioelement-post.html",1994,1994,758,1
"4076A4FF2470D287714C9FE6E47B389705D2C8B6","Data\html\dynapi\examples\dynapi.util.ioelement-postresponse.asp",619,619,406,1
"4076A4FF2470D287714C9FE6E47B389705D2C8B6","Data\html\dynapi\examples\dynapi.util.ioelement-postresponse.php",661,661,417,1
"4076A4FF2470D287714C9FE6E47B389705D2C8B6","Data\html\dynapi\examples\dynapi.util.ioelement-postresponse.pl",915,915,556,1
"4076A4FF2470D287714C9FE6E47B389705D2C8B6","Data\html\dynapi\examples\dynapi.util.ioelement-soda-calc-js.asp",2790,2790,1191,1
"4076A4FF2470D287714C9FE6E47B389705D2C8B6","Data\html\dynapi\examples\dynapi.util.ioelement-soda-calc-vbs.asp",3221,3221,1274,1
"4076A4FF2470D287714C9FE6E47B389705D2C8B6","Data\html\dynapi\examples\dynapi.util.ioelement-soda-calc.php",3319,3319,1215,1
"4076A4FF2470D287714C9FE6E47B389705D2C8B6","Data\html\dynapi\examples\dynapi.util.ioelement-soda-sync.html",2060,2060,807,1
"4076A4FF2470D287714C9FE6E47B389705D2C8B6","Data\html\dynapi\examples\dynapi.util.ioelement-soda-tester-vb.asp",1971,1971,786,1
"4076A4FF2470D287714C9FE6E47B389705D2C8B6","Data\html\dynapi\examples\dynapi.util.ioelement-soda-tester.html",10037,10037,2002,1
"4076A4FF2470D287714C9FE6E47B389705D2C8B6","Data\html\dynapi\examples\dynapi.util.ioelement-soda-tester.php",2119,2119,877,1
"4076A4FF2470D287714C9FE6E47B389705D2C8B6","Data\html\dynapi\examples\dynapi.util.ioelement-soda.html",10002,10002,2008,1
"4076A4FF2470D287714C9FE6E47B389705D2C8B6","Data\html\dynapi\examples\dynapi.util.ioelement-testfile.html",1700,1700,687,1
"4076A4FF2470D287714C9FE6E47B389705D2C8B6","Data\html\dynapi\examples\dynapi.util.ioelement-upload.asp",479,479,263,1
"4076A4FF2470D287714C9FE6E47B389705D2C8B6","Data\html\dynapi\examples\dynapi.util.ioelement-upload.html",2981,2981,1124,1
"4076A4FF2470D287714C9FE6E47B389705D2C8B6","Data\html\dynapi\examples\dynapi.util.ioelement-upload.php",1547,1547,657,1
"4076A4FF2470D287714C9FE6E47B389705D2C8B6","Data\html\dynapi\examples\dynapi.util.ioelement.html",1879,1879,830,1
"4076A4FF2470D287714C9FE6E47B389705D2C8B6","Data\html\dynapi\examples\dynapi.util.stringbuffer.html",1391,1391,598,1
"4076A4FF2470D287714C9FE6E47B389705D2C8B6","Data\html\dynapi\examples\ioelmsrv.jscript.asp",4750,4750,1853,1
"4076A4FF2470D287714C9FE6E47B389705D2C8B6","Data\html\dynapi\examples\ioelmsrv.php",7992,7992,2219,1
"4076A4FF2470D287714C9FE6E47B389705D2C8B6","Data\html\dynapi\examples\ioelmsrv.pl",13897,13897,3614,1
"4076A4FF2470D287714C9FE6E47B389705D2C8B6","Data\html\dynapi\examples\ioelmsrv.pm",8987,8987,2681,1
"4076A4FF2470D287714C9FE6E47B389705D2C8B6","Data\html\dynapi\examples\ioelmsrv.soda.jscript.asp",29660,29660,7429,1
"4076A4FF2470D287714C9FE6E47B389705D2C8B6","Data\html\dynapi\examples\ioelmsrv.soda.php",43322,43322,9099,1
"4076A4FF2470D287714C9FE6E47B389705D2C8B6","Data\html\dynapi\examples\ioelmsrv.soda.pl",25042,25042,7290,1
"4076A4FF2470D287714C9FE6E47B389705D2C8B6","Data\html\dynapi\examples\ioelmsrv.soda.vbscript.asp",33801,33801,8439,1
"4076A4FF2470D287714C9FE6E47B389705D2C8B6","Data\html\dynapi\examples\ioelmsrv.vbscript.asp",6289,6289,2334,1
"4076A4FF2470D287714C9FE6E47B389705D2C8B6","Data\html\dynapi\examples\speedtest.button.html",961,961,450,1
"4076A4FF2470D287714C9FE6E47B389705D2C8B6","Data\html\dynapi\examples\speedtest.checkbox.html",849,849,432,1
"4076A4FF2470D287714C9FE6E47B389705D2C8B6","Data\html\dynapi\examples\speedtest.dynlayer-basic.html",860,860,495,1
"4076A4FF2470D287714C9FE6E47B389705D2C8B6","Data\html\dynapi\examples\speedtest.dynlayer-deep_nest.html",988,988,532,1
"4076A4FF2470D287714C9FE6E47B389705D2C8B6","Data\html\dynapi\examples\speedtest.dynlayer-oncreate.html",1018,1018,522,1
"4076A4FF2470D287714C9FE6E47B389705D2C8B6","Data\html\dynapi\examples\speedtest.dynlayer-setclass-basic.html",1820,1820,877,1
"4076A4FF2470D287714C9FE6E47B389705D2C8B6","Data\html\dynapi\examples\speedtest.dynlayer.inline-basic-blueprint_def.js",44593,44593,885,1
"4076A4FF2470D287714C9FE6E47B389705D2C8B6","Data\html\dynapi\examples\speedtest.dynlayer.inline-basic-blueprint_ns4.js",28593,28593,789,1
"4076A4FF2470D287714C9FE6E47B389705D2C8B6","Data\html\dynapi\examples\speedtest.dynlayer.inline-basic-dom.html",44001,44001,1416,1
"4076A4FF2470D287714C9FE6E47B389705D2C8B6","Data\html\dynapi\examples\speedtest.dynlayer.inline-basic.html",1540,1540,751,1
"4076A4FF2470D287714C9FE6E47B389705D2C8B6","Data\html\dynapi\examples\speedtest.dynlayer.inline-deep_nest-dom.html",22569,22569,1977,1
"4076A4FF2470D287714C9FE6E47B389705D2C8B6","Data\html\dynapi\examples\speedtest.getcontentwidth.dom.html",758,758,421,1
"4076A4FF2470D287714C9FE6E47B389705D2C8B6","Data\html\dynapi\examples\speedtest.knob.html",790,790,390,1
"4076A4FF2470D287714C9FE6E47B389705D2C8B6","Data\html\dynapi\examples\speedtest.listbox.html",923,923,434,1
"4076A4FF2470D287714C9FE6E47B389705D2C8B6","Data\html\dynapi\examples\speedtest.radiobutton.html",858,858,434,1
"4076A4FF2470D287714C9FE6E47B389705D2C8B6","Data\html\dynapi\examples\speedtest.scrollbar.html",790,790,390,1
"4076A4FF2470D287714C9FE6E47B389705D2C8B6","Data\html\dynapi\examples\tip.createwidget.button.html",2683,2683,945,1
"4076A4FF2470D287714C9FE6E47B389705D2C8B6","Data\html\dynapi\examples\upload.asp",4620,4620,1399,1
"4076A4FF2470D287714C9FE6E47B389705D2C8B6","Data\html\dynapi\examples\images\arrowdown.gif",843,843,853,1
"4076A4FF2470D287714C9FE6E47B389705D2C8B6","Data\html\dynapi\examples\images\arrowleft.gif",845,845,855,1
"4076A4FF2470D287714C9FE6E47B389705D2C8B6","Data\html\dynapi\examples\images\arrowright.gif",71,71,80,1
"4076A4FF2470D287714C9FE6E47B389705D2C8B6","Data\html\dynapi\examples\images\arrowup.gif",843,843,853,1
"4076A4FF2470D287714C9FE6E47B389705D2C8B6","Data\html\dynapi\examples\images\bin_full.gif",505,505,438,1
"4076A4FF2470D287714C9FE6E47B389705D2C8B6","Data\html\dynapi\examples\images\bin_off.gif",213,213,222,1
"4076A4FF2470D287714C9FE6E47B389705D2C8B6","Data\html\dynapi\examples\images\bin_on.gif",255,255,260,1
"4076A4FF2470D287714C9FE6E47B389705D2C8B6","Data\html\dynapi\examples\images\blue_back_strip.gif",623,623,530,1
"4076A4FF2470D287714C9FE6E47B389705D2C8B6","Data\html\dynapi\examples\images\btn_contact_off.gif",1589,1589,1584,1
"4076A4FF2470D287714C9FE6E47B389705D2C8B6","Data\html\dynapi\examples\images\btn_contact_on.gif",1595,1595,1590,1
"4076A4FF2470D287714C9FE6E47B389705D2C8B6","Data\html\dynapi\examples\images\btn_delete.gif",424,424,380,1
"4076A4FF2470D287714C9FE6E47B389705D2C8B6","Data\html\dynapi\examples\images\btn_first.gif",409,409,362,1
"4076A4FF2470D287714C9FE6E47B389705D2C8B6","Data\html\dynapi\examples\images\btn_green_on.gif",226,226,207,1
"4076A4FF2470D287714C9FE6E47B389705D2C8B6","Data\html\dynapi\examples\images\btn_home_off.gif",1997,1997,2007,1
"4076A4FF2470D287714C9FE6E47B389705D2C8B6","Data\html\dynapi\examples\images\btn_home_on.gif",1951,1951,1961,1
"4076A4FF2470D287714C9FE6E47B389705D2C8B6","Data\html\dynapi\examples\images\btn_last.gif",410,410,363,1
"4076A4FF2470D287714C9FE6E47B389705D2C8B6","Data\html\dynapi\examples\images\btn_new.gif",456,456,418,1
"4076A4FF2470D287714C9FE6E47B389705D2C8B6","Data\html\dynapi\examples\images\btn_next.gif",402,402,355,1
"4076A4FF2470D287714C9FE6E47B389705D2C8B6","Data\html\dynapi\examples\images\btn_prev.gif",401,401,354,1
"4076A4FF2470D287714C9FE6E47B389705D2C8B6","Data\html\dynapi\examples\images\btn_save.gif",437,437,393,1
"4076A4FF2470D287714C9FE6E47B389705D2C8B6","Data\html\dynapi\examples\images\btn_sbar_off.gif",418,418,428,1
"4076A4FF2470D287714C9FE6E47B389705D2C8B6","Data\html\dynapi\examples\images\btn_sbar_on.gif",411,411,421,1
"4076A4FF2470D287714C9FE6E47B389705D2C8B6","Data\html\dynapi\examples\images\btn_undo.gif",414,414,370,1
"4076A4FF2470D287714C9FE6E47B389705D2C8B6","Data\html\dynapi\examples\images\calc.gif",218,218,221,1
"4076A4FF2470D287714C9FE6E47B389705D2C8B6","Data\html\dynapi\examples\images\colpick.gif",158,158,153,1
"4076A4FF2470D287714C9FE6E47B389705D2C8B6","Data\html\dynapi\examples\images\downsrc.gif",683,683,693,1
"4076A4FF2470D287714C9FE6E47B389705D2C8B6","Data\html\dynapi\examples\images\edge.bm.gif",51,51,60,1
"4076A4FF2470D287714C9FE6E47B389705D2C8B6","Data\html\dynapi\examples\images\edge.bmlt.gif",175,175,141,1
"4076A4FF2470D287714C9FE6E47B389705D2C8B6","Data\html\dynapi\examples\images\edge.bmrt.gif",175,175,141,1
"4076A4FF2470D287714C9FE6E47B389705D2C8B6","Data\html\dynapi\examples\images\edge.lt.gif",51,51,60,1
"4076A4FF2470D287714C9FE6E47B389705D2C8B6","Data\html\dynapi\examples\images\edge.rt.gif",51,51,60,1
"4076A4FF2470D287714C9FE6E47B389705D2C8B6","Data\html\dynapi\examples\images\edge.tp.gif",51,51,60,1
"4076A4FF2470D287714C9FE6E47B389705D2C8B6","Data\html\dynapi\examples\images\edge.tplt.gif",175,175,141,1
"4076A4FF2470D287714C9FE6E47B389705D2C8B6","Data\html\dynapi\examples\images\edge.tprt.gif",174,174,140,1
"4076A4FF2470D287714C9FE6E47B389705D2C8B6","Data\html\dynapi\examples\images\eicon1.gif",351,351,321,1
"4076A4FF2470D287714C9FE6E47B389705D2C8B6","Data\html\dynapi\examples\images\eicon1_off.gif",351,351,321,1
"4076A4FF2470D287714C9FE6E47B389705D2C8B6","Data\html\dynapi\examples\images\eicon2.gif",415,415,425,1
"4076A4FF2470D287714C9FE6E47B389705D2C8B6","Data\html\dynapi\examples\images\eicon3.gif",219,219,223,1
"4076A4FF2470D287714C9FE6E47B389705D2C8B6","Data\html\dynapi\examples\images\envelope.gif",1014,1014,738,1
"4076A4FF2470D287714C9FE6E47B389705D2C8B6","Data\html\dynapi\examples\images\f1-dot.gif",924,924,409,1
"4076A4FF2470D287714C9FE6E47B389705D2C8B6","Data\html\dynapi\examples\images\f1-e.jpg",550,550,444,1
"4076A4FF2470D287714C9FE6E47B389705D2C8B6","Data\html\dynapi\examples\images\f1-n.jpg",656,656,481,1
"4076A4FF2470D287714C9FE6E47B389705D2C8B6","Data\html\dynapi\examples\images\f1-ne.jpg",446,446,397,1
"4076A4FF2470D287714C9FE6E47B389705D2C8B6","Data\html\dynapi\examples\images\f1-nw.jpg",533,533,456,1
"4076A4FF2470D287714C9FE6E47B389705D2C8B6","Data\html\dynapi\examples\images\f1-s.jpg",645,645,356,1
"4076A4FF2470D287714C9FE6E47B389705D2C8B6","Data\html\dynapi\examples\images\f1-se.jpg",418,418,370,1
"4076A4FF2470D287714C9FE6E47B389705D2C8B6","Data\html\dynapi\examples\images\f1-sky.jpg",15392,15392,13894,1
"4076A4FF2470D287714C9FE6E47B389705D2C8B6","Data\html\dynapi\examples\images\f1-skyl.jpg",2669,2669,2599,1
"4076A4FF2470D287714C9FE6E47B389705D2C8B6","Data\html\dynapi\examples\images\f1-skyp.jpg",2051,2051,1986,1
"4076A4FF2470D287714C9FE6E47B389705D2C8B6","Data\html\dynapi\examples\images\f1-sw.jpg",442,442,393,1
"4076A4FF2470D287714C9FE6E47B389705D2C8B6","Data\html\dynapi\examples\images\f1-w.jpg",561,561,408,1
"4076A4FF2470D287714C9FE6E47B389705D2C8B6","Data\html\dynapi\examples\images\file.gif",247,247,226,1
"4076A4FF2470D287714C9FE6E47B389705D2C8B6","Data\html\dynapi\examples\images\htmlcomponents.gif",3557,3557,3551,1
"4076A4FF2470D287714C9FE6E47B389705D2C8B6","Data\html\dynapi\examples\images\left.gif",84,84,93,1
"4076A4FF2470D287714C9FE6E47B389705D2C8B6","Data\html\dynapi\examples\images\menu_programs.gif",597,597,540,1
"4076A4FF2470D287714C9FE6E47B389705D2C8B6","Data\html\dynapi\examples\images\menu_settings.gif",257,257,228,1
"4076A4FF2470D287714C9FE6E47B389705D2C8B6","Data\html\dynapi\examples\images\menu_settings_on.gif",365,365,363,1
"4076A4FF2470D287714C9FE6E47B389705D2C8B6","Data\html\dynapi\examples\images\menu_side.gif",91,91,100,1
"4076A4FF2470D287714C9FE6E47B389705D2C8B6","Data\html\dynapi\examples\images\menu_start.gif",270,270,243,1
"4076A4FF2470D287714C9FE6E47B389705D2C8B6","Data\html\dynapi\examples\images\menu_start_on.gif",273,273,276,1
"4076A4FF2470D287714C9FE6E47B389705D2C8B6","Data\html\dynapi\examples\images\oversrc.gif",474,474,463,1
"4076A4FF2470D287714C9FE6E47B389705D2C8B6","Data\html\dynapi\examples\images\pbar.gif",577,577,498,1
"4076A4FF2470D287714C9FE6E47B389705D2C8B6","Data\html\dynapi\examples\images\penguin_blue.gif",7157,7157,7167,1
"4076A4FF2470D287714C9FE6E47B389705D2C8B6","Data\html\dynapi\examples\images\penguin_red.gif",7146,7146,7156,1
"4076A4FF2470D287714C9FE6E47B389705D2C8B6","Data\html\dynapi\examples\images\pixel.gif",62,62,71,1
"4076A4FF2470D287714C9FE6E47B389705D2C8B6","Data\html\dynapi\examples\images\sbarbg.gif",455,455,465,1
"4076A4FF2470D287714C9FE6E47B389705D2C8B6","Data\html\dynapi\examples\images\ship360.gif",7058,7058,6770,1
"4076A4FF2470D287714C9FE6E47B389705D2C8B6","Data\html\dynapi\examples\images\sndfx.swf",12277,12277,11484,1
"4076A4FF2470D287714C9FE6E47B389705D2C8B6","Data\html\dynapi\examples\images\src.gif",397,397,403,1
"4076A4FF2470D287714C9FE6E47B389705D2C8B6","Data\html\dynapi\examples\images\tree.gif",3348,3348,3358,1
"4076A4FF2470D287714C9FE6E47B389705D2C8B6","Data\html\dynapi\examples\images\uisounds2.swf",16580,16580,11066,1
"4076A4FF2470D287714C9FE6E47B389705D2C8B6","Data\html\dynapi\examples\images\win_max.gif",79,79,88,1
"4076A4FF2470D287714C9FE6E47B389705D2C8B6","Data\html\dynapi\examples\images\win_min.gif",75,75,84,1
"4076A4FF2470D287714C9FE6E47B389705D2C8B6","Data\html\dynapi\examples\loadpanel\file1.html",1513,1513,335,1
"4076A4FF2470D287714C9FE6E47B389705D2C8B6","Data\html\dynapi\examples\loadpanel\file2.html",1863,1863,283,1
"4076A4FF2470D287714C9FE6E47B389705D2C8B6","Data\html\dynapi\examples\loadpanel\file3.html",826,826,322,1
"4076A4FF2470D287714C9FE6E47B389705D2C8B6","Data\html\dynapi\examples\mypackage\myobject1.js",394,394,193,1
"4076A4FF2470D287714C9FE6E47B389705D2C8B6","Data\html\dynapi\examples\mypackage\myobject2.js",144,144,111,1
"4076A4FF2470D287714C9FE6E47B389705D2C8B6","Data\html\dynapi\examples\mypackage\myobject3.js",144,144,111,1
"4076A4FF2470D287714C9FE6E47B389705D2C8B6","Data\html\dynapi\src\dynapi.js",14343,14343,4269,1
"4076A4FF2470D287714C9FE6E47B389705D2C8B6","Data\html\dynapi\src\version.xml",86,86,69,1
"4076A4FF2470D287714C9FE6E47B389705D2C8B6","Data\html\dynapi\src\api\dyndocument.js",7311,7311,2418,1
"4076A4FF2470D287714C9FE6E47B389705D2C8B6","Data\html\dynapi\src\api\dynlayer_base.js",12421,12421,3826,1
"4076A4FF2470D287714C9FE6E47B389705D2C8B6","Data\html\dynapi\src\api\dynlayer_dom.js",4509,4509,1607,1
"4076A4FF2470D287714C9FE6E47B389705D2C8B6","Data\html\dynapi\src\api\dynlayer_ie.js",5850,5850,2016,1
"4076A4FF2470D287714C9FE6E47B389705D2C8B6","Data\html\dynapi\src\api\dynlayer_ns4.js",10030,10030,3089,1
"4076A4FF2470D287714C9FE6E47B389705D2C8B6","Data\html\dynapi\src\api\dynlayer_opera.js",4471,4471,1604,1
"4076A4FF2470D287714C9FE6E47B389705D2C8B6","Data\html\dynapi\src\api\event.js",10580,10580,3123,1
"4076A4FF2470D287714C9FE6E47B389705D2C8B6","Data\html\dynapi\src\api\mouse_dom.js",4618,4618,1378,1
"4076A4FF2470D287714C9FE6E47B389705D2C8B6","Data\html\dynapi\src\api\mouse_ie.js",4062,4062,1359,1
"4076A4FF2470D287714C9FE6E47B389705D2C8B6","Data\html\dynapi\src\api\mouse_ns4.js",6369,6369,1915,1
"4076A4FF2470D287714C9FE6E47B389705D2C8B6","Data\html\dynapi\src\api\ext\dragevent.js",8511,8511,2534,1
"4076A4FF2470D287714C9FE6E47B389705D2C8B6","Data\html\dynapi\src\api\ext\dynkeyevent.js",8203,8203,2519,1
"4076A4FF2470D287714C9FE6E47B389705D2C8B6","Data\html\dynapi\src\api\ext\dynlayer.inline.js",3668,3668,1318,1
"4076A4FF2470D287714C9FE6E47B389705D2C8B6","Data\html\dynapi\src\ext\blueprint.html",700,700,395,1
"4076A4FF2470D287714C9FE6E47B389705D2C8B6","Data\html\dynapi\src\ext\debug.html",7928,7928,2280,1
"4076A4FF2470D287714C9FE6E47B389705D2C8B6","Data\html\dynapi\src\ext\debug.js",7730,7730,2596,1
"4076A4FF2470D287714C9FE6E47B389705D2C8B6","Data\html\dynapi\src\ext\functions.color.js",2303,2303,757,1
"4076A4FF2470D287714C9FE6E47B389705D2C8B6","Data\html\dynapi\src\ext\functions.date.js",3968,3968,1401,1
"4076A4FF2470D287714C9FE6E47B389705D2C8B6","Data\html\dynapi\src\ext\functions.image.js",4458,4458,1696,1
"4076A4FF2470D287714C9FE6E47B389705D2C8B6","Data\html\dynapi\src\ext\functions.math.js",2359,2359,983,1
"4076A4FF2470D287714C9FE6E47B389705D2C8B6","Data\html\dynapi\src\ext\functions.numeric.js",2252,2252,816,1
"4076A4FF2470D287714C9FE6E47B389705D2C8B6","Data\html\dynapi\src\ext\functions.string.js",1069,1069,520,1
"4076A4FF2470D287714C9FE6E47B389705D2C8B6","Data\html\dynapi\src\ext\functions.system.js",2201,2201,782,1
"4076A4FF2470D287714C9FE6E47B389705D2C8B6","Data\html\dynapi\src\ext\library.html",54,54,63,1
"4076A4FF2470D287714C9FE6E47B389705D2C8B6","Data\html\dynapi\src\ext\library.js",6922,6922,2378,1
"4076A4FF2470D287714C9FE6E47B389705D2C8B6","Data\html\dynapi\src\ext\packages.js",7705,7705,1778,1
"4076A4FF2470D287714C9FE6E47B389705D2C8B6","Data\html\dynapi\src\ext\images\debug_icon.gif",267,267,277,1
"4076A4FF2470D287714C9FE6E47B389705D2C8B6","Data\html\dynapi\src\ext\images\debug_imgclear.gif",489,489,436,1
"4076A4FF2470D287714C9FE6E47B389705D2C8B6","Data\html\dynapi\src\ext\images\debug_imgclear_on.gif",514,514,451,1
"4076A4FF2470D287714C9FE6E47B389705D2C8B6","Data\html\dynapi\src\ext\images\debug_imgeval.gif",714,714,682,1
"4076A4FF2470D287714C9FE6E47B389705D2C8B6","Data\html\dynapi\src\ext\images\debug_imgeval_on.gif",795,795,752,1
"4076A4FF2470D287714C9FE6E47B389705D2C8B6","Data\html\dynapi\src\ext\images\debug_imghelp.gif",1043,1043,385,1
"4076A4FF2470D287714C9FE6E47B389705D2C8B6","Data\html\dynapi\src\ext\images\debug_imghelp_down.gif",950,950,242,1
"4076A4FF2470D287714C9FE6E47B389705D2C8B6","Data\html\dynapi\src\ext\images\debug_imghelp_on.gif",1070,1070,406,1
"4076A4FF2470D287714C9FE6E47B389705D2C8B6","Data\html\dynapi\src\ext\images\debug_imginspect.gif",615,615,571,1
"4076A4FF2470D287714C9FE6E47B389705D2C8B6","Data\html\dynapi\src\ext\images\debug_imginspect_on.gif",667,667,618,1
"4076A4FF2470D287714C9FE6E47B389705D2C8B6","Data\html\dynapi\src\ext\images\debug_imgnext.gif",406,406,356,1
"4076A4FF2470D287714C9FE6E47B389705D2C8B6","Data\html\dynapi\src\ext\images\debug_imgnext_on.gif",421,421,359,1
"4076A4FF2470D287714C9FE6E47B389705D2C8B6","Data\html\dynapi\src\ext\images\debug_imgnormal.gif",1032,1032,369,1
"4076A4FF2470D287714C9FE6E47B389705D2C8B6","Data\html\dynapi\src\ext\images\debug_imgnormal_down.gif",940,940,232,1
"4076A4FF2470D287714C9FE6E47B389705D2C8B6","Data\html\dynapi\src\ext\images\debug_imgnormal_on.gif",1054,1054,397,1
"4076A4FF2470D287714C9FE6E47B389705D2C8B6","Data\html\dynapi\src\ext\images\debug_imgprev.gif",408,408,358,1
"4076A4FF2470D287714C9FE6E47B389705D2C8B6","Data\html\dynapi\src\ext\images\debug_imgprev_on.gif",426,426,364,1
"4076A4FF2470D287714C9FE6E47B389705D2C8B6","Data\html\dynapi\src\ext\images\debug_imgreload.gif",444,444,400,1
"4076A4FF2470D287714C9FE6E47B389705D2C8B6","Data\html\dynapi\src\ext\images\debug_imgreload_on.gif",454,454,398,1
"4076A4FF2470D287714C9FE6E47B389705D2C8B6","Data\html\dynapi\src\ext\images\debug_imgwatch.gif",1052,1052,395,1
"4076A4FF2470D287714C9FE6E47B389705D2C8B6","Data\html\dynapi\src\ext\images\debug_imgwatch_down.gif",962,962,261,1
"4076A4FF2470D287714C9FE6E47B389705D2C8B6","Data\html\dynapi\src\ext\images\debug_imgwatch_on.gif",1076,1076,428,1
"4076A4FF2470D287714C9FE6E47B389705D2C8B6","Data\html\dynapi\src\fx\bezier.js",1674,1674,701,1
"4076A4FF2470D287714C9FE6E47B389705D2C8B6","Data\html\dynapi\src\fx\circleanim.js",2625,2625,746,1
"4076A4FF2470D287714C9FE6E47B389705D2C8B6","Data\html\dynapi\src\fx\fader.js",1840,1840,762,1
"4076A4FF2470D287714C9FE6E47B389705D2C8B6","Data\html\dynapi\src\fx\fsound.js",9919,9919,2993,1
"4076A4FF2470D287714C9FE6E47B389705D2C8B6","Data\html\dynapi\src\fx\glideanim.js",2198,2198,832,1
"4076A4FF2470D287714C9FE6E47B389705D2C8B6","Data\html\dynapi\src\fx\hoveranim.js",1606,1606,580,1
"4076A4FF2470D287714C9FE6E47B389705D2C8B6","Data\html\dynapi\src\fx\imganim.js",2511,2511,740,1
"4076A4FF2470D287714C9FE6E47B389705D2C8B6","Data\html\dynapi\src\fx\motionx.js",3522,3522,1153,1
"4076A4FF2470D287714C9FE6E47B389705D2C8B6","Data\html\dynapi\src\fx\pathanim.js",2629,2629,857,1
"4076A4FF2470D287714C9FE6E47B389705D2C8B6","Data\html\dynapi\src\fx\slideanim.js",1027,1027,548,1
"4076A4FF2470D287714C9FE6E47B389705D2C8B6","Data\html\dynapi\src\fx\snapx.js",30477,30477,3481,1
"4076A4FF2470D287714C9FE6E47B389705D2C8B6","Data\html\dynapi\src\fx\swiper.js",5718,5718,1224,1
"4076A4FF2470D287714C9FE6E47B389705D2C8B6","Data\html\dynapi\src\fx\textanim.js",6941,6941,2174,1
"4076A4FF2470D287714C9FE6E47B389705D2C8B6","Data\html\dynapi\src\fx\thread.js",1685,1685,713,1
"4076A4FF2470D287714C9FE6E47B389705D2C8B6","Data\html\dynapi\src\fx\timerx.js",1119,1119,452,1
"4076A4FF2470D287714C9FE6E47B389705D2C8B6","Data\html\dynapi\src\gui\bordermanager.js",5729,5729,1809,1
"4076A4FF2470D287714C9FE6E47B389705D2C8B6","Data\html\dynapi\src\gui\button.flatstyle.js",2892,2892,1049,1
"4076A4FF2470D287714C9FE6E47B389705D2C8B6","Data\html\dynapi\src\gui\button.imagestyle.js",3582,3582,1238,1
"4076A4FF2470D287714C9FE6E47B389705D2C8B6","Data\html\dynapi\src\gui\button.js",1506,1506,638,1
"4076A4FF2470D287714C9FE6E47B389705D2C8B6","Data\html\dynapi\src\gui\button.style.js",3122,3122,1116,1
"4076A4FF2470D287714C9FE6E47B389705D2C8B6","Data\html\dynapi\src\gui\checkbox.js",1846,1846,792,1
"4076A4FF2470D287714C9FE6E47B389705D2C8B6","Data\html\dynapi\src\gui\checkbox.style.js",1753,1753,763,1
"4076A4FF2470D287714C9FE6E47B389705D2C8B6","Data\html\dynapi\src\gui\dynimage.js",1609,1609,607,1
"4076A4FF2470D287714C9FE6E47B389705D2C8B6","Data\html\dynapi\src\gui\explorer.block.style.js",3412,3412,1175,1
"4076A4FF2470D287714C9FE6E47B389705D2C8B6","Data\html\dynapi\src\gui\explorer.js",2684,2684,973,1
"4076A4FF2470D287714C9FE6E47B389705D2C8B6","Data\html\dynapi\src\gui\explorer.style.js",6140,6140,1816,1
"4076A4FF2470D287714C9FE6E47B389705D2C8B6","Data\html\dynapi\src\gui\focusmanager.js",2070,2070,810,1
"4076A4FF2470D287714C9FE6E47B389705D2C8B6","Data\html\dynapi\src\gui\frame.js",5170,5170,1542,1
"4076A4FF2470D287714C9FE6E47B389705D2C8B6","Data\html\dynapi\src\gui\graphics.js",9245,9245,2644,1
"4076A4FF2470D287714C9FE6E47B389705D2C8B6","Data\html\dynapi\src\gui\groupmanager.js",5757,5757,1474,1
"4076A4FF2470D287714C9FE6E47B389705D2C8B6","Data\html\dynapi\src\gui\highlighter.js",2657,2657,1084,1
"4076A4FF2470D287714C9FE6E47B389705D2C8B6","Data\html\dynapi\src\gui\htmlbutton.js",1631,1631,721,1
"4076A4FF2470D287714C9FE6E47B389705D2C8B6","Data\html\dynapi\src\gui\htmlcalendar.js",9351,9351,2915,1
"4076A4FF2470D287714C9FE6E47B389705D2C8B6","Data\html\dynapi\src\gui\htmlcheckbox.js",2179,2179,882,1
"4076A4FF2470D287714C9FE6E47B389705D2C8B6","Data\html\dynapi\src\gui\htmlclock.js",4583,4583,1592,1
"4076A4FF2470D287714C9FE6E47B389705D2C8B6","Data\html\dynapi\src\gui\htmlcolorpicker.js",2248,2248,1013,1
"4076A4FF2470D287714C9FE6E47B389705D2C8B6","Data\html\dynapi\src\gui\htmlcomponent.js",6217,6217,2359,1
"4076A4FF2470D287714C9FE6E47B389705D2C8B6","Data\html\dynapi\src\gui\htmlcontainer.js",4312,4312,1573,1
"4076A4FF2470D287714C9FE6E47B389705D2C8B6","Data\html\dynapi\src\gui\htmldatepicker.js",3968,3968,1527,1
"4076A4FF2470D287714C9FE6E47B389705D2C8B6","Data\html\dynapi\src\gui\htmldropdownmenu.js",713,713,426,1
"4076A4FF2470D287714C9FE6E47B389705D2C8B6","Data\html\dynapi\src\gui\htmlfile.js",1747,1747,790,1
"4076A4FF2470D287714C9FE6E47B389705D2C8B6","Data\html\dynapi\src\gui\htmlhyperlink.js",2225,2225,951,1
"4076A4FF2470D287714C9FE6E47B389705D2C8B6","Data\html\dynapi\src\gui\htmllistbox.js",5022,5022,1691,1
"4076A4FF2470D287714C9FE6E47B389705D2C8B6","Data\html\dynapi\src\gui\htmlmenu.js",13215,13215,4429,1
"4076A4FF2470D287714C9FE6E47B389705D2C8B6","Data\html\dynapi\src\gui\htmlprogressbar.js",2601,2601,1100,1
"4076A4FF2470D287714C9FE6E47B389705D2C8B6","Data\html\dynapi\src\gui\htmlradiobutton.js",2659,2659,960,1
"4076A4FF2470D287714C9FE6E47B389705D2C8B6","Data\html\dynapi\src\gui\htmlrollover.js",1266,1266,608,1
"4076A4FF2470D287714C9FE6E47B389705D2C8B6","Data\html\dynapi\src\gui\htmltextarea.js",3167,3167,1196,1
"4076A4FF2470D287714C9FE6E47B389705D2C8B6","Data\html\dynapi\src\gui\htmltextbox.js",2474,2474,1012,1
"4076A4FF2470D287714C9FE6E47B389705D2C8B6","Data\html\dynapi\src\gui\imageclip.js",4444,4444,1488,1
"4076A4FF2470D287714C9FE6E47B389705D2C8B6","Data\html\dynapi\src\gui\knob.js",679,679,403,1
"4076A4FF2470D287714C9FE6E47B389705D2C8B6","Data\html\dynapi\src\gui\knob.style.js",1017,1017,471,1
"4076A4FF2470D287714C9FE6E47B389705D2C8B6","Data\html\dynapi\src\gui\label.js",3595,3595,1140,1
"4076A4FF2470D287714C9FE6E47B389705D2C8B6","Data\html\dynapi\src\gui\list.js",4714,4714,1323,1
"4076A4FF2470D287714C9FE6E47B389705D2C8B6","Data\html\dynapi\src\gui\listbox.js",10137,10137,2931,1
"4076A4FF2470D287714C9FE6E47B389705D2C8B6","Data\html\dynapi\src\gui\listbox.style.js",1275,1275,599,1
"4076A4FF2470D287714C9FE6E47B389705D2C8B6","Data\html\dynapi\src\gui\loadpanel.js",4316,4316,1632,1
"4076A4FF2470D287714C9FE6E47B389705D2C8B6","Data\html\dynapi\src\gui\marquee.js",2192,2192,895,1
"4076A4FF2470D287714C9FE6E47B389705D2C8B6","Data\html\dynapi\src\gui\marquee.style.js",1045,1045,514,1
"4076A4FF2470D287714C9FE6E47B389705D2C8B6","Data\html\dynapi\src\gui\nodeitem.js",3028,3028,840,1
"4076A4FF2470D287714C9FE6E47B389705D2C8B6","Data\html\dynapi\src\gui\panelbar.js",3688,3688,1035,1
"4076A4FF2470D287714C9FE6E47B389705D2C8B6","Data\html\dynapi\src\gui\progressbar.js",1112,1112,500,1
"4076A4FF2470D287714C9FE6E47B389705D2C8B6","Data\html\dynapi\src\gui\progressbar.style.js",1430,1430,636,1
"4076A4FF2470D287714C9FE6E47B389705D2C8B6","Data\html\dynapi\src\gui\radiobutton.js",2104,2104,867,1
"4076A4FF2470D287714C9FE6E47B389705D2C8B6","Data\html\dynapi\src\gui\radiobutton.style.js",1751,1751,764,1
"4076A4FF2470D287714C9FE6E47B389705D2C8B6","Data\html\dynapi\src\gui\scrollbar.js",6879,6879,2058,1
"4076A4FF2470D287714C9FE6E47B389705D2C8B6","Data\html\dynapi\src\gui\scrollbar.style.js",2499,2499,837,1
"4076A4FF2470D287714C9FE6E47B389705D2C8B6","Data\html\dynapi\src\gui\stacker.js",2757,2757,795,1
"4076A4FF2470D287714C9FE6E47B389705D2C8B6","Data\html\dynapi\src\gui\stylemanager.js",6790,6790,2235,1
"4076A4FF2470D287714C9FE6E47B389705D2C8B6","Data\html\dynapi\src\gui\templmngr.js",6568,6568,2474,1
"4076A4FF2470D287714C9FE6E47B389705D2C8B6","Data\html\dynapi\src\gui\tree.js",14248,14248,3134,1
"4076A4FF2470D287714C9FE6E47B389705D2C8B6","Data\html\dynapi\src\gui\viewpane.js",2185,2185,830,1
"4076A4FF2470D287714C9FE6E47B389705D2C8B6","Data\html\dynapi\src\gui\viewpane.style.js",2495,2495,851,1
"4076A4FF2470D287714C9FE6E47B389705D2C8B6","Data\html\dynapi\src\gui\images\arr_down.gif",55,55,64,1
"4076A4FF2470D287714C9FE6E47B389705D2C8B6","Data\html\dynapi\src\gui\images\arr_left.gif",58,58,67,1
"4076A4FF2470D287714C9FE6E47B389705D2C8B6","Data\html\dynapi\src\gui\images\arr_right.gif",58,58,67,1
"4076A4FF2470D287714C9FE6E47B389705D2C8B6","Data\html\dynapi\src\gui\images\arr_up.gif",55,55,64,1
"4076A4FF2470D287714C9FE6E47B389705D2C8B6","Data\html\dynapi\src\gui\images\btn_off.gif",225,225,212,1
"4076A4FF2470D287714C9FE6E47B389705D2C8B6","Data\html\dynapi\src\gui\images\btn_on.gif",226,226,212,1
"4076A4FF2470D287714C9FE6E47B389705D2C8B6","Data\html\dynapi\src\gui\images\check_off.gif",196,196,174,1
"4076A4FF2470D287714C9FE6E47B389705D2C8B6","Data\html\dynapi\src\gui\images\check_on.gif",210,210,212,1
"4076A4FF2470D287714C9FE6E47B389705D2C8B6","Data\html\dynapi\src\gui\images\corner.gif",360,360,307,1
"4076A4FF2470D287714C9FE6E47B389705D2C8B6","Data\html\dynapi\src\gui\images\menuarrow.gif",65,65,74,1
"4076A4FF2470D287714C9FE6E47B389705D2C8B6","Data\html\dynapi\src\gui\images\pixel.gif",62,62,71,1
"4076A4FF2470D287714C9FE6E47B389705D2C8B6","Data\html\dynapi\src\gui\images\radio_off.gif",219,219,206,1
"4076A4FF2470D287714C9FE6E47B389705D2C8B6","Data\html\dynapi\src\gui\images\radio_on.gif",337,337,290,1
"4076A4FF2470D287714C9FE6E47B389705D2C8B6","Data\html\dynapi\src\gui\images\sbarbg.gif",75,75,84,1
"4076A4FF2470D287714C9FE6E47B389705D2C8B6","Data\html\dynapi\src\gui\images\today.gif",253,253,231,1
"4076A4FF2470D287714C9FE6E47B389705D2C8B6","Data\html\dynapi\src\gui\images\tvw_close.gif",84,84,93,1
"4076A4FF2470D287714C9FE6E47B389705D2C8B6","Data\html\dynapi\src\gui\images\tvw_closelast.gif",82,82,91,1
"4076A4FF2470D287714C9FE6E47B389705D2C8B6","Data\html\dynapi\src\gui\images\tvw_collapse.gif",91,91,100,1
"4076A4FF2470D287714C9FE6E47B389705D2C8B6","Data\html\dynapi\src\gui\images\tvw_expand.gif",97,97,106,1
"4076A4FF2470D287714C9FE6E47B389705D2C8B6","Data\html\dynapi\src\gui\images\tvw_file.gif",89,89,98,1
"4076A4FF2470D287714C9FE6E47B389705D2C8B6","Data\html\dynapi\src\gui\images\tvw_foldclose.gif",130,130,139,1
"4076A4FF2470D287714C9FE6E47B389705D2C8B6","Data\html\dynapi\src\gui\images\tvw_foldopen.gif",126,126,135,1
"4076A4FF2470D287714C9FE6E47B389705D2C8B6","Data\html\dynapi\src\gui\images\tvw_line.gif",70,70,79,1
"4076A4FF2470D287714C9FE6E47B389705D2C8B6","Data\html\dynapi\src\gui\images\tvw_nochildren.gif",72,72,81,1
"4076A4FF2470D287714C9FE6E47B389705D2C8B6","Data\html\dynapi\src\gui\images\tvw_nochildrenlast.gif",67,67,76,1
"4076A4FF2470D287714C9FE6E47B389705D2C8B6","Data\html\dynapi\src\gui\images\tvw_open.gif",86,86,95,1
"4076A4FF2470D287714C9FE6E47B389705D2C8B6","Data\html\dynapi\src\gui\images\tvw_openlast.gif",85,85,94,1
"4076A4FF2470D287714C9FE6E47B389705D2C8B6","Data\html\dynapi\src\gui\images\tvw_white.gif",61,61,70,1
"4076A4FF2470D287714C9FE6E47B389705D2C8B6","Data\html\dynapi\src\util\cookie.js",4515,4515,1598,1
"4076A4FF2470D287714C9FE6E47B389705D2C8B6","Data\html\dynapi\src\util\datasource.js",17963,17963,4498,1
"4076A4FF2470D287714C9FE6E47B389705D2C8B6","Data\html\dynapi\src\util\filereader.js",449,449,298,1
"4076A4FF2470D287714C9FE6E47B389705D2C8B6","Data\html\dynapi\src\util\ioelement.js",12681,12681,4201,1
"4076A4FF2470D287714C9FE6E47B389705D2C8B6","Data\html\dynapi\src\util\ioelement.soda.js",10394,10394,3449,1
"4076A4FF2470D287714C9FE6E47B389705D2C8B6","Data\html\dynapi\src\util\ioelement.sync.js",5068,5068,2070,1
"4076A4FF2470D287714C9FE6E47B389705D2C8B6","Data\html\dynapi\src\util\poolmanager.js",871,871,457,1
"4076A4FF2470D287714C9FE6E47B389705D2C8B6","Data\html\dynapi\src\util\stringbuffer.js",538,538,303,1
"4076A4FF2470D287714C9FE6E47B389705D2C8B6","Data\html\dynapi\src\util\url.class",2140,2140,1202,1
"4076A4FF2470D287714C9FE6E47B389705D2C8B6","Data\html\dynapi\src\util\url.java",1462,1462,660,1
"4076A4FF2470D287714C9FE6E47B389705D2C8B6","Data\html\dynapi\tshoot\10_deep_nesting.html",1509,1509,705,1
"4076A4FF2470D287714C9FE6E47B389705D2C8B6","Data\html\dynapi\tshoot\background_image.html",1463,1463,638,1
"4076A4FF2470D287714C9FE6E47B389705D2C8B6","Data\html\dynapi\tshoot\cancel_navigation.html",1924,1924,697,1
"4076A4FF2470D287714C9FE6E47B389705D2C8B6","Data\html\dynapi\tshoot\click_event_ sethtml.html",1643,1643,546,1
"4076A4FF2470D287714C9FE6E47B389705D2C8B6","Data\html\dynapi\tshoot\click_speed.html",697,697,471,1
"4076A4FF2470D287714C9FE6E47B389705D2C8B6","Data\html\dynapi\tshoot\contentwidth_height.html",1341,1341,572,1
"4076A4FF2470D287714C9FE6E47B389705D2C8B6","Data\html\dynapi\tshoot\destroy_layer.html",705,705,405,1
"4076A4FF2470D287714C9FE6E47B389705D2C8B6","Data\html\dynapi\tshoot\doctype_clientHeight.html",1356,1356,695,1
"4076A4FF2470D287714C9FE6E47B389705D2C8B6","Data\html\dynapi\tshoot\drag_forms.html",1394,1394,647,1
"4076A4FF2470D287714C9FE6E47B389705D2C8B6","Data\html\dynapi\tshoot\drag_frames.html",344,344,244,1
"4076A4FF2470D287714C9FE6E47B389705D2C8B6","Data\html\dynapi\tshoot\drag_large_layer.html",1334,1334,463,1
"4076A4FF2470D287714C9FE6E47B389705D2C8B6","Data\html\dynapi\tshoot\drag_mouse_button_test.html",771,771,387,1
"4076A4FF2470D287714C9FE6E47B389705D2C8B6","Data\html\dynapi\tshoot\inflow_scrollbar.html",4376,4376,1275,1
"4076A4FF2470D287714C9FE6E47B389705D2C8B6","Data\html\dynapi\tshoot\link_and_form_events_NS4.html",3901,3901,1351,1
"4076A4FF2470D287714C9FE6E47B389705D2C8B6","Data\html\dynapi\tshoot\memory_leak_test.html",685,685,383,1
"4076A4FF2470D287714C9FE6E47B389705D2C8B6","Data\html\dynapi\tshoot\mouse_over_out_events.html",1853,1853,827,1
"4076A4FF2470D287714C9FE6E47B389705D2C8B6","Data\html\dynapi\tshoot\multiple_precreate_events.html",1750,1750,817,1
"4076A4FF2470D287714C9FE6E47B389705D2C8B6","Data\html\dynapi\tshoot\precreation_speedtest.html",5438,5438,1058,1
"4076A4FF2470D287714C9FE6E47B389705D2C8B6","Data\html\dynapi\tshoot\secondary_inheritance.html",4720,4720,1796,1
"4076A4FF2470D287714C9FE6E47B389705D2C8B6","Data\html\dynapi\tshoot\z_index_bug.html",2274,2274,788,1
"4076A4FF2470D287714C9FE6E47B389705D2C8B6","Data\html\dynapi\tshoot\_drag_frame1.html",1900,1900,823,1
"4076A4FF2470D287714C9FE6E47B389705D2C8B6","Data\html\dynapi\tshoot\_drag_frame2.html",169,169,149,1
"4076A4FF2470D287714C9FE6E47B389705D2C8B6","Data\html\forum_files\colorschememapping.xml",314,314,204,1
"4076A4FF2470D287714C9FE6E47B389705D2C8B6","Data\html\forum_files\editdata.mso",3009,3009,3019,1
"4076A4FF2470D287714C9FE6E47B389705D2C8B6","Data\html\forum_files\filelist.xml",240,240,147,1
"4076A4FF2470D287714C9FE6E47B389705D2C8B6","Data\html\forum_files\themedata.thmx",3081,3081,2669,1
"4076A4FF2470D287714C9FE6E47B389705D2C8B6","Data\html\graphics\form.css",10690,10690,1225,1
"4076A4FF2470D287714C9FE6E47B389705D2C8B6","Data\html\graphics\news.css",7544,7544,1127,1
"4076A4FF2470D287714C9FE6E47B389705D2C8B6","Data\html\graphics\newsblock.css",4881,4881,1319,1
"4076A4FF2470D287714C9FE6E47B389705D2C8B6","Data\html\graphics\newsItem.css",775,775,380,1
"4076A4FF2470D287714C9FE6E47B389705D2C8B6","Data\html\graphics\slider.css",276,276,162,1
"4076A4FF2470D287714C9FE6E47B389705D2C8B6","Data\html\graphics\standard.css",5310,5310,1150,1
"4076A4FF2470D287714C9FE6E47B389705D2C8B6","Data\html\graphics\style.css",254,254,116,1
"4076A4FF2470D287714C9FE6E47B389705D2C8B6","Data\html\images\announcement.png",3383,3383,3393,1
"4076A4FF2470D287714C9FE6E47B389705D2C8B6","Data\html\images\arrowLeftButton.png",5451,5451,5461,1
"4076A4FF2470D287714C9FE6E47B389705D2C8B6","Data\html\images\arrowLeftButtonHIT.png",5451,5451,5461,1
"4076A4FF2470D287714C9FE6E47B389705D2C8B6","Data\html\images\arrowLeftButtonOP.png",6341,6341,6351,1
"4076A4FF2470D287714C9FE6E47B389705D2C8B6","Data\html\images\arrowLeftButtons.png",7234,7234,7182,1
"4076A4FF2470D287714C9FE6E47B389705D2C8B6","Data\html\images\arrowRightButton.png",5480,5480,5490,1
"4076A4FF2470D287714C9FE6E47B389705D2C8B6","Data\html\images\arrowRightButtonHIT.png",5468,5468,5478,1
"4076A4FF2470D287714C9FE6E47B389705D2C8B6","Data\html\images\arrowRightButtonOP.png",6335,6335,6345,1
"4076A4FF2470D287714C9FE6E47B389705D2C8B6","Data\html\images\arrowRightButtons.png",7219,7219,7167,1
"4076A4FF2470D287714C9FE6E47B389705D2C8B6","Data\html\images\back.png",4362,4362,4372,1
"4076A4FF2470D287714C9FE6E47B389705D2C8B6","Data\html\images\backOP.png",4392,4392,4402,1
"4076A4FF2470D287714C9FE6E47B389705D2C8B6","Data\html\images\collapse.png",3012,3012,3022,1
"4076A4FF2470D287714C9FE6E47B389705D2C8B6","Data\html\images\collapseOP.png",3008,3008,3018,1
"4076A4FF2470D287714C9FE6E47B389705D2C8B6","Data\html\images\combatmap1.png",32593,32593,32603,1
"4076A4FF2470D287714C9FE6E47B389705D2C8B6","Data\html\images\combatshare.png",8375,8375,8245,1
"4076A4FF2470D287714C9FE6E47B389705D2C8B6","Data\html\images\combatshareOP.png",8380,8380,8257,1
"4076A4FF2470D287714C9FE6E47B389705D2C8B6","Data\html\images\containerHeaderBg.png",2861,2861,2871,1
"4076A4FF2470D287714C9FE6E47B389705D2C8B6","Data\html\images\expand.png",3037,3037,3047,1
"4076A4FF2470D287714C9FE6E47B389705D2C8B6","Data\html\images\expandOP.png",3035,3035,3045,1
"4076A4FF2470D287714C9FE6E47B389705D2C8B6","Data\html\images\groupHeaderBg.png",7490,7490,7500,1
"4076A4FF2470D287714C9FE6E47B389705D2C8B6","Data\html\images\hasNew.png",3254,3254,3264,1
"4076A4FF2470D287714C9FE6E47B389705D2C8B6","Data\html\images\hot.png",3299,3299,3309,1
"4076A4FF2470D287714C9FE6E47B389705D2C8B6","Data\html\images\leftArrow.png",1081,1081,1091,1
"4076A4FF2470D287714C9FE6E47B389705D2C8B6","Data\html\images\locked.png",3185,3185,3195,1
"4076A4FF2470D287714C9FE6E47B389705D2C8B6","Data\html\images\map1.png",69929,69929,69941,1
"4076A4FF2470D287714C9FE6E47B389705D2C8B6","Data\html\images\mapshare.png",6974,6974,6832,1
"4076A4FF2470D287714C9FE6E47B389705D2C8B6","Data\html\images\mapshareOP.png",6958,6958,6830,1
"4076A4FF2470D287714C9FE6E47B389705D2C8B6","Data\html\images\newsheader_bg.png",552,552,359,1
"4076A4FF2470D287714C9FE6E47B389705D2C8B6","Data\html\images\noImage.png",6749,6749,6625,1
"4076A4FF2470D287714C9FE6E47B389705D2C8B6","Data\html\images\noImage2.png",6936,6936,6736,1
"4076A4FF2470D287714C9FE6E47B389705D2C8B6","Data\html\images\OnlineArrow.png",5090,5090,5100,1
"4076A4FF2470D287714C9FE6E47B389705D2C8B6","Data\html\images\Online_News_01.png",195282,195282,195297,1
"4076A4FF2470D287714C9FE6E47B389705D2C8B6","Data\html\images\Online_News_02.png",225297,225297,225312,1
"4076A4FF2470D287714C9FE6E47B389705D2C8B6","Data\html\images\Online_News_03.png",251527,251527,251542,1
"4076A4FF2470D287714C9FE6E47B389705D2C8B6","Data\html\images\Online_News_04.png",285304,285304,285322,1
"4076A4FF2470D287714C9FE6E47B389705D2C8B6","Data\html\images\Online_News_05.png",330108,330108,330126,1
"4076A4FF2470D287714C9FE6E47B389705D2C8B6","Data\html\images\Online_News_empty.png",4276,4276,3321,1
"4076A4FF2470D287714C9FE6E47B389705D2C8B6","Data\html\images\Online_News_SmallEmpty.png",3324,3324,3273,1
"4076A4FF2470D287714C9FE6E47B389705D2C8B6","Data\html\images\Online_News_Smalltab01.png",18383,18383,18393,1
"4076A4FF2470D287714C9FE6E47B389705D2C8B6","Data\html\images\Online_News_Smalltab02.png",19062,19062,19072,1
"4076A4FF2470D287714C9FE6E47B389705D2C8B6","Data\html\images\Online_News_Smalltab03.png",21725,21725,21735,1
"4076A4FF2470D287714C9FE6E47B389705D2C8B6","Data\html\images\Online_News_Smalltab04.png",20028,20028,20038,1
"4076A4FF2470D287714C9FE6E47B389705D2C8B6","Data\html\images\Online_News_Smalltab05.png",26087,26087,26097,1
"4076A4FF2470D287714C9FE6E47B389705D2C8B6","Data\html\images\ratingbox.png",5420,5420,5430,1
"4076A4FF2470D287714C9FE6E47B389705D2C8B6","Data\html\images\rightArrow.png",1042,1042,1052,1
"4076A4FF2470D287714C9FE6E47B389705D2C8B6","Data\html\images\sticky.png",3197,3197,3207,1
"4076A4FF2470D287714C9FE6E47B389705D2C8B6","Data\html\index_files\001265482092236.js",15760,15760,1275,1
"4076A4FF2470D287714C9FE6E47B389705D2C8B6","Data\html\index_files\1266168366.js",40301,40301,3819,1
"4076A4FF2470D287714C9FE6E47B389705D2C8B6","Data\html\index_files\agcssss8081014782ssmIP_PLATFORMsslm1260317751000.css",50762,50762,6436,1
"4076A4FF2470D287714C9FE6E47B389705D2C8B6","Data\html\index_files\agcssss8081014782ssmIP_UBBXsslm1260317751000.css",13879,13879,2134,1
"4076A4FF2470D287714C9FE6E47B389705D2C8B6","Data\html\index_files\blank.gif",807,807,405,1
"4076A4FF2470D287714C9FE6E47B389705D2C8B6","Data\html\index_files\eve_constructor.js",56002,56002,14624,1
"4076A4FF2470D287714C9FE6E47B389705D2C8B6","Data\html\index_files\eve_perms_lib.js",10387,10387,2032,1
"4076A4FF2470D287714C9FE6E47B389705D2C8B6","Data\html\index_files\f-01.jpg",27663,27663,27467,1
"4076A4FF2470D287714C9FE6E47B389705D2C8B6","Data\html\index_files\f-02.jpg",1510,1510,1422,1
"4076A4FF2470D287714C9FE6E47B389705D2C8B6","Data\html\index_files\f-03.jpg",4267,4267,4201,1
"4076A4FF2470D287714C9FE6E47B389705D2C8B6","Data\html\index_files\flag-de-over.gif",83,83,88,1
"4076A4FF2470D287714C9FE6E47B389705D2C8B6","Data\html\index_files\flag-fr-over.gif",103,103,112,1
"4076A4FF2470D287714C9FE6E47B389705D2C8B6","Data\html\index_files\flag-it-over.gif",125,125,129,1
"4076A4FF2470D287714C9FE6E47B389705D2C8B6","Data\html\index_files\loading.gif",2983,2983,2842,1
"4076A4FF2470D287714C9FE6E47B389705D2C8B6","Data\html\index_files\privacy_certified-2008.gif",4469,4469,4402,1
"4076A4FF2470D287714C9FE6E47B389705D2C8B6","Data\html\index_files\prototype.js",130413,130413,26593,1
"4076A4FF2470D287714C9FE6E47B389705D2C8B6","Data\html\index_files\stats.gif",43,43,52,1
"4076A4FF2470D287714C9FE6E47B389705D2C8B6","Data\html\index_files\ubbx.js",1473,1473,595,1
"4076A4FF2470D287714C9FE6E47B389705D2C8B6","Data\html\index_files\umon2.js",5065,5065,1712,1
"4076A4FF2470D287714C9FE6E47B389705D2C8B6","Data\html\index_files\urchin.js",23373,23373,6562,1
"4076A4FF2470D287714C9FE6E47B389705D2C8B6","Data\html\posts\post.html",20130,20130,5874,1
"4076A4FF2470D287714C9FE6E47B389705D2C8B6","Data\html\posts\post_files\001266410601525.js",15838,15838,1275,1
"4076A4FF2470D287714C9FE6E47B389705D2C8B6","Data\html\posts\post_files\1266414515.js",40596,40596,3839,1
"4076A4FF2470D287714C9FE6E47B389705D2C8B6","Data\html\posts\post_files\agcssss8081014782ssmIP_PLATFORMsslm1260317751000.css",50762,50762,6436,1
"4076A4FF2470D287714C9FE6E47B389705D2C8B6","Data\html\posts\post_files\agcssss8081014782ssmIP_UBBXsslm1260317751000.css",13879,13879,2134,1
"4076A4FF2470D287714C9FE6E47B389705D2C8B6","Data\html\posts\post_files\blank.gif",807,807,405,1
"4076A4FF2470D287714C9FE6E47B389705D2C8B6","Data\html\posts\post_files\eve_constructor.js",56002,56002,14624,1
"4076A4FF2470D287714C9FE6E47B389705D2C8B6","Data\html\posts\post_files\eve_perms_lib.js",10387,10387,2032,1
"4076A4FF2470D287714C9FE6E47B389705D2C8B6","Data\html\posts\post_files\f-01.jpg",27663,27663,27467,1
"4076A4FF2470D287714C9FE6E47B389705D2C8B6","Data\html\posts\post_files\f-02.jpg",1510,1510,1422,1
"4076A4FF2470D287714C9FE6E47B389705D2C8B6","Data\html\posts\post_files\f-03.jpg",4267,4267,4201,1
"4076A4FF2470D287714C9FE6E47B389705D2C8B6","Data\html\posts\post_files\FemaleWarriorLarge.jpg",2517,2517,2443,1
"4076A4FF2470D287714C9FE6E47B389705D2C8B6","Data\html\posts\post_files\loading.gif",2983,2983,2842,1
"4076A4FF2470D287714C9FE6E47B389705D2C8B6","Data\html\posts\post_files\oc_session_refresh.js",813,813,379,1
"4076A4FF2470D287714C9FE6E47B389705D2C8B6","Data\html\posts\post_files\privacy_certified-2008.gif",4469,4469,4402,1
"4076A4FF2470D287714C9FE6E47B389705D2C8B6","Data\html\posts\post_files\prototype.js",130413,130413,26593,1
"4076A4FF2470D287714C9FE6E47B389705D2C8B6","Data\html\posts\post_files\stats.gif",43,43,52,1
"4076A4FF2470D287714C9FE6E47B389705D2C8B6","Data\html\posts\post_files\ubbx.js",1473,1473,595,1
"4076A4FF2470D287714C9FE6E47B389705D2C8B6","Data\html\posts\post_files\umon2.js",5065,5065,1712,1
"4076A4FF2470D287714C9FE6E47B389705D2C8B6","Data\html\posts\post_files\urchin.js",23373,23373,6562,1
"4076A4FF2470D287714C9FE6E47B389705D2C8B6","Data\html\scripts\common.js",207,207,142,1
"4076A4FF2470D287714C9FE6E47B389705D2C8B6","Data\html\scripts\jquery-1.4.2.min.js",72328,72328,23437,1
"4076A4FF2470D287714C9FE6E47B389705D2C8B6","Data\html\scripts\newsbar.js",5114,5114,1605,1
"4076A4FF2470D287714C9FE6E47B389705D2C8B6","Data\html\scripts\slider.js",3355,3355,1002,1
"4076A4FF2470D287714C9FE6E47B389705D2C8B6","Data\Movie\BH_Logo.wmv",2973936,2973936,2910763,1
"4076A4FF2470D287714C9FE6E47B389705D2C8B6","Data\Movie\Dungeon_Intro.sub",240,240,114,1
"4076A4FF2470D287714C9FE6E47B389705D2C8B6","Data\Movie\Dungeon_Intro.wmv",103319371,103319371,100672189,1
"4076A4FF2470D287714C9FE6E47B389705D2C8B6","Data\Movie\Dungeon_Intro_en-us.wma",2188355,2188355,2109474,1
"4076A4FF2470D287714C9FE6E47B389705D2C8B6","Data\Movie\Endcard.wmv",20221441,20221441,19814272,1
"4076A4FF2470D287714C9FE6E47B389705D2C8B6","Data\Movie\H6_Logo.wmv",3853913,3853913,3817074,1
"4076A4FF2470D287714C9FE6E47B389705D2C8B6","Data\Movie\Intro.sub",306,306,149,1
"4076A4FF2470D287714C9FE6E47B389705D2C8B6","Data\Movie\Intro.wmv",101437187,101437187,101307434,1
"4076A4FF2470D287714C9FE6E47B389705D2C8B6","Data\Movie\Intro_de-de.wma",3146458,3146458,2932065,1
"4076A4FF2470D287714C9FE6E47B389705D2C8B6","Data\Movie\Intro_en-us.wma",3146451,3146451,2933247,1
"4076A4FF2470D287714C9FE6E47B389705D2C8B6","Data\Movie\Intro_es-es.wma",3173302,3173302,2981494,1
"4076A4FF2470D287714C9FE6E47B389705D2C8B6","Data\Movie\Intro_fr-fr.wma",3182254,3182254,2986270,1
"4076A4FF2470D287714C9FE6E47B389705D2C8B6","Data\Movie\Intro_pl-pl.wma",3110666,3110666,2895085,1
"4076A4FF2470D287714C9FE6E47B389705D2C8B6","Data\Movie\Ubisoft_Logo.wmv",4125290,4125290,4043017,1
"4076A4FF2470D287714C9FE6E47B389705D2C8B6","Data\Movie\Virtuos_Logo.wmv",1034295,1034295,508666,1
"4076A4FF2470D287714C9FE6E47B389705D2C8B6","Data\UbisoftGameLauncher\background.jpg",97020,97020,96032,1
"4076A4FF2470D287714C9FE6E47B389705D2C8B6","Data\UbisoftGameLauncher\background_login.jpg",44850,44850,44340,1
"4076A4FF2470D287714C9FE6E47B389705D2C8B6","Data\UbisoftGameLauncher\background_registration.jpg",26847,26847,26857,1
"4076A4FF2470D287714C9FE6E47B389705D2C8B6","Data\UbisoftGameLauncher\gtw.png",62594,62594,62604,1
"4076A4FF2470D287714C9FE6E47B389705D2C8B6","Data\UbisoftGameLauncher\logo.png",37690,37690,37700,1
"4076A4FF2470D287714C9FE6E47B389705D2C8B6","Data\UbisoftGameLauncher\product_config.yml",1924,1924,678,1
"4076A4FF2470D287714C9FE6E47B389705D2C8B6","Data\UbisoftGameLauncher\splash.jpg",18072,18072,18082,1
"4076A4FF2470D287714C9FE6E47B389705D2C8B6","locales\en-US.dll",248616,248616,78966,1
"4076A4FF2470D287714C9FE6E47B389705D2C8B6","Redist\UplayInstaller.exe",24535152,24535152,24157052,1
"4076A4FF2470D287714C9FE6E47B389705D2C8B6","Redist\Miles\mssdsp.flt",56832,56832,18447,1
"4076A4FF2470D287714C9FE6E47B389705D2C8B6","Redist\Miles\msseax.flt",59392,59392,18601,1
"4076A4FF2470D287714C9FE6E47B389705D2C8B6","Redist\Miles\mssmp3.asi",95744,95744,35400,1
"4076A4FF2470D287714C9FE6E47B389705D2C8B6","Resources\de\GameUpdate.de",5742,5742,2123,1
"4076A4FF2470D287714C9FE6E47B389705D2C8B6","Resources\es\GameUpdate.es",6297,6297,2069,1
"4076A4FF2470D287714C9FE6E47B389705D2C8B6","Resources\fr\GameUpdate.fr",6229,6229,2187,1
"4076A4FF2470D287714C9FE6E47B389705D2C8B6","Resources\it\GameUpdate.it",5812,5812,2036,1
"4076A4FF2470D287714C9FE6E47B389705D2C8B6","Resources\nl\GameUpdate.nl",5549,5549,2031,1
"4076A4FF2470D287714C9FE6E47B389705D2C8B6","Resources\uk\GameUpdate.uk",5016,5016,1907,1
"4076A4FF2470D287714C9FE6E47B389705D2C8B6","Resources\us\GameUpdate.us",5016,5016,1907,1
"4076A4FF2470D287714C9FE6E47B389705D2C8B6","Support\inst\cp_manual.bat",581,581,312,1
"4076A4FF2470D287714C9FE6E47B389705D2C8B6","Support\inst\inst_files.exe",15464,15464,8453,1
"4076A4FF2470D287714C9FE6E47B389705D2C8B6","Support\inst\delete_manual.bat",151,151,116,1
"4076A4FF2470D287714C9FE6E47B389705D2C8B6","Support\inst\vcredist_x86.exe",4216840,4216840,4193729,1
"4076A4FF2470D287714C9FE6E47B389705D2C8B6","Support\inst\VC_redist.x86.exe",6876208,6876208,6596926,1
"4076A4FF2470D287714C9FE6E47B389705D2C8B6","Support\inst\VC_redist.x64.exe",18558944,18558944,18204816,1
"4076A4FF2470D287714C9FE6E47B389705D2C8B6","Support\inst\mu_visual_cpp_2015_redistributable_update_3_x86_9052536.exe",14458272,14458272,14027436,1
"4076A4FF2470D287714C9FE6E47B389705D2C8B6","Support\inst\mu_visual_cpp_2015_redistributable_update_3_x64_9052538.exe",15302984,15302984,14872912,1
"4076A4FF2470D287714C9FE6E47B389705D2C8B6","Support\inst\vcredist_x86_2010_sp1.exe",4995416,4995416,4971194,1
"4076A4FF2470D287714C9FE6E47B389705D2C8B6","Support\inst\DirectX\Apr2005_d3dx9_25_x64.cab",1347354,1347354,1344746,1
"4076A4FF2470D287714C9FE6E47B389705D2C8B6","Support\inst\DirectX\Apr2005_d3dx9_25_x86.cab",1078962,1078962,1073852,1
"4076A4FF2470D287714C9FE6E47B389705D2C8B6","Support\inst\DirectX\Apr2006_d3dx9_30_x64.cab",1397830,1397830,1395169,1
"4076A4FF2470D287714C9FE6E47B389705D2C8B6","Support\inst\DirectX\Apr2006_d3dx9_30_x86.cab",1115221,1115221,1110400,1
"4076A4FF2470D287714C9FE6E47B389705D2C8B6","Support\inst\DirectX\Apr2006_MDX1_x86.cab",916430,916430,909712,1
"4076A4FF2470D287714C9FE6E47B389705D2C8B6","Support\inst\DirectX\Apr2006_MDX1_x86_Archive.cab",4162630,4162630,4153060,1
"4076A4FF2470D287714C9FE6E47B389705D2C8B6","Support\inst\DirectX\Apr2006_XACT_x64.cab",179133,179133,177074,1
"4076A4FF2470D287714C9FE6E47B389705D2C8B6","Support\inst\DirectX\Apr2006_XACT_x86.cab",133103,133103,130857,1
"4076A4FF2470D287714C9FE6E47B389705D2C8B6","Support\inst\DirectX\Apr2006_xinput_x64.cab",87101,87101,84983,1
"4076A4FF2470D287714C9FE6E47B389705D2C8B6","Support\inst\DirectX\Apr2006_xinput_x86.cab",46010,46010,43856,1
"4076A4FF2470D287714C9FE6E47B389705D2C8B6","Support\inst\DirectX\APR2007_d3dx10_33_x64.cab",698612,698612,696489,1
"4076A4FF2470D287714C9FE6E47B389705D2C8B6","Support\inst\DirectX\APR2007_d3dx10_33_x86.cab",695865,695865,693776,1
"4076A4FF2470D287714C9FE6E47B389705D2C8B6","Support\inst\DirectX\APR2007_d3dx9_33_x64.cab",1607358,1607358,1604465,1
"4076A4FF2470D287714C9FE6E47B389705D2C8B6","Support\inst\DirectX\APR2007_d3dx9_33_x86.cab",1606039,1606039,1600905,1
"4076A4FF2470D287714C9FE6E47B389705D2C8B6","Support\inst\DirectX\APR2007_XACT_x64.cab",195766,195766,193696,1
"4076A4FF2470D287714C9FE6E47B389705D2C8B6","Support\inst\DirectX\APR2007_XACT_x86.cab",151225,151225,149126,1
"4076A4FF2470D287714C9FE6E47B389705D2C8B6","Support\inst\DirectX\APR2007_xinput_x64.cab",96817,96817,94650,1
"4076A4FF2470D287714C9FE6E47B389705D2C8B6","Support\inst\DirectX\APR2007_xinput_x86.cab",53302,53302,51111,1
"4076A4FF2470D287714C9FE6E47B389705D2C8B6","Support\inst\DirectX\Aug2005_d3dx9_27_x64.cab",1350542,1350542,1348497,1
"4076A4FF2470D287714C9FE6E47B389705D2C8B6","Support\inst\DirectX\Aug2005_d3dx9_27_x86.cab",1077644,1077644,1072824,1
"4076A4FF2470D287714C9FE6E47B389705D2C8B6","Support\inst\DirectX\AUG2006_XACT_x64.cab",182903,182903,180849,1
"4076A4FF2470D287714C9FE6E47B389705D2C8B6","Support\inst\DirectX\AUG2006_XACT_x86.cab",137235,137235,135125,1
"4076A4FF2470D287714C9FE6E47B389705D2C8B6","Support\inst\DirectX\AUG2006_xinput_x64.cab",87142,87142,85003,1
"4076A4FF2470D287714C9FE6E47B389705D2C8B6","Support\inst\DirectX\AUG2006_xinput_x86.cab",46058,46058,43898,1
"4076A4FF2470D287714C9FE6E47B389705D2C8B6","Support\inst\DirectX\AUG2007_d3dx10_35_x64.cab",852286,852286,850191,1
"4076A4FF2470D287714C9FE6E47B389705D2C8B6","Support\inst\DirectX\AUG2007_d3dx10_35_x86.cab",796867,796867,794261,1
"4076A4FF2470D287714C9FE6E47B389705D2C8B6","Support\inst\DirectX\AUG2007_d3dx9_35_x64.cab",1800160,1800160,1797978,1
"4076A4FF2470D287714C9FE6E47B389705D2C8B6","Support\inst\DirectX\AUG2007_d3dx9_35_x86.cab",1708152,1708152,1703041,1
"4076A4FF2470D287714C9FE6E47B389705D2C8B6","Support\inst\DirectX\AUG2007_XACT_x64.cab",198096,198096,196036,1
"4076A4FF2470D287714C9FE6E47B389705D2C8B6","Support\inst\DirectX\AUG2007_XACT_x86.cab",153012,153012,150926,1
"4076A4FF2470D287714C9FE6E47B389705D2C8B6","Support\inst\DirectX\Aug2008_d3dx10_39_x64.cab",867612,867612,864799,1
"4076A4FF2470D287714C9FE6E47B389705D2C8B6","Support\inst\DirectX\Aug2008_d3dx10_39_x86.cab",849167,849167,846363,1
"4076A4FF2470D287714C9FE6E47B389705D2C8B6","Support\inst\DirectX\Aug2008_d3dx9_39_x64.cab",1794084,1794084,1790639,1
"4076A4FF2470D287714C9FE6E47B389705D2C8B6","Support\inst\DirectX\Aug2008_d3dx9_39_x86.cab",1464672,1464672,1462614,1
"4076A4FF2470D287714C9FE6E47B389705D2C8B6","Support\inst\DirectX\Aug2008_XACT_x64.cab",121772,121772,119651,1
"4076A4FF2470D287714C9FE6E47B389705D2C8B6","Support\inst\DirectX\Aug2008_XACT_x86.cab",92996,92996,90824,1
"4076A4FF2470D287714C9FE6E47B389705D2C8B6","Support\inst\DirectX\Aug2008_XAudio_x64.cab",271412,271412,269314,1
"4076A4FF2470D287714C9FE6E47B389705D2C8B6","Support\inst\DirectX\Aug2008_XAudio_x86.cab",271038,271038,268891,1
"4076A4FF2470D287714C9FE6E47B389705D2C8B6","Support\inst\DirectX\Aug2009_D3DCompiler_42_x64.cab",919044,919044,911897,1
"4076A4FF2470D287714C9FE6E47B389705D2C8B6","Support\inst\DirectX\Aug2009_D3DCompiler_42_x86.cab",900598,900598,895301,1
"4076A4FF2470D287714C9FE6E47B389705D2C8B6","Support\inst\DirectX\Aug2009_d3dcsx_42_x64.cab",3112111,3112111,3109994,1
"4076A4FF2470D287714C9FE6E47B389705D2C8B6","Support\inst\DirectX\Aug2009_d3dcsx_42_x86.cab",3319740,3319740,3315672,1
"4076A4FF2470D287714C9FE6E47B389705D2C8B6","Support\inst\DirectX\Aug2009_d3dx10_42_x64.cab",232635,232635,230581,1
"4076A4FF2470D287714C9FE6E47B389705D2C8B6","Support\inst\DirectX\Aug2009_d3dx10_42_x86.cab",192131,192131,190003,1
"4076A4FF2470D287714C9FE6E47B389705D2C8B6","Support\inst\DirectX\Aug2009_d3dx11_42_x64.cab",136301,136301,134308,1
"4076A4FF2470D287714C9FE6E47B389705D2C8B6","Support\inst\DirectX\Aug2009_d3dx11_42_x86.cab",105044,105044,102815,1
"4076A4FF2470D287714C9FE6E47B389705D2C8B6","Support\inst\DirectX\Aug2009_d3dx9_42_x64.cab",930116,930116,927088,1
"4076A4FF2470D287714C9FE6E47B389705D2C8B6","Support\inst\DirectX\Aug2009_d3dx9_42_x86.cab",728456,728456,725096,1
"4076A4FF2470D287714C9FE6E47B389705D2C8B6","Support\inst\DirectX\Aug2009_XACT_x64.cab",122408,122408,120284,1
"4076A4FF2470D287714C9FE6E47B389705D2C8B6","Support\inst\DirectX\Aug2009_XACT_x86.cab",93106,93106,90971,1
"4076A4FF2470D287714C9FE6E47B389705D2C8B6","Support\inst\DirectX\Aug2009_XAudio_x64.cab",273264,273264,271171,1
"4076A4FF2470D287714C9FE6E47B389705D2C8B6","Support\inst\DirectX\Aug2009_XAudio_x86.cab",272642,272642,270536,1
"4076A4FF2470D287714C9FE6E47B389705D2C8B6","Support\inst\DirectX\Dec2005_d3dx9_28_x64.cab",1357976,1357976,1355241,1
"4076A4FF2470D287714C9FE6E47B389705D2C8B6","Support\inst\DirectX\Dec2005_d3dx9_28_x86.cab",1079456,1079456,1074583,1
"4076A4FF2470D287714C9FE6E47B389705D2C8B6","Support\inst\DirectX\DEC2006_d3dx10_00_x64.cab",212807,212807,210722,1
"4076A4FF2470D287714C9FE6E47B389705D2C8B6","Support\inst\DirectX\DEC2006_d3dx10_00_x86.cab",191720,191720,189577,1
"4076A4FF2470D287714C9FE6E47B389705D2C8B6","Support\inst\DirectX\DEC2006_d3dx9_32_x64.cab",1571154,1571154,1568392,1
"4076A4FF2470D287714C9FE6E47B389705D2C8B6","Support\inst\DirectX\DEC2006_d3dx9_32_x86.cab",1574376,1574376,1569492,1
"4076A4FF2470D287714C9FE6E47B389705D2C8B6","Support\inst\DirectX\DEC2006_XACT_x64.cab",192475,192475,190396,1
"4076A4FF2470D287714C9FE6E47B389705D2C8B6","Support\inst\DirectX\DEC2006_XACT_x86.cab",145599,145599,143505,1
"4076A4FF2470D287714C9FE6E47B389705D2C8B6","Support\inst\DirectX\DSETUP.dll",89944,89944,44094,1
"4076A4FF2470D287714C9FE6E47B389705D2C8B6","Support\inst\DirectX\dsetup32.dll",1801048,1801048,137063,1
"4076A4FF2470D287714C9FE6E47B389705D2C8B6","Support\inst\DirectX\dxdllreg_x86.cab",42410,42410,40270,1
"4076A4FF2470D287714C9FE6E47B389705D2C8B6","Support\inst\DirectX\DXSETUP.exe",537432,537432,91493,1
"4076A4FF2470D287714C9FE6E47B389705D2C8B6","Support\inst\DirectX\dxupdate.cab",94011,94011,91771,1
"4076A4FF2470D287714C9FE6E47B389705D2C8B6","Support\inst\DirectX\Feb2005_d3dx9_24_x64.cab",1247499,1247499,1244913,1
"4076A4FF2470D287714C9FE6E47B389705D2C8B6","Support\inst\DirectX\Feb2005_d3dx9_24_x86.cab",1013225,1013225,1008342,1
"4076A4FF2470D287714C9FE6E47B389705D2C8B6","Support\inst\DirectX\Feb2006_d3dx9_29_x64.cab",1362796,1362796,1360194,1
"4076A4FF2470D287714C9FE6E47B389705D2C8B6","Support\inst\DirectX\Feb2006_d3dx9_29_x86.cab",1084720,1084720,1079671,1
"4076A4FF2470D287714C9FE6E47B389705D2C8B6","Support\inst\DirectX\Feb2006_XACT_x64.cab",178359,178359,176285,1
"4076A4FF2470D287714C9FE6E47B389705D2C8B6","Support\inst\DirectX\Feb2006_XACT_x86.cab",132409,132409,130142,1
"4076A4FF2470D287714C9FE6E47B389705D2C8B6","Support\inst\DirectX\FEB2007_XACT_x64.cab",194675,194675,192610,1
"4076A4FF2470D287714C9FE6E47B389705D2C8B6","Support\inst\DirectX\FEB2007_XACT_x86.cab",147983,147983,145887,1
"4076A4FF2470D287714C9FE6E47B389705D2C8B6","Support\inst\DirectX\Feb2010_X3DAudio_x64.cab",54678,54678,52477,1
"4076A4FF2470D287714C9FE6E47B389705D2C8B6","Support\inst\DirectX\Feb2010_X3DAudio_x86.cab",20713,20713,18464,1
"4076A4FF2470D287714C9FE6E47B389705D2C8B6","Support\inst\DirectX\Feb2010_XACT_x64.cab",122446,122446,120323,1
"4076A4FF2470D287714C9FE6E47B389705D2C8B6","Support\inst\DirectX\Feb2010_XACT_x86.cab",93180,93180,91043,1
"4076A4FF2470D287714C9FE6E47B389705D2C8B6","Support\inst\DirectX\Feb2010_XAudio_x64.cab",276960,276960,274871,1
"4076A4FF2470D287714C9FE6E47B389705D2C8B6","Support\inst\DirectX\Feb2010_XAudio_x86.cab",277191,277191,275079,1
"4076A4FF2470D287714C9FE6E47B389705D2C8B6","Support\inst\DirectX\Jun2005_d3dx9_26_x64.cab",1336002,1336002,1333311,1
"4076A4FF2470D287714C9FE6E47B389705D2C8B6","Support\inst\DirectX\Jun2005_d3dx9_26_x86.cab",1064925,1064925,1059886,1
"4076A4FF2470D287714C9FE6E47B389705D2C8B6","Support\inst\DirectX\JUN2006_XACT_x64.cab",180785,180785,178734,1
"4076A4FF2470D287714C9FE6E47B389705D2C8B6","Support\inst\DirectX\JUN2006_XACT_x86.cab",133671,133671,131426,1
"4076A4FF2470D287714C9FE6E47B389705D2C8B6","Support\inst\DirectX\JUN2007_d3dx10_34_x64.cab",699044,699044,696968,1
"4076A4FF2470D287714C9FE6E47B389705D2C8B6","Support\inst\DirectX\JUN2007_d3dx10_34_x86.cab",698472,698472,696399,1
"4076A4FF2470D287714C9FE6E47B389705D2C8B6","Support\inst\DirectX\JUN2007_d3dx9_34_x64.cab",1607774,1607774,1605073,1
"4076A4FF2470D287714C9FE6E47B389705D2C8B6","Support\inst\DirectX\JUN2007_d3dx9_34_x86.cab",1607286,1607286,1602106,1
"4076A4FF2470D287714C9FE6E47B389705D2C8B6","Support\inst\DirectX\JUN2007_XACT_x64.cab",197122,197122,195038,1
"4076A4FF2470D287714C9FE6E47B389705D2C8B6","Support\inst\DirectX\JUN2007_XACT_x86.cab",152909,152909,150823,1
"4076A4FF2470D287714C9FE6E47B389705D2C8B6","Support\inst\DirectX\JUN2008_d3dx10_38_x64.cab",867828,867828,865090,1
"4076A4FF2470D287714C9FE6E47B389705D2C8B6","Support\inst\DirectX\JUN2008_d3dx10_38_x86.cab",849919,849919,847157,1
"4076A4FF2470D287714C9FE6E47B389705D2C8B6","Support\inst\DirectX\JUN2008_d3dx9_38_x64.cab",1792608,1792608,1789147,1
"4076A4FF2470D287714C9FE6E47B389705D2C8B6","Support\inst\DirectX\JUN2008_d3dx9_38_x86.cab",1463878,1463878,1460611,1
"4076A4FF2470D287714C9FE6E47B389705D2C8B6","Support\inst\DirectX\JUN2008_X3DAudio_x64.cab",55154,55154,52952,1
"4076A4FF2470D287714C9FE6E47B389705D2C8B6","Support\inst\DirectX\JUN2008_X3DAudio_x86.cab",21905,21905,19681,1
"4076A4FF2470D287714C9FE6E47B389705D2C8B6","Support\inst\DirectX\JUN2008_XACT_x64.cab",121054,121054,118920,1
"4076A4FF2470D287714C9FE6E47B389705D2C8B6","Support\inst\DirectX\JUN2008_XACT_x86.cab",93128,93128,90976,1
"4076A4FF2470D287714C9FE6E47B389705D2C8B6","Support\inst\DirectX\JUN2008_XAudio_x64.cab",269628,269628,267524,1
"4076A4FF2470D287714C9FE6E47B389705D2C8B6","Support\inst\DirectX\JUN2008_XAudio_x86.cab",269024,269024,266917,1
"4076A4FF2470D287714C9FE6E47B389705D2C8B6","Support\inst\DirectX\Jun2010_D3DCompiler_43_x64.cab",944460,944460,942381,1
"4076A4FF2470D287714C9FE6E47B389705D2C8B6","Support\inst\DirectX\Jun2010_D3DCompiler_43_x86.cab",931471,931471,928562,1
"4076A4FF2470D287714C9FE6E47B389705D2C8B6","Support\inst\DirectX\Jun2010_d3dcsx_43_x64.cab",752783,752783,748290,1
"4076A4FF2470D287714C9FE6E47B389705D2C8B6","Support\inst\DirectX\Jun2010_d3dcsx_43_x86.cab",762188,762188,752535,1
"4076A4FF2470D287714C9FE6E47B389705D2C8B6","Support\inst\DirectX\Jun2010_d3dx10_43_x64.cab",235955,235955,233866,1
"4076A4FF2470D287714C9FE6E47B389705D2C8B6","Support\inst\DirectX\Jun2010_d3dx10_43_x86.cab",197283,197283,195103,1
"4076A4FF2470D287714C9FE6E47B389705D2C8B6","Support\inst\DirectX\Jun2010_d3dx11_43_x64.cab",138205,138205,136096,1
"4076A4FF2470D287714C9FE6E47B389705D2C8B6","Support\inst\DirectX\Jun2010_d3dx11_43_x86.cab",109445,109445,107204,1
"4076A4FF2470D287714C9FE6E47B389705D2C8B6","Support\inst\DirectX\Jun2010_d3dx9_43_x64.cab",937246,937246,934422,1
"4076A4FF2470D287714C9FE6E47B389705D2C8B6","Support\inst\DirectX\Jun2010_d3dx9_43_x86.cab",768036,768036,764920,1
"4076A4FF2470D287714C9FE6E47B389705D2C8B6","Support\inst\DirectX\Jun2010_XACT_x64.cab",124596,124596,122473,1
"4076A4FF2470D287714C9FE6E47B389705D2C8B6","Support\inst\DirectX\Jun2010_XACT_x86.cab",93686,93686,91545,1
"4076A4FF2470D287714C9FE6E47B389705D2C8B6","Support\inst\DirectX\Jun2010_XAudio_x64.cab",277338,277338,275253,1
"4076A4FF2470D287714C9FE6E47B389705D2C8B6","Support\inst\DirectX\Jun2010_XAudio_x86.cab",278060,278060,275939,1
"4076A4FF2470D287714C9FE6E47B389705D2C8B6","Support\inst\DirectX\Mar2008_d3dx10_37_x64.cab",844884,844884,842194,1
"4076A4FF2470D287714C9FE6E47B389705D2C8B6","Support\inst\DirectX\Mar2008_d3dx10_37_x86.cab",818260,818260,815183,1
"4076A4FF2470D287714C9FE6E47B389705D2C8B6","Support\inst\DirectX\Mar2008_d3dx9_37_x64.cab",1769862,1769862,1766200,1
"4076A4FF2470D287714C9FE6E47B389705D2C8B6","Support\inst\DirectX\Mar2008_d3dx9_37_x86.cab",1443282,1443282,1439867,1
"4076A4FF2470D287714C9FE6E47B389705D2C8B6","Support\inst\DirectX\Mar2008_X3DAudio_x64.cab",55058,55058,52851,1
"4076A4FF2470D287714C9FE6E47B389705D2C8B6","Support\inst\DirectX\Mar2008_X3DAudio_x86.cab",21867,21867,19616,1
"4076A4FF2470D287714C9FE6E47B389705D2C8B6","Support\inst\DirectX\Mar2008_XACT_x64.cab",122336,122336,120202,1
"4076A4FF2470D287714C9FE6E47B389705D2C8B6","Support\inst\DirectX\Mar2008_XACT_x86.cab",93734,93734,91589,1
"4076A4FF2470D287714C9FE6E47B389705D2C8B6","Support\inst\DirectX\Mar2008_XAudio_x64.cab",251194,251194,249162,1
"4076A4FF2470D287714C9FE6E47B389705D2C8B6","Support\inst\DirectX\Mar2008_XAudio_x86.cab",226250,226250,224152,1
"4076A4FF2470D287714C9FE6E47B389705D2C8B6","Support\inst\DirectX\Mar2009_d3dx10_41_x64.cab",1067160,1067160,1060562,1
"4076A4FF2470D287714C9FE6E47B389705D2C8B6","Support\inst\DirectX\Mar2009_d3dx10_41_x86.cab",1040745,1040745,1035703,1
"4076A4FF2470D287714C9FE6E47B389705D2C8B6","Support\inst\DirectX\Mar2009_d3dx9_41_x64.cab",1973702,1973702,1965972,1
"4076A4FF2470D287714C9FE6E47B389705D2C8B6","Support\inst\DirectX\Mar2009_d3dx9_41_x86.cab",1612446,1612446,1607992,1
"4076A4FF2470D287714C9FE6E47B389705D2C8B6","Support\inst\DirectX\Mar2009_X3DAudio_x64.cab",54600,54600,52391,1
"4076A4FF2470D287714C9FE6E47B389705D2C8B6","Support\inst\DirectX\Mar2009_X3DAudio_x86.cab",21298,21298,19078,1
"4076A4FF2470D287714C9FE6E47B389705D2C8B6","Support\inst\DirectX\Mar2009_XACT_x64.cab",121506,121506,119420,1
"4076A4FF2470D287714C9FE6E47B389705D2C8B6","Support\inst\DirectX\Mar2009_XACT_x86.cab",92740,92740,90591,1
"4076A4FF2470D287714C9FE6E47B389705D2C8B6","Support\inst\DirectX\Mar2009_XAudio_x64.cab",275044,275044,272953,1
"4076A4FF2470D287714C9FE6E47B389705D2C8B6","Support\inst\DirectX\Mar2009_XAudio_x86.cab",273018,273018,270882,1
"4076A4FF2470D287714C9FE6E47B389705D2C8B6","Support\inst\DirectX\Nov2007_d3dx10_36_x64.cab",864600,864600,862545,1
"4076A4FF2470D287714C9FE6E47B389705D2C8B6","Support\inst\DirectX\Nov2007_d3dx10_36_x86.cab",803884,803884,801800,1
"4076A4FF2470D287714C9FE6E47B389705D2C8B6","Support\inst\DirectX\Nov2007_d3dx9_36_x64.cab",1802058,1802058,1799819,1
"4076A4FF2470D287714C9FE6E47B389705D2C8B6","Support\inst\DirectX\Nov2007_d3dx9_36_x86.cab",1709360,1709360,1704024,1
"4076A4FF2470D287714C9FE6E47B389705D2C8B6","Support\inst\DirectX\NOV2007_X3DAudio_x64.cab",46144,46144,43941,1
"4076A4FF2470D287714C9FE6E47B389705D2C8B6","Support\inst\DirectX\NOV2007_X3DAudio_x86.cab",18496,18496,16258,1
"4076A4FF2470D287714C9FE6E47B389705D2C8B6","Support\inst\DirectX\NOV2007_XACT_x64.cab",196762,196762,194700,1
"4076A4FF2470D287714C9FE6E47B389705D2C8B6","Support\inst\DirectX\NOV2007_XACT_x86.cab",148264,148264,146169,1
"4076A4FF2470D287714C9FE6E47B389705D2C8B6","Support\inst\DirectX\Nov2008_d3dx10_40_x64.cab",994154,994154,988636,1
"4076A4FF2470D287714C9FE6E47B389705D2C8B6","Support\inst\DirectX\Nov2008_d3dx10_40_x86.cab",965421,965421,961167,1
"4076A4FF2470D287714C9FE6E47B389705D2C8B6","Support\inst\DirectX\Nov2008_d3dx9_40_x64.cab",1906878,1906878,1900480,1
"4076A4FF2470D287714C9FE6E47B389705D2C8B6","Support\inst\DirectX\Nov2008_d3dx9_40_x86.cab",1550796,1550796,1546783,1
"4076A4FF2470D287714C9FE6E47B389705D2C8B6","Support\inst\DirectX\Nov2008_X3DAudio_x64.cab",54522,54522,52317,1
"4076A4FF2470D287714C9FE6E47B389705D2C8B6","Support\inst\DirectX\Nov2008_X3DAudio_x86.cab",21851,21851,19598,1
"4076A4FF2470D287714C9FE6E47B389705D2C8B6","Support\inst\DirectX\Nov2008_XACT_x64.cab",121794,121794,119696,1
"4076A4FF2470D287714C9FE6E47B389705D2C8B6","Support\inst\DirectX\Nov2008_XACT_x86.cab",92684,92684,90518,1
"4076A4FF2470D287714C9FE6E47B389705D2C8B6","Support\inst\DirectX\Nov2008_XAudio_x64.cab",273960,273960,271856,1
"4076A4FF2470D287714C9FE6E47B389705D2C8B6","Support\inst\DirectX\Nov2008_XAudio_x86.cab",272611,272611,270502,1
"4076A4FF2470D287714C9FE6E47B389705D2C8B6","Support\inst\DirectX\Oct2005_xinput_x64.cab",86037,86037,83861,1
"4076A4FF2470D287714C9FE6E47B389705D2C8B6","Support\inst\DirectX\Oct2005_xinput_x86.cab",45359,45359,43194,1
"4076A4FF2470D287714C9FE6E47B389705D2C8B6","Support\inst\DirectX\OCT2006_d3dx9_31_x64.cab",1412902,1412902,1410203,1
"4076A4FF2470D287714C9FE6E47B389705D2C8B6","Support\inst\DirectX\OCT2006_d3dx9_31_x86.cab",1127217,1127217,1122124,1
"4076A4FF2470D287714C9FE6E47B389705D2C8B6","Support\inst\DirectX\OCT2006_XACT_x64.cab",182361,182361,180283,1
"4076A4FF2470D287714C9FE6E47B389705D2C8B6","Support\inst\DirectX\OCT2006_XACT_x86.cab",138017,138017,135912,1
"4076A4FF2470D287714C9FE6E47B389705D2C8B6","Support\inst\gdf\FirewallInstall.exe",85608,85608,43324,1
"4076A4FF2470D287714C9FE6E47B389705D2C8B6","Support\inst\gdf\FirewallInstallHelper.dll",55400,55400,25435,1
"4076A4FF2470D287714C9FE6E47B389705D2C8B6","Support\inst\gdf\GameuxInstallHelper.dll",91728,91728,44986,1
"4076A4FF2470D287714C9FE6E47B389705D2C8B6","Support\inst\gdf\GDFInstall.exe",92240,92240,47549,1
"4076A4FF2470D287714C9FE6E47B389705D2C8B6","Support\inst\Manual\CZ\Manual.pdf",715599,715599,644661,1
"4076A4FF2470D287714C9FE6E47B389705D2C8B6","Support\inst\Manual\CZ\Readme.rtf",857731,857731,53990,1
"4076A4FF2470D287714C9FE6E47B389705D2C8B6","Support\inst\Manual\DE\Manual.pdf",722152,722152,645466,1
"4076A4FF2470D287714C9FE6E47B389705D2C8B6","Support\inst\Manual\DE\Readme.rtf",716612,716612,49958,1
"4076A4FF2470D287714C9FE6E47B389705D2C8B6","Support\inst\Manual\EN\Manual.pdf",715599,715599,644661,1
"4076A4FF2470D287714C9FE6E47B389705D2C8B6","Support\inst\Manual\EN\Readme.rtf",776575,776575,49956,1
"4076A4FF2470D287714C9FE6E47B389705D2C8B6","Support\inst\Manual\EN_UK\Manual.pdf",1332574,1332574,1266515,1
"4076A4FF2470D287714C9FE6E47B389705D2C8B6","Support\inst\Manual\EN_UK\Readme.rtf",773150,773150,49589,1
"4076A4FF2470D287714C9FE6E47B389705D2C8B6","Support\inst\Manual\ES\Manual.pdf",1323852,1323852,1253657,1
"4076A4FF2470D287714C9FE6E47B389705D2C8B6","Support\inst\Manual\ES\Readme.rtf",726694,726694,49995,1
"4076A4FF2470D287714C9FE6E47B389705D2C8B6","Support\inst\Manual\FR\Manual.pdf",717306,717306,650704,1
"4076A4FF2470D287714C9FE6E47B389705D2C8B6","Support\inst\Manual\FR\Readme.rtf",847876,847876,54709,1
"4076A4FF2470D287714C9FE6E47B389705D2C8B6","Support\inst\Manual\HU\Manual.pdf",715599,715599,644661,1
"4076A4FF2470D287714C9FE6E47B389705D2C8B6","Support\inst\Manual\HU\Readme.rtf",712429,712429,49946,1
"4076A4FF2470D287714C9FE6E47B389705D2C8B6","Support\inst\Manual\IT\Manual.pdf",710457,710457,654184,1
"4076A4FF2470D287714C9FE6E47B389705D2C8B6","Support\inst\Manual\IT\Readme.rtf",698352,698352,48495,1
"4076A4FF2470D287714C9FE6E47B389705D2C8B6","Support\inst\Manual\KR\Manual.pdf",715599,715599,644661,1
"4076A4FF2470D287714C9FE6E47B389705D2C8B6","Support\inst\Manual\KR\Readme.rtf",1087256,1087256,60068,1
"4076A4FF2470D287714C9FE6E47B389705D2C8B6","Support\inst\Manual\PL\Manual.pdf",1392514,1392514,1343464,1
"4076A4FF2470D287714C9FE6E47B389705D2C8B6","Support\inst\Manual\PL\Readme.rtf",817097,817097,52435,1
"4076A4FF2470D287714C9FE6E47B389705D2C8B6","Support\Manual\d.d",0,0,0,1
