"5210","5575186551A4FE14F04C6E85FFB9B375B328E915","0000-00-00",320,49198562639,1953922383,3484420487,3
"5575186551A4FE14F04C6E85FFB9B375B328E915","bin/FarCryNewDawn.exe",124736,124736,42403,0
"5575186551A4FE14F04C6E85FFB9B375B328E915","bin/FC_m64.dll",457920832,457920832,229679695,0
"5575186551A4FE14F04C6E85FFB9B375B328E915","bin/amd_ags_x64.dll",119104,119104,58817,0
"5575186551A4FE14F04C6E85FFB9B375B328E915","bin/bink2w64.dll",379712,379712,187029,0
"5575186551A4FE14F04C6E85FFB9B375B328E915","bin/d3dcompiler_47.dll",4173928,4173928,1513469,0
"5575186551A4FE14F04C6E85FFB9B375B328E915","bin/uplay_r1_loader64.dll",551256,551256,166053,0
"5575186551A4FE14F04C6E85FFB9B375B328E915","bin/CgSDK.x64_2015.dll",220880,220880,58976,0
"5575186551A4FE14F04C6E85FFB9B375B328E915","bin/dbdata.dll",533848,533848,160488,0
"5575186551A4FE14F04C6E85FFB9B375B328E915","bin/dbghelp_x64.dll",1532048,1532048,585506,0
"5575186551A4FE14F04C6E85FFB9B375B328E915","bin/dbghelp.dll",1532048,1532048,585506,0
"5575186551A4FE14F04C6E85FFB9B375B328E915","bin_plus/FarCryNewDawn.exe",124736,124736,42403,0
"5575186551A4FE14F04C6E85FFB9B375B328E915","bin_plus/FC_m64.dll",578886144,578886144,302979484,0
"5575186551A4FE14F04C6E85FFB9B375B328E915","bin_plus/amd_ags_x64.dll",119104,119104,58814,0
"5575186551A4FE14F04C6E85FFB9B375B328E915","bin_plus/bink2w64.dll",379712,379712,187027,0
"5575186551A4FE14F04C6E85FFB9B375B328E915","bin_plus/d3dcompiler_47.dll",4173928,4173928,1513469,0
"5575186551A4FE14F04C6E85FFB9B375B328E915","bin_plus/uplay_r1_loader64.dll",551256,551256,166053,0
"5575186551A4FE14F04C6E85FFB9B375B328E915","bin_plus/CgSDK.x64_2015.dll",220880,220880,58976,0
"5575186551A4FE14F04C6E85FFB9B375B328E915","bin_plus/dbdata.dll",533848,533848,160488,0
"5575186551A4FE14F04C6E85FFB9B375B328E915","bin_plus/dbghelp_x64.dll",1532048,1532048,585506,0
"5575186551A4FE14F04C6E85FFB9B375B328E915","bin_plus/dbghelp.dll",1532048,1532048,585506,0
"5575186551A4FE14F04C6E85FFB9B375B328E915","Support/Software/GameLauncher/UplayInstaller.exe",88688576,88688576,88287758,1
"5575186551A4FE14F04C6E85FFB9B375B328E915","Support/Readme/Readme_EN.txt",12607,12607,3775,1
"5575186551A4FE14F04C6E85FFB9B375B328E915","Support/Readme/Readme_FR.txt",13677,13677,3841,1
"5575186551A4FE14F04C6E85FFB9B375B328E915","Support/Readme/Readme_DE.txt",12645,12645,3568,1
"5575186551A4FE14F04C6E85FFB9B375B328E915","Support/Readme/Readme_IT.txt",13097,13097,3810,1
"5575186551A4FE14F04C6E85FFB9B375B328E915","Support/Readme/Readme_ES.txt",14701,14701,4141,1
"5575186551A4FE14F04C6E85FFB9B375B328E915","Support/Readme/Readme_JP.txt",13886,13886,3932,1
"5575186551A4FE14F04C6E85FFB9B375B328E915","Support/Readme/Readme_KO.TXT",14055,14055,4167,1
"5575186551A4FE14F04C6E85FFB9B375B328E915","Support/Readme/Readme_NL.txt",13382,13382,3912,1
"5575186551A4FE14F04C6E85FFB9B375B328E915","Support/Readme/Readme_PO.txt",14938,14938,4419,1
"5575186551A4FE14F04C6E85FFB9B375B328E915","Support/Readme/Readme_RU.txt",20838,20838,4672,1
"5575186551A4FE14F04C6E85FFB9B375B328E915","Support/Readme/Readme_SCH.txt",12041,12041,3904,1
"5575186551A4FE14F04C6E85FFB9B375B328E915","Support/Readme/Readme_TCH.txt",12115,12115,3930,1
"5575186551A4FE14F04C6E85FFB9B375B328E915","Support/Readme/Readme_AR.txt",18433,18433,4389,1
"5575186551A4FE14F04C6E85FFB9B375B328E915","Support/Readme/Readme_BR.txt",14304,14304,4068,1
"5575186551A4FE14F04C6E85FFB9B375B328E915","Support/Readme/Readme_CZ.txt",13858,13858,4319,1
"5575186551A4FE14F04C6E85FFB9B375B328E915","data_final/pc/common.dat",175831687,175831687,143151158,2
"5575186551A4FE14F04C6E85FFB9B375B328E915","data_final/pc/common.fat",75272,75272,60724,2
"5575186551A4FE14F04C6E85FFB9B375B328E915","data_final/pc/shadersobj.dat",70129308,70129308,10266380,2
"5575186551A4FE14F04C6E85FFB9B375B328E915","data_final/pc/shadersobj.fat",241852,241852,145241,2
"5575186551A4FE14F04C6E85FFB9B375B328E915","data_final/pc/worlds/installpkg.dat",9479505497,889570905,46325319,2
"5575186551A4FE14F04C6E85FFB9B375B328E915","data_final/pc/worlds/installpkg.fat",3082092,3082092,2460949,2
"5575186551A4FE14F04C6E85FFB9B375B328E915","data_final/pc/patch.dat",192985277,192985277,144321930,2
"5575186551A4FE14F04C6E85FFB9B375B328E915","data_final/pc/patch.fat",44712,44712,38332,2
"5575186551A4FE14F04C6E85FFB9B375B328E915","data_final/pc/patchshadersobj.dat",70129383,70129383,10265713,2
"5575186551A4FE14F04C6E85FFB9B375B328E915","data_final/pc/patchshadersobj.fat",241852,241852,145409,2
"5575186551A4FE14F04C6E85FFB9B375B328E915","data_final/pc/stt_dict/lang.dict",3401298,3401298,754582,2
"5575186551A4FE14F04C6E85FFB9B375B328E915","data_final/pc/stt_dict/lang.lm.bin",29208442,29208442,25091191,2
"5575186551A4FE14F04C6E85FFB9B375B328E915","data_final/pc/stt_dict/acoustics/feat.params",121,121,108,2
"5575186551A4FE14F04C6E85FFB9B375B328E915","data_final/pc/stt_dict/acoustics/feature_transform",5660,5660,5365,2
"5575186551A4FE14F04C6E85FFB9B375B328E915","data_final/pc/stt_dict/acoustics/mdef",7129125,7129125,272826,2
"5575186551A4FE14F04C6E85FFB9B375B328E915","data_final/pc/stt_dict/acoustics/means",23620676,23620676,22045760,2
"5575186551A4FE14F04C6E85FFB9B375B328E915","data_final/pc/stt_dict/acoustics/mixture_weights",656192,656192,589058,2
"5575186551A4FE14F04C6E85FFB9B375B328E915","data_final/pc/stt_dict/acoustics/noisedict",61,61,63,2
"5575186551A4FE14F04C6E85FFB9B375B328E915","data_final/pc/stt_dict/acoustics/transition_matrices",2080,2080,778,2
"5575186551A4FE14F04C6E85FFB9B375B328E915","data_final/pc/stt_dict/acoustics/variances",23620676,23620676,21188510,2
"5575186551A4FE14F04C6E85FFB9B375B328E915","data_final/pc/worlds/fcbworlds.dat",9595423480,1005488888,3949733329,11
"5575186551A4FE14F04C6E85FFB9B375B328E915","data_final/pc/worlds/fcbworlds.fat",5050432,5050432,3294519,11
"5575186551A4FE14F04C6E85FFB9B375B328E915","data_final/pc/worlds/fcbworlds_hd.dat",21393432015,4213562831,971304447,12
"5575186551A4FE14F04C6E85FFB9B375B328E915","data_final/pc/worlds/fcbworlds_hd.fat",252292,252292,152278,12
"5575186551A4FE14F04C6E85FFB9B375B328E915","data_final/pc/worlds/fcbworlds_english.dat",392277685,392277685,375865283,3
"5575186551A4FE14F04C6E85FFB9B375B328E915","data_final/pc/worlds/fcbworlds_english.fat",510052,510052,383376,3
"5575186551A4FE14F04C6E85FFB9B375B328E915","data_final/pc/worlds/fcbworlds_english_feminine.dat",0,0,0,3
"5575186551A4FE14F04C6E85FFB9B375B328E915","data_final/pc/worlds/fcbworlds_english_feminine.fat",32,32,25,3
"5575186551A4FE14F04C6E85FFB9B375B328E915","data_final/pc/worlds/installpkg_english.dat",359970659,359970659,333873795,3
"5575186551A4FE14F04C6E85FFB9B375B328E915","data_final/pc/worlds/installpkg_english.fat",907112,907112,664905,3
"5575186551A4FE14F04C6E85FFB9B375B328E915","data_final/pc/worlds/installpkg_english_feminine.dat",0,0,0,3
"5575186551A4FE14F04C6E85FFB9B375B328E915","data_final/pc/worlds/installpkg_english_feminine.fat",32,32,25,3
"5575186551A4FE14F04C6E85FFB9B375B328E915","data_final/pc/patch_english.dat",161589,161589,139623,3
"5575186551A4FE14F04C6E85FFB9B375B328E915","data_final/pc/patch_english.fat",572,572,537,3
"5575186551A4FE14F04C6E85FFB9B375B328E915","data_final/pc/patch_english_feminine.dat",0,0,0,3
"5575186551A4FE14F04C6E85FFB9B375B328E915","data_final/pc/patch_english_feminine.fat",32,32,25,3
"5575186551A4FE14F04C6E85FFB9B375B328E915","data_final/pc/worlds/fcbworlds_french.dat",390667541,390667541,374543828,4
"5575186551A4FE14F04C6E85FFB9B375B328E915","data_final/pc/worlds/fcbworlds_french.fat",508652,508652,380511,4
"5575186551A4FE14F04C6E85FFB9B375B328E915","data_final/pc/worlds/fcbworlds_french_feminine.dat",18374007,18374007,17260817,4
"5575186551A4FE14F04C6E85FFB9B375B328E915","data_final/pc/worlds/fcbworlds_french_feminine.fat",31512,31512,21419,4
"5575186551A4FE14F04C6E85FFB9B375B328E915","data_final/pc/worlds/installpkg_french.dat",341066359,341066359,316576306,4
"5575186551A4FE14F04C6E85FFB9B375B328E915","data_final/pc/worlds/installpkg_french.fat",825352,825352,590843,4
"5575186551A4FE14F04C6E85FFB9B375B328E915","data_final/pc/worlds/installpkg_french_feminine.dat",11589864,11589864,10713918,4
"5575186551A4FE14F04C6E85FFB9B375B328E915","data_final/pc/worlds/installpkg_french_feminine.fat",25752,25752,17092,4
"5575186551A4FE14F04C6E85FFB9B375B328E915","data_final/pc/patch_french.dat",815718,815718,779004,4
"5575186551A4FE14F04C6E85FFB9B375B328E915","data_final/pc/patch_french.fat",732,732,680,4
"5575186551A4FE14F04C6E85FFB9B375B328E915","data_final/pc/patch_french_feminine.dat",8036,8036,7932,4
"5575186551A4FE14F04C6E85FFB9B375B328E915","data_final/pc/patch_french_feminine.fat",52,52,44,4
"5575186551A4FE14F04C6E85FFB9B375B328E915","data_final/pc/worlds/fcbworlds_german.dat",384619370,384619370,368319674,5
"5575186551A4FE14F04C6E85FFB9B375B328E915","data_final/pc/worlds/fcbworlds_german.fat",508652,508652,381256,5
"5575186551A4FE14F04C6E85FFB9B375B328E915","data_final/pc/worlds/fcbworlds_german_feminine.dat",9029367,9029367,8583570,5
"5575186551A4FE14F04C6E85FFB9B375B328E915","data_final/pc/worlds/fcbworlds_german_feminine.fat",10552,10552,7696,5
"5575186551A4FE14F04C6E85FFB9B375B328E915","data_final/pc/worlds/installpkg_german.dat",354667170,354667170,329769141,5
"5575186551A4FE14F04C6E85FFB9B375B328E915","data_final/pc/worlds/installpkg_german.fat",825352,825352,593253,5
"5575186551A4FE14F04C6E85FFB9B375B328E915","data_final/pc/worlds/installpkg_german_feminine.dat",3091016,3091016,2898891,5
"5575186551A4FE14F04C6E85FFB9B375B328E915","data_final/pc/worlds/installpkg_german_feminine.fat",6032,6032,4317,5
"5575186551A4FE14F04C6E85FFB9B375B328E915","data_final/pc/patch_german.dat",134543,134543,115854,5
"5575186551A4FE14F04C6E85FFB9B375B328E915","data_final/pc/patch_german.fat",492,492,474,5
"5575186551A4FE14F04C6E85FFB9B375B328E915","data_final/pc/patch_german_feminine.dat",0,0,0,5
"5575186551A4FE14F04C6E85FFB9B375B328E915","data_final/pc/patch_german_feminine.fat",32,32,25,5
"5575186551A4FE14F04C6E85FFB9B375B328E915","data_final/pc/worlds/fcbworlds_italian.dat",413548903,413548903,397098671,6
"5575186551A4FE14F04C6E85FFB9B375B328E915","data_final/pc/worlds/fcbworlds_italian.fat",508652,508652,383574,6
"5575186551A4FE14F04C6E85FFB9B375B328E915","data_final/pc/worlds/fcbworlds_italian_feminine.dat",20157668,20157668,19309481,6
"5575186551A4FE14F04C6E85FFB9B375B328E915","data_final/pc/worlds/fcbworlds_italian_feminine.fat",23552,23552,16441,6
"5575186551A4FE14F04C6E85FFB9B375B328E915","data_final/pc/worlds/installpkg_italian.dat",372303591,372303591,347387916,6
"5575186551A4FE14F04C6E85FFB9B375B328E915","data_final/pc/worlds/installpkg_italian.fat",825352,825352,594724,6
"5575186551A4FE14F04C6E85FFB9B375B328E915","data_final/pc/worlds/installpkg_italian_feminine.dat",8430518,8430518,7917513,6
"5575186551A4FE14F04C6E85FFB9B375B328E915","data_final/pc/worlds/installpkg_italian_feminine.fat",15272,15272,10288,6
"5575186551A4FE14F04C6E85FFB9B375B328E915","data_final/pc/patch_italian.dat",1522581,1522581,1330508,6
"5575186551A4FE14F04C6E85FFB9B375B328E915","data_final/pc/patch_italian.fat",1932,1932,1662,6
"5575186551A4FE14F04C6E85FFB9B375B328E915","data_final/pc/patch_italian_feminine.dat",63022,63022,58528,6
"5575186551A4FE14F04C6E85FFB9B375B328E915","data_final/pc/patch_italian_feminine.fat",212,212,209,6
"5575186551A4FE14F04C6E85FFB9B375B328E915","data_final/pc/worlds/fcbworlds_spanish.dat",422753582,422753582,405772880,7
"5575186551A4FE14F04C6E85FFB9B375B328E915","data_final/pc/worlds/fcbworlds_spanish.fat",508652,508652,384418,7
"5575186551A4FE14F04C6E85FFB9B375B328E915","data_final/pc/worlds/fcbworlds_spanish_feminine.dat",12211158,12211158,11658685,7
"5575186551A4FE14F04C6E85FFB9B375B328E915","data_final/pc/worlds/fcbworlds_spanish_feminine.fat",12792,12792,9184,7
"5575186551A4FE14F04C6E85FFB9B375B328E915","data_final/pc/worlds/installpkg_spanish.dat",391845630,391845630,366253431,7
"5575186551A4FE14F04C6E85FFB9B375B328E915","data_final/pc/worlds/installpkg_spanish.fat",825352,825352,594945,7
"5575186551A4FE14F04C6E85FFB9B375B328E915","data_final/pc/worlds/installpkg_spanish_feminine.dat",5314850,5314850,5019667,7
"5575186551A4FE14F04C6E85FFB9B375B328E915","data_final/pc/worlds/installpkg_spanish_feminine.fat",7952,7952,5551,7
"5575186551A4FE14F04C6E85FFB9B375B328E915","data_final/pc/patch_spanish.dat",862419,862419,822636,7
"5575186551A4FE14F04C6E85FFB9B375B328E915","data_final/pc/patch_spanish.fat",892,892,816,7
"5575186551A4FE14F04C6E85FFB9B375B328E915","data_final/pc/patch_spanish_feminine.dat",0,0,0,7
"5575186551A4FE14F04C6E85FFB9B375B328E915","data_final/pc/patch_spanish_feminine.fat",32,32,25,7
"5575186551A4FE14F04C6E85FFB9B375B328E915","data_final/pc/worlds/fcbworlds_japanese.dat",403677514,403677514,386911810,8
"5575186551A4FE14F04C6E85FFB9B375B328E915","data_final/pc/worlds/fcbworlds_japanese.fat",508652,508652,382637,8
"5575186551A4FE14F04C6E85FFB9B375B328E915","data_final/pc/worlds/fcbworlds_japanese_feminine.dat",0,0,0,8
"5575186551A4FE14F04C6E85FFB9B375B328E915","data_final/pc/worlds/fcbworlds_japanese_feminine.fat",32,32,25,8
"5575186551A4FE14F04C6E85FFB9B375B328E915","data_final/pc/worlds/installpkg_japanese.dat",354840934,354840934,329854950,8
"5575186551A4FE14F04C6E85FFB9B375B328E915","data_final/pc/worlds/installpkg_japanese.fat",825352,825352,594197,8
"5575186551A4FE14F04C6E85FFB9B375B328E915","data_final/pc/worlds/installpkg_japanese_feminine.dat",0,0,0,8
"5575186551A4FE14F04C6E85FFB9B375B328E915","data_final/pc/worlds/installpkg_japanese_feminine.fat",32,32,25,8
"5575186551A4FE14F04C6E85FFB9B375B328E915","data_final/pc/patch_japanese.dat",258300,258300,232234,8
"5575186551A4FE14F04C6E85FFB9B375B328E915","data_final/pc/patch_japanese.fat",552,552,520,8
"5575186551A4FE14F04C6E85FFB9B375B328E915","data_final/pc/patch_japanese_feminine.dat",0,0,0,8
"5575186551A4FE14F04C6E85FFB9B375B328E915","data_final/pc/patch_japanese_feminine.fat",32,32,25,8
"5575186551A4FE14F04C6E85FFB9B375B328E915","data_final/pc/worlds/fcbworlds_brazilian.dat",403042859,403042859,386543473,9
"5575186551A4FE14F04C6E85FFB9B375B328E915","data_final/pc/worlds/fcbworlds_brazilian.fat",508652,508652,382571,9
"5575186551A4FE14F04C6E85FFB9B375B328E915","data_final/pc/worlds/fcbworlds_brazilian_feminine.dat",10364560,10364560,10002076,9
"5575186551A4FE14F04C6E85FFB9B375B328E915","data_final/pc/worlds/fcbworlds_brazilian_feminine.fat",9512,9512,6905,9
"5575186551A4FE14F04C6E85FFB9B375B328E915","data_final/pc/worlds/installpkg_brazilian.dat",367791933,367791933,342658184,9
"5575186551A4FE14F04C6E85FFB9B375B328E915","data_final/pc/worlds/installpkg_brazilian.fat",825352,825352,594164,9
"5575186551A4FE14F04C6E85FFB9B375B328E915","data_final/pc/worlds/installpkg_brazilian_feminine.dat",2724138,2724138,2516332,9
"5575186551A4FE14F04C6E85FFB9B375B328E915","data_final/pc/worlds/installpkg_brazilian_feminine.fat",4192,4192,3010,9
"5575186551A4FE14F04C6E85FFB9B375B328E915","data_final/pc/patch_brazilian.dat",537541386,537541386,649816,9
"5575186551A4FE14F04C6E85FFB9B375B328E915","data_final/pc/patch_brazilian.fat",792,792,735,9
"5575186551A4FE14F04C6E85FFB9B375B328E915","data_final/pc/patch_brazilian_feminine.dat",0,0,0,9
"5575186551A4FE14F04C6E85FFB9B375B328E915","data_final/pc/patch_brazilian_feminine.fat",32,32,25,9
"5575186551A4FE14F04C6E85FFB9B375B328E915","data_final/pc/worlds/fcbworlds_russian.dat",382933788,382933788,365816911,10
"5575186551A4FE14F04C6E85FFB9B375B328E915","data_final/pc/worlds/fcbworlds_russian.fat",508652,508652,382087,10
"5575186551A4FE14F04C6E85FFB9B375B328E915","data_final/pc/worlds/fcbworlds_russian_feminine.dat",25155452,25155452,24014733,10
"5575186551A4FE14F04C6E85FFB9B375B328E915","data_final/pc/worlds/fcbworlds_russian_feminine.fat",30152,30152,21126,10
"5575186551A4FE14F04C6E85FFB9B375B328E915","data_final/pc/worlds/installpkg_russian.dat",351141190,351141190,325685465,10
"5575186551A4FE14F04C6E85FFB9B375B328E915","data_final/pc/worlds/installpkg_russian.fat",825352,825352,594253,10
"5575186551A4FE14F04C6E85FFB9B375B328E915","data_final/pc/worlds/installpkg_russian_feminine.dat",9579929,9579929,8915205,10
"5575186551A4FE14F04C6E85FFB9B375B328E915","data_final/pc/worlds/installpkg_russian_feminine.fat",19072,19072,12970,10
"5575186551A4FE14F04C6E85FFB9B375B328E915","data_final/pc/patch_russian.dat",144942,144942,126170,10
"5575186551A4FE14F04C6E85FFB9B375B328E915","data_final/pc/patch_russian.fat",492,492,473,10
"5575186551A4FE14F04C6E85FFB9B375B328E915","data_final/pc/patch_russian_feminine.dat",13818,13818,12739,10
"5575186551A4FE14F04C6E85FFB9B375B328E915","data_final/pc/patch_russian_feminine.fat",72,72,73,10
"5575186551A4FE14F04C6E85FFB9B375B328E915","Support/Software/DirectX/Apr2005_d3dx9_25_x64.cab",1347354,1347354,1344743,14
"5575186551A4FE14F04C6E85FFB9B375B328E915","Support/Software/DirectX/Apr2005_d3dx9_25_x86.cab",1078962,1078962,1073855,14
"5575186551A4FE14F04C6E85FFB9B375B328E915","Support/Software/DirectX/Apr2006_d3dx9_30_x64.cab",1397830,1397830,1395153,14
"5575186551A4FE14F04C6E85FFB9B375B328E915","Support/Software/DirectX/Apr2006_d3dx9_30_x86.cab",1115221,1115221,1110388,14
"5575186551A4FE14F04C6E85FFB9B375B328E915","Support/Software/DirectX/Apr2006_MDX1_x86.cab",916430,916430,909712,14
"5575186551A4FE14F04C6E85FFB9B375B328E915","Support/Software/DirectX/Apr2006_MDX1_x86_Archive.cab",4162630,4162630,4153036,14
"5575186551A4FE14F04C6E85FFB9B375B328E915","Support/Software/DirectX/Apr2006_XACT_x64.cab",179133,179133,177074,14
"5575186551A4FE14F04C6E85FFB9B375B328E915","Support/Software/DirectX/Apr2006_XACT_x86.cab",133103,133103,130857,14
"5575186551A4FE14F04C6E85FFB9B375B328E915","Support/Software/DirectX/Apr2006_xinput_x64.cab",87101,87101,84983,14
"5575186551A4FE14F04C6E85FFB9B375B328E915","Support/Software/DirectX/Apr2006_xinput_x86.cab",46010,46010,43856,14
"5575186551A4FE14F04C6E85FFB9B375B328E915","Support/Software/DirectX/APR2007_d3dx10_33_x64.cab",698612,698612,696489,14
"5575186551A4FE14F04C6E85FFB9B375B328E915","Support/Software/DirectX/APR2007_d3dx10_33_x86.cab",695865,695865,693776,14
"5575186551A4FE14F04C6E85FFB9B375B328E915","Support/Software/DirectX/APR2007_d3dx9_33_x64.cab",1607358,1607358,1604459,14
"5575186551A4FE14F04C6E85FFB9B375B328E915","Support/Software/DirectX/APR2007_d3dx9_33_x86.cab",1606039,1606039,1600898,14
"5575186551A4FE14F04C6E85FFB9B375B328E915","Support/Software/DirectX/APR2007_XACT_x64.cab",195766,195766,193696,14
"5575186551A4FE14F04C6E85FFB9B375B328E915","Support/Software/DirectX/APR2007_XACT_x86.cab",151225,151225,149126,14
"5575186551A4FE14F04C6E85FFB9B375B328E915","Support/Software/DirectX/APR2007_xinput_x64.cab",96817,96817,94650,14
"5575186551A4FE14F04C6E85FFB9B375B328E915","Support/Software/DirectX/APR2007_xinput_x86.cab",53302,53302,51111,14
"5575186551A4FE14F04C6E85FFB9B375B328E915","Support/Software/DirectX/Aug2005_d3dx9_27_x64.cab",1350542,1350542,1348487,14
"5575186551A4FE14F04C6E85FFB9B375B328E915","Support/Software/DirectX/Aug2005_d3dx9_27_x86.cab",1077644,1077644,1072829,14
"5575186551A4FE14F04C6E85FFB9B375B328E915","Support/Software/DirectX/AUG2006_XACT_x64.cab",182903,182903,180849,14
"5575186551A4FE14F04C6E85FFB9B375B328E915","Support/Software/DirectX/AUG2006_XACT_x86.cab",137235,137235,135125,14
"5575186551A4FE14F04C6E85FFB9B375B328E915","Support/Software/DirectX/AUG2006_xinput_x64.cab",87142,87142,85003,14
"5575186551A4FE14F04C6E85FFB9B375B328E915","Support/Software/DirectX/AUG2006_xinput_x86.cab",46058,46058,43898,14
"5575186551A4FE14F04C6E85FFB9B375B328E915","Support/Software/DirectX/AUG2007_d3dx10_35_x64.cab",852286,852286,850191,14
"5575186551A4FE14F04C6E85FFB9B375B328E915","Support/Software/DirectX/AUG2007_d3dx10_35_x86.cab",796867,796867,794261,14
"5575186551A4FE14F04C6E85FFB9B375B328E915","Support/Software/DirectX/AUG2007_d3dx9_35_x64.cab",1800160,1800160,1797966,14
"5575186551A4FE14F04C6E85FFB9B375B328E915","Support/Software/DirectX/AUG2007_d3dx9_35_x86.cab",1708152,1708152,1703093,14
"5575186551A4FE14F04C6E85FFB9B375B328E915","Support/Software/DirectX/AUG2007_XACT_x64.cab",198096,198096,196036,14
"5575186551A4FE14F04C6E85FFB9B375B328E915","Support/Software/DirectX/AUG2007_XACT_x86.cab",153012,153012,150926,14
"5575186551A4FE14F04C6E85FFB9B375B328E915","Support/Software/DirectX/Aug2008_d3dx10_39_x64.cab",867612,867612,864799,14
"5575186551A4FE14F04C6E85FFB9B375B328E915","Support/Software/DirectX/Aug2008_d3dx10_39_x86.cab",849167,849167,846363,14
"5575186551A4FE14F04C6E85FFB9B375B328E915","Support/Software/DirectX/Aug2008_d3dx9_39_x64.cab",1794084,1794084,1790641,14
"5575186551A4FE14F04C6E85FFB9B375B328E915","Support/Software/DirectX/Aug2008_d3dx9_39_x86.cab",1464672,1464672,1462596,14
"5575186551A4FE14F04C6E85FFB9B375B328E915","Support/Software/DirectX/Aug2008_XACT_x64.cab",121772,121772,119651,14
"5575186551A4FE14F04C6E85FFB9B375B328E915","Support/Software/DirectX/Aug2008_XACT_x86.cab",92996,92996,90824,14
"5575186551A4FE14F04C6E85FFB9B375B328E915","Support/Software/DirectX/Aug2008_XAudio_x64.cab",271412,271412,269314,14
"5575186551A4FE14F04C6E85FFB9B375B328E915","Support/Software/DirectX/Aug2008_XAudio_x86.cab",271038,271038,268891,14
"5575186551A4FE14F04C6E85FFB9B375B328E915","Support/Software/DirectX/Aug2009_D3DCompiler_42_x64.cab",919044,919044,911897,14
"5575186551A4FE14F04C6E85FFB9B375B328E915","Support/Software/DirectX/Aug2009_D3DCompiler_42_x86.cab",900598,900598,895301,14
"5575186551A4FE14F04C6E85FFB9B375B328E915","Support/Software/DirectX/Aug2009_d3dcsx_42_x64.cab",3112111,3112111,3109978,14
"5575186551A4FE14F04C6E85FFB9B375B328E915","Support/Software/DirectX/Aug2009_d3dcsx_42_x86.cab",3319740,3319740,3315648,14
"5575186551A4FE14F04C6E85FFB9B375B328E915","Support/Software/DirectX/Aug2009_d3dx10_42_x64.cab",232635,232635,230581,14
"5575186551A4FE14F04C6E85FFB9B375B328E915","Support/Software/DirectX/Aug2009_d3dx10_42_x86.cab",192131,192131,190003,14
"5575186551A4FE14F04C6E85FFB9B375B328E915","Support/Software/DirectX/Aug2009_d3dx11_42_x64.cab",136301,136301,134308,14
"5575186551A4FE14F04C6E85FFB9B375B328E915","Support/Software/DirectX/Aug2009_d3dx11_42_x86.cab",105044,105044,102815,14
"5575186551A4FE14F04C6E85FFB9B375B328E915","Support/Software/DirectX/Aug2009_d3dx9_42_x64.cab",930116,930116,927088,14
"5575186551A4FE14F04C6E85FFB9B375B328E915","Support/Software/DirectX/Aug2009_d3dx9_42_x86.cab",728456,728456,725096,14
"5575186551A4FE14F04C6E85FFB9B375B328E915","Support/Software/DirectX/Aug2009_XACT_x64.cab",122408,122408,120284,14
"5575186551A4FE14F04C6E85FFB9B375B328E915","Support/Software/DirectX/Aug2009_XACT_x86.cab",93106,93106,90971,14
"5575186551A4FE14F04C6E85FFB9B375B328E915","Support/Software/DirectX/Aug2009_XAudio_x64.cab",273264,273264,271171,14
"5575186551A4FE14F04C6E85FFB9B375B328E915","Support/Software/DirectX/Aug2009_XAudio_x86.cab",272642,272642,270536,14
"5575186551A4FE14F04C6E85FFB9B375B328E915","Support/Software/DirectX/Dec2005_d3dx9_28_x64.cab",1357976,1357976,1355322,14
"5575186551A4FE14F04C6E85FFB9B375B328E915","Support/Software/DirectX/Dec2005_d3dx9_28_x86.cab",1079456,1079456,1074608,14
"5575186551A4FE14F04C6E85FFB9B375B328E915","Support/Software/DirectX/DEC2006_d3dx10_00_x64.cab",212807,212807,210722,14
"5575186551A4FE14F04C6E85FFB9B375B328E915","Support/Software/DirectX/DEC2006_d3dx10_00_x86.cab",191720,191720,189577,14
"5575186551A4FE14F04C6E85FFB9B375B328E915","Support/Software/DirectX/DEC2006_d3dx9_32_x64.cab",1571154,1571154,1568399,14
"5575186551A4FE14F04C6E85FFB9B375B328E915","Support/Software/DirectX/DEC2006_d3dx9_32_x86.cab",1574376,1574376,1569491,14
"5575186551A4FE14F04C6E85FFB9B375B328E915","Support/Software/DirectX/DEC2006_XACT_x64.cab",192475,192475,190396,14
"5575186551A4FE14F04C6E85FFB9B375B328E915","Support/Software/DirectX/DEC2006_XACT_x86.cab",145599,145599,143505,14
"5575186551A4FE14F04C6E85FFB9B375B328E915","Support/Software/DirectX/DSETUP.dll",89944,89944,44094,14
"5575186551A4FE14F04C6E85FFB9B375B328E915","Support/Software/DirectX/dsetup32.dll",1801048,1801048,134339,14
"5575186551A4FE14F04C6E85FFB9B375B328E915","Support/Software/DirectX/dsetup64.dll",34753,34753,33701,14
"5575186551A4FE14F04C6E85FFB9B375B328E915","Support/Software/DirectX/dxdllreg_x86.cab",42410,42410,40270,14
"5575186551A4FE14F04C6E85FFB9B375B328E915","Support/Software/DirectX/DXSETUP.exe",537432,537432,91493,14
"5575186551A4FE14F04C6E85FFB9B375B328E915","Support/Software/DirectX/dxupdate.cab",94011,94011,91771,14
"5575186551A4FE14F04C6E85FFB9B375B328E915","Support/Software/DirectX/Feb2005_d3dx9_24_x64.cab",1247499,1247499,1244922,14
"5575186551A4FE14F04C6E85FFB9B375B328E915","Support/Software/DirectX/Feb2005_d3dx9_24_x86.cab",1013225,1013225,1008342,14
"5575186551A4FE14F04C6E85FFB9B375B328E915","Support/Software/DirectX/Feb2006_d3dx9_29_x64.cab",1362796,1362796,1360185,14
"5575186551A4FE14F04C6E85FFB9B375B328E915","Support/Software/DirectX/Feb2006_d3dx9_29_x86.cab",1084720,1084720,1079685,14
"5575186551A4FE14F04C6E85FFB9B375B328E915","Support/Software/DirectX/Feb2006_XACT_x64.cab",178359,178359,176285,14
"5575186551A4FE14F04C6E85FFB9B375B328E915","Support/Software/DirectX/Feb2006_XACT_x86.cab",132409,132409,130142,14
"5575186551A4FE14F04C6E85FFB9B375B328E915","Support/Software/DirectX/FEB2007_XACT_x64.cab",194675,194675,192610,14
"5575186551A4FE14F04C6E85FFB9B375B328E915","Support/Software/DirectX/FEB2007_XACT_x86.cab",147983,147983,145887,14
"5575186551A4FE14F04C6E85FFB9B375B328E915","Support/Software/DirectX/Feb2010_X3DAudio_x64.cab",54678,54678,52477,14
"5575186551A4FE14F04C6E85FFB9B375B328E915","Support/Software/DirectX/Feb2010_X3DAudio_x86.cab",20713,20713,18464,14
"5575186551A4FE14F04C6E85FFB9B375B328E915","Support/Software/DirectX/Feb2010_XACT_x64.cab",122446,122446,120323,14
"5575186551A4FE14F04C6E85FFB9B375B328E915","Support/Software/DirectX/Feb2010_XACT_x86.cab",93180,93180,91043,14
"5575186551A4FE14F04C6E85FFB9B375B328E915","Support/Software/DirectX/Feb2010_XAudio_x64.cab",276960,276960,274871,14
"5575186551A4FE14F04C6E85FFB9B375B328E915","Support/Software/DirectX/Feb2010_XAudio_x86.cab",277191,277191,275079,14
"5575186551A4FE14F04C6E85FFB9B375B328E915","Support/Software/DirectX/Jun2005_d3dx9_26_x64.cab",1336002,1336002,1333316,14
"5575186551A4FE14F04C6E85FFB9B375B328E915","Support/Software/DirectX/Jun2005_d3dx9_26_x86.cab",1064925,1064925,1059886,14
"5575186551A4FE14F04C6E85FFB9B375B328E915","Support/Software/DirectX/JUN2006_XACT_x64.cab",180785,180785,178734,14
"5575186551A4FE14F04C6E85FFB9B375B328E915","Support/Software/DirectX/JUN2006_XACT_x86.cab",133671,133671,131426,14
"5575186551A4FE14F04C6E85FFB9B375B328E915","Support/Software/DirectX/JUN2007_d3dx10_34_x64.cab",699044,699044,696968,14
"5575186551A4FE14F04C6E85FFB9B375B328E915","Support/Software/DirectX/JUN2007_d3dx10_34_x86.cab",698472,698472,696399,14
"5575186551A4FE14F04C6E85FFB9B375B328E915","Support/Software/DirectX/JUN2007_d3dx9_34_x64.cab",1607774,1607774,1605070,14
"5575186551A4FE14F04C6E85FFB9B375B328E915","Support/Software/DirectX/JUN2007_d3dx9_34_x86.cab",1607286,1607286,1602095,14
"5575186551A4FE14F04C6E85FFB9B375B328E915","Support/Software/DirectX/JUN2007_XACT_x64.cab",197122,197122,195038,14
"5575186551A4FE14F04C6E85FFB9B375B328E915","Support/Software/DirectX/JUN2007_XACT_x86.cab",152909,152909,150823,14
"5575186551A4FE14F04C6E85FFB9B375B328E915","Support/Software/DirectX/JUN2008_d3dx10_38_x64.cab",867828,867828,865090,14
"5575186551A4FE14F04C6E85FFB9B375B328E915","Support/Software/DirectX/JUN2008_d3dx10_38_x86.cab",849919,849919,847157,14
"5575186551A4FE14F04C6E85FFB9B375B328E915","Support/Software/DirectX/JUN2008_d3dx9_38_x64.cab",1792608,1792608,1789141,14
"5575186551A4FE14F04C6E85FFB9B375B328E915","Support/Software/DirectX/JUN2008_d3dx9_38_x86.cab",1463878,1463878,1460619,14
"5575186551A4FE14F04C6E85FFB9B375B328E915","Support/Software/DirectX/JUN2008_X3DAudio_x64.cab",55154,55154,52952,14
"5575186551A4FE14F04C6E85FFB9B375B328E915","Support/Software/DirectX/JUN2008_X3DAudio_x86.cab",21905,21905,19681,14
"5575186551A4FE14F04C6E85FFB9B375B328E915","Support/Software/DirectX/JUN2008_XACT_x64.cab",121054,121054,118920,14
"5575186551A4FE14F04C6E85FFB9B375B328E915","Support/Software/DirectX/JUN2008_XACT_x86.cab",93128,93128,90976,14
"5575186551A4FE14F04C6E85FFB9B375B328E915","Support/Software/DirectX/JUN2008_XAudio_x64.cab",269628,269628,267524,14
"5575186551A4FE14F04C6E85FFB9B375B328E915","Support/Software/DirectX/JUN2008_XAudio_x86.cab",269024,269024,266917,14
"5575186551A4FE14F04C6E85FFB9B375B328E915","Support/Software/DirectX/Jun2010_D3DCompiler_43_x64.cab",944460,944460,942381,14
"5575186551A4FE14F04C6E85FFB9B375B328E915","Support/Software/DirectX/Jun2010_D3DCompiler_43_x86.cab",931471,931471,928562,14
"5575186551A4FE14F04C6E85FFB9B375B328E915","Support/Software/DirectX/Jun2010_d3dcsx_43_x64.cab",752783,752783,748290,14
"5575186551A4FE14F04C6E85FFB9B375B328E915","Support/Software/DirectX/Jun2010_d3dcsx_43_x86.cab",762188,762188,752535,14
"5575186551A4FE14F04C6E85FFB9B375B328E915","Support/Software/DirectX/Jun2010_d3dx10_43_x64.cab",235955,235955,233866,14
"5575186551A4FE14F04C6E85FFB9B375B328E915","Support/Software/DirectX/Jun2010_d3dx10_43_x86.cab",197283,197283,195103,14
"5575186551A4FE14F04C6E85FFB9B375B328E915","Support/Software/DirectX/Jun2010_d3dx11_43_x64.cab",138205,138205,136096,14
"5575186551A4FE14F04C6E85FFB9B375B328E915","Support/Software/DirectX/Jun2010_d3dx11_43_x86.cab",109445,109445,107204,14
"5575186551A4FE14F04C6E85FFB9B375B328E915","Support/Software/DirectX/Jun2010_d3dx9_43_x64.cab",937246,937246,934422,14
"5575186551A4FE14F04C6E85FFB9B375B328E915","Support/Software/DirectX/Jun2010_d3dx9_43_x86.cab",768036,768036,764920,14
"5575186551A4FE14F04C6E85FFB9B375B328E915","Support/Software/DirectX/Jun2010_XACT_x64.cab",124596,124596,122473,14
"5575186551A4FE14F04C6E85FFB9B375B328E915","Support/Software/DirectX/Jun2010_XACT_x86.cab",93686,93686,91545,14
"5575186551A4FE14F04C6E85FFB9B375B328E915","Support/Software/DirectX/Jun2010_XAudio_x64.cab",277338,277338,275253,14
"5575186551A4FE14F04C6E85FFB9B375B328E915","Support/Software/DirectX/Jun2010_XAudio_x86.cab",278060,278060,275939,14
"5575186551A4FE14F04C6E85FFB9B375B328E915","Support/Software/DirectX/Mar2008_d3dx10_37_x64.cab",844884,844884,842194,14
"5575186551A4FE14F04C6E85FFB9B375B328E915","Support/Software/DirectX/Mar2008_d3dx10_37_x86.cab",818260,818260,815183,14
"5575186551A4FE14F04C6E85FFB9B375B328E915","Support/Software/DirectX/Mar2008_d3dx9_37_x64.cab",1769862,1769862,1766187,14
"5575186551A4FE14F04C6E85FFB9B375B328E915","Support/Software/DirectX/Mar2008_d3dx9_37_x86.cab",1443282,1443282,1439864,14
"5575186551A4FE14F04C6E85FFB9B375B328E915","Support/Software/DirectX/Mar2008_X3DAudio_x64.cab",55058,55058,52851,14
"5575186551A4FE14F04C6E85FFB9B375B328E915","Support/Software/DirectX/Mar2008_X3DAudio_x86.cab",21867,21867,19616,14
"5575186551A4FE14F04C6E85FFB9B375B328E915","Support/Software/DirectX/Mar2008_XACT_x64.cab",122336,122336,120202,14
"5575186551A4FE14F04C6E85FFB9B375B328E915","Support/Software/DirectX/Mar2008_XACT_x86.cab",93734,93734,91589,14
"5575186551A4FE14F04C6E85FFB9B375B328E915","Support/Software/DirectX/Mar2008_XAudio_x64.cab",251194,251194,249162,14
"5575186551A4FE14F04C6E85FFB9B375B328E915","Support/Software/DirectX/Mar2008_XAudio_x86.cab",226250,226250,224152,14
"5575186551A4FE14F04C6E85FFB9B375B328E915","Support/Software/DirectX/Mar2009_d3dx10_41_x64.cab",1067160,1067160,1060563,14
"5575186551A4FE14F04C6E85FFB9B375B328E915","Support/Software/DirectX/Mar2009_d3dx10_41_x86.cab",1040745,1040745,1035703,14
"5575186551A4FE14F04C6E85FFB9B375B328E915","Support/Software/DirectX/Mar2009_d3dx9_41_x64.cab",1973702,1973702,1966092,14
"5575186551A4FE14F04C6E85FFB9B375B328E915","Support/Software/DirectX/Mar2009_d3dx9_41_x86.cab",1612446,1612446,1607990,14
"5575186551A4FE14F04C6E85FFB9B375B328E915","Support/Software/DirectX/Mar2009_X3DAudio_x64.cab",54600,54600,52391,14
"5575186551A4FE14F04C6E85FFB9B375B328E915","Support/Software/DirectX/Mar2009_X3DAudio_x86.cab",21298,21298,19078,14
"5575186551A4FE14F04C6E85FFB9B375B328E915","Support/Software/DirectX/Mar2009_XACT_x64.cab",121506,121506,119420,14
"5575186551A4FE14F04C6E85FFB9B375B328E915","Support/Software/DirectX/Mar2009_XACT_x86.cab",92740,92740,90591,14
"5575186551A4FE14F04C6E85FFB9B375B328E915","Support/Software/DirectX/Mar2009_XAudio_x64.cab",275044,275044,272953,14
"5575186551A4FE14F04C6E85FFB9B375B328E915","Support/Software/DirectX/Mar2009_XAudio_x86.cab",273018,273018,270882,14
"5575186551A4FE14F04C6E85FFB9B375B328E915","Support/Software/DirectX/Nov2007_d3dx10_36_x64.cab",864600,864600,862545,14
"5575186551A4FE14F04C6E85FFB9B375B328E915","Support/Software/DirectX/Nov2007_d3dx10_36_x86.cab",803884,803884,801800,14
"5575186551A4FE14F04C6E85FFB9B375B328E915","Support/Software/DirectX/Nov2007_d3dx9_36_x64.cab",1802058,1802058,1799814,14
"5575186551A4FE14F04C6E85FFB9B375B328E915","Support/Software/DirectX/Nov2007_d3dx9_36_x86.cab",1709360,1709360,1704019,14
"5575186551A4FE14F04C6E85FFB9B375B328E915","Support/Software/DirectX/NOV2007_X3DAudio_x64.cab",46144,46144,43941,14
"5575186551A4FE14F04C6E85FFB9B375B328E915","Support/Software/DirectX/NOV2007_X3DAudio_x86.cab",18496,18496,16258,14
"5575186551A4FE14F04C6E85FFB9B375B328E915","Support/Software/DirectX/NOV2007_XACT_x64.cab",196762,196762,194700,14
"5575186551A4FE14F04C6E85FFB9B375B328E915","Support/Software/DirectX/NOV2007_XACT_x86.cab",148264,148264,146169,14
"5575186551A4FE14F04C6E85FFB9B375B328E915","Support/Software/DirectX/Nov2008_d3dx10_40_x64.cab",994154,994154,988636,14
"5575186551A4FE14F04C6E85FFB9B375B328E915","Support/Software/DirectX/Nov2008_d3dx10_40_x86.cab",965421,965421,961167,14
"5575186551A4FE14F04C6E85FFB9B375B328E915","Support/Software/DirectX/Nov2008_d3dx9_40_x64.cab",1906878,1906878,1900499,14
"5575186551A4FE14F04C6E85FFB9B375B328E915","Support/Software/DirectX/Nov2008_d3dx9_40_x86.cab",1550796,1550796,1546785,14
"5575186551A4FE14F04C6E85FFB9B375B328E915","Support/Software/DirectX/Nov2008_X3DAudio_x64.cab",54522,54522,52317,14
"5575186551A4FE14F04C6E85FFB9B375B328E915","Support/Software/DirectX/Nov2008_X3DAudio_x86.cab",21851,21851,19598,14
"5575186551A4FE14F04C6E85FFB9B375B328E915","Support/Software/DirectX/Nov2008_XACT_x64.cab",121794,121794,119696,14
"5575186551A4FE14F04C6E85FFB9B375B328E915","Support/Software/DirectX/Nov2008_XACT_x86.cab",92684,92684,90518,14
"5575186551A4FE14F04C6E85FFB9B375B328E915","Support/Software/DirectX/Nov2008_XAudio_x64.cab",273960,273960,271856,14
"5575186551A4FE14F04C6E85FFB9B375B328E915","Support/Software/DirectX/Nov2008_XAudio_x86.cab",272611,272611,270502,14
"5575186551A4FE14F04C6E85FFB9B375B328E915","Support/Software/DirectX/Oct2005_xinput_x64.cab",86037,86037,83861,14
"5575186551A4FE14F04C6E85FFB9B375B328E915","Support/Software/DirectX/Oct2005_xinput_x86.cab",45359,45359,43194,14
"5575186551A4FE14F04C6E85FFB9B375B328E915","Support/Software/DirectX/OCT2006_d3dx9_31_x64.cab",1412902,1412902,1410210,14
"5575186551A4FE14F04C6E85FFB9B375B328E915","Support/Software/DirectX/OCT2006_d3dx9_31_x86.cab",1127217,1127217,1122040,14
"5575186551A4FE14F04C6E85FFB9B375B328E915","Support/Software/DirectX/OCT2006_XACT_x64.cab",182361,182361,180283,14
"5575186551A4FE14F04C6E85FFB9B375B328E915","Support/Software/DirectX/OCT2006_XACT_x86.cab",138017,138017,135912,14
"5575186551A4FE14F04C6E85FFB9B375B328E915","Support/Software/MicrosoftNetFramework 4.6.1/NDP461-KB3102436-x86-x64-AllOS-ENU.exe",67681000,67681000,67562222,14
"5575186551A4FE14F04C6E85FFB9B375B328E915","Support/Software/VCRedist/vc_redist.x64.exe",15301888,15301888,14235230,14
"5575186551A4FE14F04C6E85FFB9B375B328E915","Support/Software/D3d_win7/Windows6.1-KB4019990-x64.msu",2873529,2873529,2867230,14
"5575186551A4FE14F04C6E85FFB9B375B328E915","Support/Software/D3d_win7/Windows8-RT-KB4019990-x64.msu",2880092,2880092,2873844,14
"5575186551A4FE14F04C6E85FFB9B375B328E915","Support/Software/D3d_win7/Windows6.1-KB2670838-x64.msu",11840839,11840839,11834822,14
"5575186551A4FE14F04C6E85FFB9B375B328E915","Support/Software/D3d_win7/Windows8.1-KB2999226-x64.msu",1005170,1005170,998089,14
