"5271","4F08590EF54C814E505C10AAB502E6D878C03F56","0000-00-00",637,72723169750,4003693014,1421056086,3
"4F08590EF54C814E505C10AAB502E6D878C03F56","Support/FirewallHelper/FirewallInstall.exe",85720,85720,43382,0
"4F08590EF54C814E505C10AAB502E6D878C03F56","Support/FirewallHelper/FirewallInstallHelper.dll",55512,55512,25493,0
"4F08590EF54C814E505C10AAB502E6D878C03F56","Support/Cleaner/Cleaner.exe",13632,13632,8024,0
"4F08590EF54C814E505C10AAB502E6D878C03F56","Support/Redist/DirectX-Runtime/APR2007_d3dx9_33_x64.cab",1607358,1607358,1604459,0
"4F08590EF54C814E505C10AAB502E6D878C03F56","Support/Redist/DirectX-Runtime/APR2007_d3dx9_33_x86.cab",1606039,1606039,1600898,0
"4F08590EF54C814E505C10AAB502E6D878C03F56","Support/Redist/DirectX-Runtime/APR2007_XACT_x64.cab",195766,195766,193696,0
"4F08590EF54C814E505C10AAB502E6D878C03F56","Support/Redist/DirectX-Runtime/APR2007_XACT_x86.cab",151225,151225,149126,0
"4F08590EF54C814E505C10AAB502E6D878C03F56","Support/Redist/DirectX-Runtime/APR2007_xinput_x64.cab",96817,96817,94650,0
"4F08590EF54C814E505C10AAB502E6D878C03F56","Support/Redist/DirectX-Runtime/APR2007_xinput_x86.cab",53302,53302,51111,0
"4F08590EF54C814E505C10AAB502E6D878C03F56","Support/Redist/DirectX-Runtime/Aug2005_d3dx9_27_x64.cab",1350542,1350542,1348487,0
"4F08590EF54C814E505C10AAB502E6D878C03F56","Support/Redist/DirectX-Runtime/Aug2005_d3dx9_27_x86.cab",1077644,1077644,1072829,0
"4F08590EF54C814E505C10AAB502E6D878C03F56","Support/Redist/DirectX-Runtime/AUG2006_XACT_x64.cab",182903,182903,180849,0
"4F08590EF54C814E505C10AAB502E6D878C03F56","Support/Redist/DirectX-Runtime/AUG2006_XACT_x86.cab",137235,137235,135125,0
"4F08590EF54C814E505C10AAB502E6D878C03F56","Support/Redist/DirectX-Runtime/AUG2006_xinput_x64.cab",87142,87142,85003,0
"4F08590EF54C814E505C10AAB502E6D878C03F56","Support/Redist/DirectX-Runtime/AUG2006_xinput_x86.cab",46058,46058,43898,0
"4F08590EF54C814E505C10AAB502E6D878C03F56","Support/Redist/DirectX-Runtime/AUG2007_d3dx10_35_x64.cab",852286,852286,850191,0
"4F08590EF54C814E505C10AAB502E6D878C03F56","Support/Redist/DirectX-Runtime/AUG2007_d3dx10_35_x86.cab",796867,796867,794261,0
"4F08590EF54C814E505C10AAB502E6D878C03F56","Support/Redist/DirectX-Runtime/AUG2007_d3dx9_35_x64.cab",1800160,1800160,1797966,0
"4F08590EF54C814E505C10AAB502E6D878C03F56","Support/Redist/DirectX-Runtime/AUG2007_d3dx9_35_x86.cab",1708152,1708152,1703093,0
"4F08590EF54C814E505C10AAB502E6D878C03F56","Support/Redist/DirectX-Runtime/AUG2007_XACT_x64.cab",198096,198096,196036,0
"4F08590EF54C814E505C10AAB502E6D878C03F56","Support/Redist/DirectX-Runtime/AUG2007_XACT_x86.cab",153012,153012,150926,0
"4F08590EF54C814E505C10AAB502E6D878C03F56","Support/Redist/DirectX-Runtime/Aug2008_d3dx10_39_x64.cab",867612,867612,864799,0
"4F08590EF54C814E505C10AAB502E6D878C03F56","Support/Redist/DirectX-Runtime/Aug2008_d3dx10_39_x86.cab",849167,849167,846363,0
"4F08590EF54C814E505C10AAB502E6D878C03F56","Support/Redist/DirectX-Runtime/Aug2008_d3dx9_39_x64.cab",1794084,1794084,1790641,0
"4F08590EF54C814E505C10AAB502E6D878C03F56","Support/Redist/DirectX-Runtime/Aug2008_d3dx9_39_x86.cab",1464672,1464672,1462596,0
"4F08590EF54C814E505C10AAB502E6D878C03F56","Support/Redist/DirectX-Runtime/Aug2008_XACT_x64.cab",121772,121772,119651,0
"4F08590EF54C814E505C10AAB502E6D878C03F56","Support/Redist/DirectX-Runtime/Aug2008_XACT_x86.cab",92996,92996,90824,0
"4F08590EF54C814E505C10AAB502E6D878C03F56","Support/Redist/DirectX-Runtime/Aug2008_XAudio_x64.cab",271412,271412,269314,0
"4F08590EF54C814E505C10AAB502E6D878C03F56","Support/Redist/DirectX-Runtime/Aug2008_XAudio_x86.cab",271038,271038,268891,0
"4F08590EF54C814E505C10AAB502E6D878C03F56","Support/Redist/DirectX-Runtime/Aug2009_D3DCompiler_42_x64.cab",919044,919044,911897,0
"4F08590EF54C814E505C10AAB502E6D878C03F56","Support/Redist/DirectX-Runtime/Aug2009_D3DCompiler_42_x86.cab",900598,900598,895301,0
"4F08590EF54C814E505C10AAB502E6D878C03F56","Support/Redist/DirectX-Runtime/Aug2009_d3dcsx_42_x64.cab",3112111,3112111,3109978,0
"4F08590EF54C814E505C10AAB502E6D878C03F56","Support/Redist/DirectX-Runtime/Aug2009_d3dcsx_42_x86.cab",3319740,3319740,3315648,0
"4F08590EF54C814E505C10AAB502E6D878C03F56","Support/Redist/DirectX-Runtime/Aug2009_d3dx10_42_x64.cab",232635,232635,230581,0
"4F08590EF54C814E505C10AAB502E6D878C03F56","Support/Redist/DirectX-Runtime/Aug2009_d3dx10_42_x86.cab",192131,192131,190003,0
"4F08590EF54C814E505C10AAB502E6D878C03F56","Support/Redist/DirectX-Runtime/Aug2009_d3dx11_42_x64.cab",136301,136301,134308,0
"4F08590EF54C814E505C10AAB502E6D878C03F56","Support/Redist/DirectX-Runtime/Aug2009_d3dx11_42_x86.cab",105044,105044,102815,0
"4F08590EF54C814E505C10AAB502E6D878C03F56","Support/Redist/DirectX-Runtime/Aug2009_d3dx9_42_x64.cab",930116,930116,927088,0
"4F08590EF54C814E505C10AAB502E6D878C03F56","Support/Redist/DirectX-Runtime/Aug2009_d3dx9_42_x86.cab",728456,728456,725096,0
"4F08590EF54C814E505C10AAB502E6D878C03F56","Support/Redist/DirectX-Runtime/Aug2009_XACT_x64.cab",122408,122408,120284,0
"4F08590EF54C814E505C10AAB502E6D878C03F56","Support/Redist/DirectX-Runtime/Aug2009_XACT_x86.cab",93106,93106,90971,0
"4F08590EF54C814E505C10AAB502E6D878C03F56","Support/Redist/DirectX-Runtime/Aug2009_XAudio_x64.cab",273264,273264,271171,0
"4F08590EF54C814E505C10AAB502E6D878C03F56","Support/Redist/DirectX-Runtime/Aug2009_XAudio_x86.cab",272642,272642,270536,0
"4F08590EF54C814E505C10AAB502E6D878C03F56","Support/Redist/DirectX-Runtime/Dec2005_d3dx9_28_x64.cab",1357976,1357976,1355322,0
"4F08590EF54C814E505C10AAB502E6D878C03F56","Support/Redist/DirectX-Runtime/Dec2005_d3dx9_28_x86.cab",1079456,1079456,1074608,0
"4F08590EF54C814E505C10AAB502E6D878C03F56","Support/Redist/DirectX-Runtime/DEC2006_d3dx10_00_x64.cab",212807,212807,210722,0
"4F08590EF54C814E505C10AAB502E6D878C03F56","Support/Redist/DirectX-Runtime/DEC2006_d3dx10_00_x86.cab",191720,191720,189577,0
"4F08590EF54C814E505C10AAB502E6D878C03F56","Support/Redist/DirectX-Runtime/DEC2006_d3dx9_32_x64.cab",1571154,1571154,1568399,0
"4F08590EF54C814E505C10AAB502E6D878C03F56","Support/Redist/DirectX-Runtime/DEC2006_d3dx9_32_x86.cab",1574376,1574376,1569491,0
"4F08590EF54C814E505C10AAB502E6D878C03F56","Support/Redist/DirectX-Runtime/DEC2006_XACT_x64.cab",192475,192475,190396,0
"4F08590EF54C814E505C10AAB502E6D878C03F56","Support/Redist/DirectX-Runtime/DEC2006_XACT_x86.cab",145599,145599,143505,0
"4F08590EF54C814E505C10AAB502E6D878C03F56","Support/Redist/DirectX-Runtime/DSETUP.dll",95576,95576,47075,0
"4F08590EF54C814E505C10AAB502E6D878C03F56","Support/Redist/DirectX-Runtime/dsetup32.dll",1566040,1566040,115909,0
"4F08590EF54C814E505C10AAB502E6D878C03F56","Support/Redist/DirectX-Runtime/dxdllreg_x86.cab",44624,44624,42482,0
"4F08590EF54C814E505C10AAB502E6D878C03F56","Support/Redist/DirectX-Runtime/DXSETUP.exe",517976,517976,101804,0
"4F08590EF54C814E505C10AAB502E6D878C03F56","Support/Redist/DirectX-Runtime/dxupdate.cab",97152,97152,94901,0
"4F08590EF54C814E505C10AAB502E6D878C03F56","Support/Redist/DirectX-Runtime/Feb2005_d3dx9_24_x64.cab",1247499,1247499,1244922,0
"4F08590EF54C814E505C10AAB502E6D878C03F56","Support/Redist/DirectX-Runtime/Feb2005_d3dx9_24_x86.cab",1013225,1013225,1008342,0
"4F08590EF54C814E505C10AAB502E6D878C03F56","Support/Redist/DirectX-Runtime/Feb2006_d3dx9_29_x64.cab",1362796,1362796,1360185,0
"4F08590EF54C814E505C10AAB502E6D878C03F56","Support/Redist/DirectX-Runtime/Feb2006_d3dx9_29_x86.cab",1084720,1084720,1079685,0
"4F08590EF54C814E505C10AAB502E6D878C03F56","Support/Redist/DirectX-Runtime/Feb2006_XACT_x64.cab",178359,178359,176285,0
"4F08590EF54C814E505C10AAB502E6D878C03F56","Support/Redist/DirectX-Runtime/Feb2006_XACT_x86.cab",132409,132409,130142,0
"4F08590EF54C814E505C10AAB502E6D878C03F56","Support/Redist/DirectX-Runtime/FEB2007_XACT_x64.cab",194675,194675,192610,0
"4F08590EF54C814E505C10AAB502E6D878C03F56","Support/Redist/DirectX-Runtime/FEB2007_XACT_x86.cab",147983,147983,145887,0
"4F08590EF54C814E505C10AAB502E6D878C03F56","Support/Redist/DirectX-Runtime/Feb2010_X3DAudio_x64.cab",54678,54678,52477,0
"4F08590EF54C814E505C10AAB502E6D878C03F56","Support/Redist/DirectX-Runtime/Feb2010_X3DAudio_x86.cab",20713,20713,18464,0
"4F08590EF54C814E505C10AAB502E6D878C03F56","Support/Redist/DirectX-Runtime/Feb2010_XACT_x64.cab",122446,122446,120323,0
"4F08590EF54C814E505C10AAB502E6D878C03F56","Support/Redist/DirectX-Runtime/Feb2010_XACT_x86.cab",93180,93180,91043,0
"4F08590EF54C814E505C10AAB502E6D878C03F56","Support/Redist/DirectX-Runtime/Feb2010_XAudio_x64.cab",276960,276960,274871,0
"4F08590EF54C814E505C10AAB502E6D878C03F56","Support/Redist/DirectX-Runtime/Feb2010_XAudio_x86.cab",277191,277191,275079,0
"4F08590EF54C814E505C10AAB502E6D878C03F56","Support/Redist/DirectX-Runtime/Jun2005_d3dx9_26_x64.cab",1336002,1336002,1333316,0
"4F08590EF54C814E505C10AAB502E6D878C03F56","Support/Redist/DirectX-Runtime/Jun2005_d3dx9_26_x86.cab",1064925,1064925,1059886,0
"4F08590EF54C814E505C10AAB502E6D878C03F56","Support/Redist/DirectX-Runtime/JUN2006_XACT_x64.cab",180785,180785,178734,0
"4F08590EF54C814E505C10AAB502E6D878C03F56","Support/Redist/DirectX-Runtime/JUN2006_XACT_x86.cab",133671,133671,131426,0
"4F08590EF54C814E505C10AAB502E6D878C03F56","Support/Redist/DirectX-Runtime/JUN2007_d3dx10_34_x64.cab",699044,699044,696968,0
"4F08590EF54C814E505C10AAB502E6D878C03F56","Support/Redist/DirectX-Runtime/JUN2007_d3dx10_34_x86.cab",698472,698472,696399,0
"4F08590EF54C814E505C10AAB502E6D878C03F56","Support/Redist/DirectX-Runtime/JUN2007_d3dx9_34_x64.cab",1607774,1607774,1605070,0
"4F08590EF54C814E505C10AAB502E6D878C03F56","Support/Redist/DirectX-Runtime/JUN2007_d3dx9_34_x86.cab",1607286,1607286,1602095,0
"4F08590EF54C814E505C10AAB502E6D878C03F56","Support/Redist/DirectX-Runtime/JUN2007_XACT_x64.cab",197122,197122,195038,0
"4F08590EF54C814E505C10AAB502E6D878C03F56","Support/Redist/DirectX-Runtime/JUN2007_XACT_x86.cab",152909,152909,150823,0
"4F08590EF54C814E505C10AAB502E6D878C03F56","Support/Redist/DirectX-Runtime/JUN2008_d3dx10_38_x64.cab",867828,867828,865090,0
"4F08590EF54C814E505C10AAB502E6D878C03F56","Support/Redist/DirectX-Runtime/JUN2008_d3dx10_38_x86.cab",849919,849919,847157,0
"4F08590EF54C814E505C10AAB502E6D878C03F56","Support/Redist/DirectX-Runtime/JUN2008_d3dx9_38_x64.cab",1792608,1792608,1789141,0
"4F08590EF54C814E505C10AAB502E6D878C03F56","Support/Redist/DirectX-Runtime/JUN2008_d3dx9_38_x86.cab",1463878,1463878,1460619,0
"4F08590EF54C814E505C10AAB502E6D878C03F56","Support/Redist/DirectX-Runtime/JUN2008_X3DAudio_x64.cab",55154,55154,52952,0
"4F08590EF54C814E505C10AAB502E6D878C03F56","Support/Redist/DirectX-Runtime/JUN2008_X3DAudio_x86.cab",21905,21905,19681,0
"4F08590EF54C814E505C10AAB502E6D878C03F56","Support/Redist/DirectX-Runtime/JUN2008_XACT_x64.cab",121054,121054,118920,0
"4F08590EF54C814E505C10AAB502E6D878C03F56","Support/Redist/DirectX-Runtime/JUN2008_XACT_x86.cab",93128,93128,90976,0
"4F08590EF54C814E505C10AAB502E6D878C03F56","Support/Redist/DirectX-Runtime/JUN2008_XAudio_x64.cab",269628,269628,267524,0
"4F08590EF54C814E505C10AAB502E6D878C03F56","Support/Redist/DirectX-Runtime/JUN2008_XAudio_x86.cab",269024,269024,266917,0
"4F08590EF54C814E505C10AAB502E6D878C03F56","Support/Redist/DirectX-Runtime/Jun2010_D3DCompiler_43_x64.cab",944460,944460,942381,0
"4F08590EF54C814E505C10AAB502E6D878C03F56","Support/Redist/DirectX-Runtime/Jun2010_D3DCompiler_43_x86.cab",931471,931471,928562,0
"4F08590EF54C814E505C10AAB502E6D878C03F56","Support/Redist/DirectX-Runtime/Jun2010_d3dcsx_43_x64.cab",752783,752783,748290,0
"4F08590EF54C814E505C10AAB502E6D878C03F56","Support/Redist/DirectX-Runtime/Jun2010_d3dcsx_43_x86.cab",762188,762188,752535,0
"4F08590EF54C814E505C10AAB502E6D878C03F56","Support/Redist/DirectX-Runtime/Jun2010_d3dx10_43_x64.cab",235955,235955,233866,0
"4F08590EF54C814E505C10AAB502E6D878C03F56","Support/Redist/DirectX-Runtime/Jun2010_d3dx10_43_x86.cab",197283,197283,195103,0
"4F08590EF54C814E505C10AAB502E6D878C03F56","Support/Redist/DirectX-Runtime/Jun2010_d3dx11_43_x64.cab",138205,138205,136096,0
"4F08590EF54C814E505C10AAB502E6D878C03F56","Support/Redist/DirectX-Runtime/Jun2010_d3dx11_43_x86.cab",109445,109445,107204,0
"4F08590EF54C814E505C10AAB502E6D878C03F56","Support/Redist/DirectX-Runtime/Jun2010_d3dx9_43_x64.cab",937246,937246,934422,0
"4F08590EF54C814E505C10AAB502E6D878C03F56","Support/Redist/DirectX-Runtime/Jun2010_d3dx9_43_x86.cab",768036,768036,764920,0
"4F08590EF54C814E505C10AAB502E6D878C03F56","Support/Redist/DirectX-Runtime/Jun2010_XACT_x64.cab",124596,124596,122473,0
"4F08590EF54C814E505C10AAB502E6D878C03F56","Support/Redist/DirectX-Runtime/Jun2010_XACT_x86.cab",93686,93686,91545,0
"4F08590EF54C814E505C10AAB502E6D878C03F56","Support/Redist/DirectX-Runtime/Jun2010_XAudio_x64.cab",277338,277338,275253,0
"4F08590EF54C814E505C10AAB502E6D878C03F56","Support/Redist/DirectX-Runtime/Jun2010_XAudio_x86.cab",278060,278060,275939,0
"4F08590EF54C814E505C10AAB502E6D878C03F56","Support/Redist/DirectX-Runtime/Mar2008_d3dx10_37_x64.cab",844884,844884,842194,0
"4F08590EF54C814E505C10AAB502E6D878C03F56","Support/Redist/DirectX-Runtime/Mar2008_d3dx10_37_x86.cab",818260,818260,815183,0
"4F08590EF54C814E505C10AAB502E6D878C03F56","Support/Redist/DirectX-Runtime/Mar2008_d3dx9_37_x64.cab",1769862,1769862,1766187,0
"4F08590EF54C814E505C10AAB502E6D878C03F56","Support/Redist/DirectX-Runtime/Mar2008_d3dx9_37_x86.cab",1443282,1443282,1439864,0
"4F08590EF54C814E505C10AAB502E6D878C03F56","Support/Redist/DirectX-Runtime/Mar2008_X3DAudio_x64.cab",55058,55058,52851,0
"4F08590EF54C814E505C10AAB502E6D878C03F56","Support/Redist/DirectX-Runtime/Mar2008_X3DAudio_x86.cab",21867,21867,19616,0
"4F08590EF54C814E505C10AAB502E6D878C03F56","Support/Redist/DirectX-Runtime/Mar2008_XACT_x64.cab",122336,122336,120202,0
"4F08590EF54C814E505C10AAB502E6D878C03F56","Support/Redist/DirectX-Runtime/Mar2008_XACT_x86.cab",93734,93734,91589,0
"4F08590EF54C814E505C10AAB502E6D878C03F56","Support/Redist/DirectX-Runtime/Mar2008_XAudio_x64.cab",251194,251194,249162,0
"4F08590EF54C814E505C10AAB502E6D878C03F56","Support/Redist/DirectX-Runtime/Mar2008_XAudio_x86.cab",226250,226250,224152,0
"4F08590EF54C814E505C10AAB502E6D878C03F56","Support/Redist/DirectX-Runtime/Mar2009_d3dx10_41_x64.cab",1067160,1067160,1060563,0
"4F08590EF54C814E505C10AAB502E6D878C03F56","Support/Redist/DirectX-Runtime/Mar2009_d3dx10_41_x86.cab",1040745,1040745,1035703,0
"4F08590EF54C814E505C10AAB502E6D878C03F56","Support/Redist/DirectX-Runtime/Mar2009_d3dx9_41_x64.cab",1973702,1973702,1966092,0
"4F08590EF54C814E505C10AAB502E6D878C03F56","Support/Redist/DirectX-Runtime/Mar2009_d3dx9_41_x86.cab",1612446,1612446,1607990,0
"4F08590EF54C814E505C10AAB502E6D878C03F56","Support/Redist/DirectX-Runtime/Mar2009_X3DAudio_x64.cab",54600,54600,52391,0
"4F08590EF54C814E505C10AAB502E6D878C03F56","Support/Redist/DirectX-Runtime/Mar2009_X3DAudio_x86.cab",21298,21298,19078,0
"4F08590EF54C814E505C10AAB502E6D878C03F56","Support/Redist/DirectX-Runtime/Mar2009_XACT_x64.cab",121506,121506,119420,0
"4F08590EF54C814E505C10AAB502E6D878C03F56","Support/Redist/DirectX-Runtime/Mar2009_XACT_x86.cab",92740,92740,90591,0
"4F08590EF54C814E505C10AAB502E6D878C03F56","Support/Redist/DirectX-Runtime/Mar2009_XAudio_x64.cab",275044,275044,272953,0
"4F08590EF54C814E505C10AAB502E6D878C03F56","Support/Redist/DirectX-Runtime/Mar2009_XAudio_x86.cab",273018,273018,270882,0
"4F08590EF54C814E505C10AAB502E6D878C03F56","Support/Redist/DirectX-Runtime/Nov2007_d3dx10_36_x64.cab",864600,864600,862545,0
"4F08590EF54C814E505C10AAB502E6D878C03F56","Support/Redist/DirectX-Runtime/Nov2007_d3dx10_36_x86.cab",803884,803884,801800,0
"4F08590EF54C814E505C10AAB502E6D878C03F56","Support/Redist/DirectX-Runtime/Nov2007_d3dx9_36_x64.cab",1802058,1802058,1799814,0
"4F08590EF54C814E505C10AAB502E6D878C03F56","Support/Redist/DirectX-Runtime/Nov2007_d3dx9_36_x86.cab",1709360,1709360,1704019,0
"4F08590EF54C814E505C10AAB502E6D878C03F56","Support/Redist/DirectX-Runtime/NOV2007_X3DAudio_x64.cab",46144,46144,43941,0
"4F08590EF54C814E505C10AAB502E6D878C03F56","Support/Redist/DirectX-Runtime/NOV2007_X3DAudio_x86.cab",18496,18496,16258,0
"4F08590EF54C814E505C10AAB502E6D878C03F56","Support/Redist/DirectX-Runtime/NOV2007_XACT_x64.cab",196762,196762,194700,0
"4F08590EF54C814E505C10AAB502E6D878C03F56","Support/Redist/DirectX-Runtime/NOV2007_XACT_x86.cab",148264,148264,146169,0
"4F08590EF54C814E505C10AAB502E6D878C03F56","Support/Redist/DirectX-Runtime/Nov2008_d3dx10_40_x64.cab",994154,994154,988636,0
"4F08590EF54C814E505C10AAB502E6D878C03F56","Support/Redist/DirectX-Runtime/Nov2008_d3dx10_40_x86.cab",965421,965421,961167,0
"4F08590EF54C814E505C10AAB502E6D878C03F56","Support/Redist/DirectX-Runtime/Nov2008_d3dx9_40_x64.cab",1906878,1906878,1900499,0
"4F08590EF54C814E505C10AAB502E6D878C03F56","Support/Redist/DirectX-Runtime/Nov2008_d3dx9_40_x86.cab",1550796,1550796,1546785,0
"4F08590EF54C814E505C10AAB502E6D878C03F56","Support/Redist/DirectX-Runtime/Nov2008_X3DAudio_x64.cab",54522,54522,52317,0
"4F08590EF54C814E505C10AAB502E6D878C03F56","Support/Redist/DirectX-Runtime/Nov2008_X3DAudio_x86.cab",21851,21851,19598,0
"4F08590EF54C814E505C10AAB502E6D878C03F56","Support/Redist/DirectX-Runtime/Nov2008_XACT_x64.cab",121794,121794,119696,0
"4F08590EF54C814E505C10AAB502E6D878C03F56","Support/Redist/DirectX-Runtime/Nov2008_XACT_x86.cab",92684,92684,90518,0
"4F08590EF54C814E505C10AAB502E6D878C03F56","Support/Redist/DirectX-Runtime/Nov2008_XAudio_x64.cab",273960,273960,271856,0
"4F08590EF54C814E505C10AAB502E6D878C03F56","Support/Redist/DirectX-Runtime/Nov2008_XAudio_x86.cab",272611,272611,270502,0
"4F08590EF54C814E505C10AAB502E6D878C03F56","Support/Redist/DirectX-Runtime/Oct2005_xinput_x64.cab",86037,86037,83861,0
"4F08590EF54C814E505C10AAB502E6D878C03F56","Support/Redist/DirectX-Runtime/Oct2005_xinput_x86.cab",45359,45359,43194,0
"4F08590EF54C814E505C10AAB502E6D878C03F56","Support/Redist/DirectX-Runtime/OCT2006_d3dx9_31_x64.cab",1412902,1412902,1410210,0
"4F08590EF54C814E505C10AAB502E6D878C03F56","Support/Redist/DirectX-Runtime/OCT2006_d3dx9_31_x86.cab",1127217,1127217,1122040,0
"4F08590EF54C814E505C10AAB502E6D878C03F56","Support/Redist/DirectX-Runtime/OCT2006_XACT_x64.cab",182361,182361,180283,0
"4F08590EF54C814E505C10AAB502E6D878C03F56","Support/Redist/DirectX-Runtime/OCT2006_XACT_x86.cab",138017,138017,135912,0
"4F08590EF54C814E505C10AAB502E6D878C03F56","Support/Redist/VS2010Runtime/vcredist_x64.exe",5673816,5673816,5649406,0
"4F08590EF54C814E505C10AAB502E6D878C03F56","Support/Redist/VS2012Runtime/vcredist_x64.exe",7185000,7185000,6967388,0
"4F08590EF54C814E505C10AAB502E6D878C03F56","Support/Redist/VS2015Runtime/vcredist_x64.exe",14572000,14572000,14099665,0
"4F08590EF54C814E505C10AAB502E6D878C03F56","Support/Redist/VS2017Runtime/vcredist_x64.exe",15301240,15301240,14225403,0
"4F08590EF54C814E505C10AAB502E6D878C03F56","Support/InstallerResources/Autorun.exe",4671800,4671800,948878,0
"4F08590EF54C814E505C10AAB502E6D878C03F56","Support/InstallerResources/autorun.ico",136741,136741,25621,0
"4F08590EF54C814E505C10AAB502E6D878C03F56","Support/InstallerResources/autorun.inf",65,65,52,0
"4F08590EF54C814E505C10AAB502E6D878C03F56","Support/InstallerResources/game_art.png",419015,419015,419036,0
"4F08590EF54C814E505C10AAB502E6D878C03F56","Support/InstallerResources/game_art_blurred.png",159115,159115,159130,0
"4F08590EF54C814E505C10AAB502E6D878C03F56","Support/InstallerResources/UplayInstaller.exe",88924392,88924392,88571567,0
"4F08590EF54C814E505C10AAB502E6D878C03F56","Support/eula/EULA-v1.0-BRAZIL.htm",33859,33859,11743,0
"4F08590EF54C814E505C10AAB502E6D878C03F56","Support/eula/EULA-v1.0-CANADA_EN.htm",30494,30494,10719,0
"4F08590EF54C814E505C10AAB502E6D878C03F56","Support/eula/EULA-v1.0-CANADA_FR.htm",37199,37199,12335,0
"4F08590EF54C814E505C10AAB502E6D878C03F56","Support/eula/EULA-v1.0-CHINESE_SIM.htm",25598,25598,9397,0
"4F08590EF54C814E505C10AAB502E6D878C03F56","Support/eula/EULA-v1.0-CZECH_REP.htm",34017,34017,12233,0
"4F08590EF54C814E505C10AAB502E6D878C03F56","Support/eula/EULA-v1.0-DENMARK.htm",32283,32283,11518,0
"4F08590EF54C814E505C10AAB502E6D878C03F56","Support/eula/EULA-v1.0-EXPORT_EN.htm",30220,30220,10593,0
"4F08590EF54C814E505C10AAB502E6D878C03F56","Support/eula/EULA-v1.0-EXPORT_SP.htm",35569,35569,11955,0
"4F08590EF54C814E505C10AAB502E6D878C03F56","Support/eula/EULA-v1.0-FINLAND.htm",32903,32903,12046,0
"4F08590EF54C814E505C10AAB502E6D878C03F56","Support/eula/EULA-v1.0-FRANCE.htm",36962,36962,12291,0
"4F08590EF54C814E505C10AAB502E6D878C03F56","Support/eula/EULA-v1.0-GERMANY.htm",36980,36980,12912,0
"4F08590EF54C814E505C10AAB502E6D878C03F56","Support/eula/EULA-v1.0-HUNGARY.htm",34641,34641,12018,0
"4F08590EF54C814E505C10AAB502E6D878C03F56","Support/eula/EULA-v1.0-ITALY.htm",35802,35802,11663,0
"4F08590EF54C814E505C10AAB502E6D878C03F56","Support/eula/EULA-v1.0-JAPAN.htm",41673,41673,11031,0
"4F08590EF54C814E505C10AAB502E6D878C03F56","Support/eula/EULA-v1.0-NETHERLANDS.htm",36394,36394,12038,0
"4F08590EF54C814E505C10AAB502E6D878C03F56","Support/eula/EULA-v1.0-NORWAY.htm",32994,32994,11261,0
"4F08590EF54C814E505C10AAB502E6D878C03F56","Support/eula/EULA-v1.0-POLAND.htm",37450,37450,12944,0
"4F08590EF54C814E505C10AAB502E6D878C03F56","Support/eula/EULA-v1.0-PORTUGAL.htm",34023,34023,11679,0
"4F08590EF54C814E505C10AAB502E6D878C03F56","Support/eula/EULA-v1.0-RUSSIA.htm",64807,64807,14330,0
"4F08590EF54C814E505C10AAB502E6D878C03F56","Support/eula/EULA-v1.0-SPAIN.htm",35502,35502,11967,0
"4F08590EF54C814E505C10AAB502E6D878C03F56","Support/eula/EULA-v1.0-SWEDEN.htm",32997,32997,11181,0
"4F08590EF54C814E505C10AAB502E6D878C03F56","Support/eula/EULA-v1.0-UK.htm",30169,30169,10586,0
"4F08590EF54C814E505C10AAB502E6D878C03F56","Support/eula/EULA-v1.0-US.htm",34101,34101,11886,0
"4F08590EF54C814E505C10AAB502E6D878C03F56","Support/readme/ReadMe-ar.txt",14017,14017,3521,0
"4F08590EF54C814E505C10AAB502E6D878C03F56","Support/readme/ReadMe-br.txt",10679,10679,3361,0
"4F08590EF54C814E505C10AAB502E6D878C03F56","Support/readme/ReadMe-cs.txt",8868,8868,3200,0
"4F08590EF54C814E505C10AAB502E6D878C03F56","Support/readme/ReadMe-ct.txt",9240,9240,3269,0
"4F08590EF54C814E505C10AAB502E6D878C03F56","Support/readme/ReadMe-de.txt",10867,10867,3451,0
"4F08590EF54C814E505C10AAB502E6D878C03F56","Support/readme/ReadMe-en.txt",9994,9994,3204,0
"4F08590EF54C814E505C10AAB502E6D878C03F56","Support/readme/ReadMe-es.txt",11036,11036,3390,0
"4F08590EF54C814E505C10AAB502E6D878C03F56","Support/readme/ReadMe-fr.txt",10956,10956,3362,0
"4F08590EF54C814E505C10AAB502E6D878C03F56","Support/readme/ReadMe-it.txt",10746,10746,3358,0
"4F08590EF54C814E505C10AAB502E6D878C03F56","Support/readme/ReadMe-jp.txt",12194,12194,3614,0
"4F08590EF54C814E505C10AAB502E6D878C03F56","Support/readme/ReadMe-kr.txt",10677,10677,3446,0
"4F08590EF54C814E505C10AAB502E6D878C03F56","Support/readme/ReadMe-mx.txt",11010,11010,3410,0
"4F08590EF54C814E505C10AAB502E6D878C03F56","Support/readme/ReadMe-pl.txt",10902,10902,3728,0
"4F08590EF54C814E505C10AAB502E6D878C03F56","Support/readme/ReadMe-ru.txt",14766,14766,3887,0
"4F08590EF54C814E505C10AAB502E6D878C03F56","Support/readme/ReadMe-thai.txt",19293,19293,3710,0
"4F08590EF54C814E505C10AAB502E6D878C03F56","Support/readme/ReadMe-tk.txt",10794,10794,3504,0
"4F08590EF54C814E505C10AAB502E6D878C03F56","localization.lang",14,14,23,0
"4F08590EF54C814E505C10AAB502E6D878C03F56","streaminginstall.ini",29208,29208,3282,0
"4F08590EF54C814E505C10AAB502E6D878C03F56","bink2w64.dll",394960,394960,196023,0
"4F08590EF54C814E505C10AAB502E6D878C03F56","gpudatabase_win64.dll",156480,156480,23226,0
"4F08590EF54C814E505C10AAB502E6D878C03F56","dbghelp.dll",1413072,1413072,539428,0
"4F08590EF54C814E505C10AAB502E6D878C03F56","ekshaderspcvulkancompress.bin",31181418,31181418,30662308,0
"4F08590EF54C814E505C10AAB502E6D878C03F56","ekshaderspcvkinrncompress.bin",31579626,31579626,31046592,0
"4F08590EF54C814E505C10AAB502E6D878C03F56","extendedpcidevs.txt",147456,147456,17069,0
"4F08590EF54C814E505C10AAB502E6D878C03F56","symsrv.dll",114120,114120,53258,0
"4F08590EF54C814E505C10AAB502E6D878C03F56","upc_r2_loader64.dll",416920,416920,155062,0
"4F08590EF54C814E505C10AAB502E6D878C03F56","GFSDK_Txaa.win64.dll",59624,59624,16236,0
"4F08590EF54C814E505C10AAB502E6D878C03F56","amd_ags_x64.dll",172200,172200,84298,0
"4F08590EF54C814E505C10AAB502E6D878C03F56","GFSDK_Aftermath_Lib.x64.dll",1532240,1532240,450054,0
"4F08590EF54C814E505C10AAB502E6D878C03F56","vivoxsdk.dll",12551112,12551112,6921676,0
"4F08590EF54C814E505C10AAB502E6D878C03F56","NvLowLatencyVk.dll",48952,48952,23340,0
"4F08590EF54C814E505C10AAB502E6D878C03F56","nvngx_dlss.dll",14619336,14619336,8927879,0
"4F08590EF54C814E505C10AAB502E6D878C03F56","BattlEye/BELauncher.ini",97,97,101,0
"4F08590EF54C814E505C10AAB502E6D878C03F56","BattlEye/Install_BattlEye.bat",67,67,76,0
"4F08590EF54C814E505C10AAB502E6D878C03F56","BattlEye/Uninstall_BattlEye.bat",67,67,76,0
"4F08590EF54C814E505C10AAB502E6D878C03F56","BattlEye/Privacy/cs.txt",1545,1545,815,0
"4F08590EF54C814E505C10AAB502E6D878C03F56","BattlEye/Privacy/de.txt",1445,1445,738,0
"4F08590EF54C814E505C10AAB502E6D878C03F56","BattlEye/Privacy/en.txt",1302,1302,631,0
"4F08590EF54C814E505C10AAB502E6D878C03F56","BattlEye/Privacy/es.txt",1532,1532,724,0
"4F08590EF54C814E505C10AAB502E6D878C03F56","BattlEye/Privacy/es-MX.txt",1540,1540,726,0
"4F08590EF54C814E505C10AAB502E6D878C03F56","BattlEye/Privacy/fr.txt",1677,1677,807,0
"4F08590EF54C814E505C10AAB502E6D878C03F56","BattlEye/Privacy/it.txt",1376,1376,661,0
"4F08590EF54C814E505C10AAB502E6D878C03F56","BattlEye/Privacy/ja.txt",1601,1601,795,0
"4F08590EF54C814E505C10AAB502E6D878C03F56","BattlEye/Privacy/ko.txt",1407,1407,761,0
"4F08590EF54C814E505C10AAB502E6D878C03F56","BattlEye/Privacy/nl.txt",1394,1394,676,0
"4F08590EF54C814E505C10AAB502E6D878C03F56","BattlEye/Privacy/pl.txt",1610,1610,835,0
"4F08590EF54C814E505C10AAB502E6D878C03F56","BattlEye/Privacy/pt.txt",1512,1512,726,0
"4F08590EF54C814E505C10AAB502E6D878C03F56","BattlEye/Privacy/ru.txt",2012,2012,839,0
"4F08590EF54C814E505C10AAB502E6D878C03F56","BattlEye/Privacy/tr.txt",1376,1376,681,0
"4F08590EF54C814E505C10AAB502E6D878C03F56","BattlEye/Privacy/zh.txt",1052,1052,649,0
"4F08590EF54C814E505C10AAB502E6D878C03F56","BattlEye/Privacy/zh-TW.txt",1067,1067,660,0
"4F08590EF54C814E505C10AAB502E6D878C03F56","BattlEye/BEClient_x64.dll",5243680,5243680,4779944,0
"4F08590EF54C814E505C10AAB502E6D878C03F56","BattlEye/BEService_x64.exe",8885112,8885112,8424561,0
"4F08590EF54C814E505C10AAB502E6D878C03F56","R6-Extraction_BE.exe",813064,813064,604173,0
"4F08590EF54C814E505C10AAB502E6D878C03F56","Support/benchmark/benchmark_template.html",644597,644597,327948,0
"4F08590EF54C814E505C10AAB502E6D878C03F56","Support/benchmark/font_arabic1",257820,257820,94048,0
"4F08590EF54C814E505C10AAB502E6D878C03F56","Support/benchmark/font_arabic2",276064,276064,88448,0
"4F08590EF54C814E505C10AAB502E6D878C03F56","Support/benchmark/font_chinas1",812176,812176,250215,0
"4F08590EF54C814E505C10AAB502E6D878C03F56","Support/benchmark/font_chinas2",276064,276064,88448,0
"4F08590EF54C814E505C10AAB502E6D878C03F56","Support/benchmark/font_chinat1",812176,812176,250215,0
"4F08590EF54C814E505C10AAB502E6D878C03F56","Support/benchmark/font_chinat2",276064,276064,88448,0
"4F08590EF54C814E505C10AAB502E6D878C03F56","Support/benchmark/font_japan1",812176,812176,250215,0
"4F08590EF54C814E505C10AAB502E6D878C03F56","Support/benchmark/font_japan2",276064,276064,88448,0
"4F08590EF54C814E505C10AAB502E6D878C03F56","Support/benchmark/font_korea1",812176,812176,250215,0
"4F08590EF54C814E505C10AAB502E6D878C03F56","Support/benchmark/font_korea2",276064,276064,88448,0
"4F08590EF54C814E505C10AAB502E6D878C03F56","Support/benchmark/font1",156546,156546,58019,0
"4F08590EF54C814E505C10AAB502E6D878C03F56","Support/benchmark/font2",146642,146642,71171,0
"4F08590EF54C814E505C10AAB502E6D878C03F56","dbdata.dll",413256,413256,154360,0
"4F08590EF54C814E505C10AAB502E6D878C03F56","R6-Extraction.exe",432148288,432148288,239672846,0
"4F08590EF54C814E505C10AAB502E6D878C03F56","R6-Extraction.exe.manifest",766,766,350,0
"4F08590EF54C814E505C10AAB502E6D878C03F56","R6-Extraction_Plus.exe",471620928,471620928,262040590,0
"4F08590EF54C814E505C10AAB502E6D878C03F56","R6-Extraction_Plus.exe.manifest",766,766,350,0
"4F08590EF54C814E505C10AAB502E6D878C03F56","defaultargs.dll",88576,88576,42521,0
"4F08590EF54C814E505C10AAB502E6D878C03F56","datapc64.forge",21692416,21692416,19102700,0
"4F08590EF54C814E505C10AAB502E6D878C03F56","datapc64_merged_playgo_bnk_000000002_animation.forge",1507328,1507328,1271990,0
"4F08590EF54C814E505C10AAB502E6D878C03F56","datapc64_merged_playgo_bnk_000000002_guitextures0.forge",3211264,3211264,2884467,0
"4F08590EF54C814E505C10AAB502E6D878C03F56","datapc64_merged_playgo_bnk_000000002_guitextures1.forge",8454144,8454144,8068858,0
"4F08590EF54C814E505C10AAB502E6D878C03F56","datapc64_merged_playgo_bnk_000000002_mesh.forge",5439488,5439488,5320802,0
"4F08590EF54C814E505C10AAB502E6D878C03F56","datapc64_merged_playgo_bnk_000000002_textures0.forge",13893632,13893632,13673909,0
"4F08590EF54C814E505C10AAB502E6D878C03F56","datapc64_merged_playgo_bnk_000000002_textures1.forge",17203200,17203200,17073505,0
"4F08590EF54C814E505C10AAB502E6D878C03F56","datapc64_merged_playgo_bnk_000000002_textures2.forge",12713984,12713984,12653575,0
"4F08590EF54C814E505C10AAB502E6D878C03F56","datapc64_merged_playgo_bnk_000000002_textures3.forge",5603328,5603328,5548670,0
"4F08590EF54C814E505C10AAB502E6D878C03F56","datapc64_merged_playgo_bnk_000000004_animation.forge",14778368,14778368,13477380,0
"4F08590EF54C814E505C10AAB502E6D878C03F56","datapc64_merged_playgo_bnk_000000004_guitextures0.forge",3702784,3702784,3446060,0
"4F08590EF54C814E505C10AAB502E6D878C03F56","datapc64_merged_playgo_bnk_000000004_guitextures1.forge",10616832,10616832,10438196,0
"4F08590EF54C814E505C10AAB502E6D878C03F56","datapc64_merged_playgo_bnk_000000004_mesh.forge",6389760,6389760,6305809,0
"4F08590EF54C814E505C10AAB502E6D878C03F56","datapc64_merged_playgo_bnk_000000004_textures0.forge",15892480,15892480,15657596,0
"4F08590EF54C814E505C10AAB502E6D878C03F56","datapc64_merged_playgo_bnk_000000004_textures1.forge",28835840,28835840,28674008,0
"4F08590EF54C814E505C10AAB502E6D878C03F56","datapc64_merged_playgo_bnk_000000004_textures2.forge",33423360,33423360,33317704,0
"4F08590EF54C814E505C10AAB502E6D878C03F56","datapc64_merged_playgo_bnk_000000004_textures3.forge",23887872,23887872,23846121,0
"4F08590EF54C814E505C10AAB502E6D878C03F56","datapc64_merged_playgo_bnk_000000005_animation.forge",1966080,1966080,1695249,0
"4F08590EF54C814E505C10AAB502E6D878C03F56","datapc64_merged_playgo_bnk_000000005_guitextures0.forge",262144,262144,160191,0
"4F08590EF54C814E505C10AAB502E6D878C03F56","datapc64_merged_playgo_bnk_000000005_guitextures1.forge",524288,524288,426286,0
"4F08590EF54C814E505C10AAB502E6D878C03F56","datapc64_merged_playgo_bnk_000000005_mesh.forge",6488064,6488064,6306916,0
"4F08590EF54C814E505C10AAB502E6D878C03F56","datapc64_merged_playgo_bnk_000000005_meshshape.forge",32768,32768,8131,0
"4F08590EF54C814E505C10AAB502E6D878C03F56","datapc64_merged_playgo_bnk_000000005_textures0.forge",2523136,2523136,2440602,0
"4F08590EF54C814E505C10AAB502E6D878C03F56","datapc64_merged_playgo_bnk_000000005_textures1.forge",2621440,2621440,2528958,0
"4F08590EF54C814E505C10AAB502E6D878C03F56","datapc64_merged_playgo_bnk_000000005_textures2.forge",6062080,6062080,5973320,0
"4F08590EF54C814E505C10AAB502E6D878C03F56","datapc64_merged_playgo_bnk_000000005_textures3.forge",11436032,11436032,11379291,0
"4F08590EF54C814E505C10AAB502E6D878C03F56","datapc64_merged_playgo_bnk_000000007_animation.forge",983040,983040,828254,0
"4F08590EF54C814E505C10AAB502E6D878C03F56","datapc64_merged_playgo_bnk_000000007_guitextures0.forge",950272,950272,872378,0
"4F08590EF54C814E505C10AAB502E6D878C03F56","datapc64_merged_playgo_bnk_000000007_guitextures1.forge",2260992,2260992,2204740,0
"4F08590EF54C814E505C10AAB502E6D878C03F56","datapc64_merged_playgo_bnk_000000007_mesh.forge",851968,851968,760165,0
"4F08590EF54C814E505C10AAB502E6D878C03F56","datapc64_merged_playgo_bnk_000000007_textures0.forge",9633792,9633792,9561818,0
"4F08590EF54C814E505C10AAB502E6D878C03F56","datapc64_merged_playgo_bnk_000000007_textures1.forge",1441792,1441792,1414968,0
"4F08590EF54C814E505C10AAB502E6D878C03F56","datapc64_merged_playgo_bnk_000000007_textures2.forge",1474560,1474560,1455843,0
"4F08590EF54C814E505C10AAB502E6D878C03F56","datapc64_merged_playgo_bnk_000000007_textures3.forge",2686976,2686976,2642747,0
"4F08590EF54C814E505C10AAB502E6D878C03F56","datapc64_merged_playgo_bnk_animation.forge",204308480,204308480,176462497,0
"4F08590EF54C814E505C10AAB502E6D878C03F56","datapc64_merged_playgo_bnk_guitextures0.forge",185499648,185499648,170999590,0
"4F08590EF54C814E505C10AAB502E6D878C03F56","datapc64_merged_playgo_bnk_guitextures1.forge",44957696,44957696,43272384,0
"4F08590EF54C814E505C10AAB502E6D878C03F56","datapc64_merged_playgo_bnk_mesh.forge",205291520,205291520,192701046,0
"4F08590EF54C814E505C10AAB502E6D878C03F56","datapc64_merged_playgo_bnk_meshshape.forge",4587520,4587520,4387676,0
"4F08590EF54C814E505C10AAB502E6D878C03F56","datapc64_merged_playgo_bnk_textures0.forge",411369472,411369472,395797285,0
"4F08590EF54C814E505C10AAB502E6D878C03F56","datapc64_merged_playgo_bnk_textures1.forge",994803712,994803712,984515007,0
"4F08590EF54C814E505C10AAB502E6D878C03F56","datapc64_merged_playgo_bnk_textures2.forge",610074624,610074624,603858261,0
"4F08590EF54C814E505C10AAB502E6D878C03F56","datapc64_merged_playgo_bnk_textures3.forge",884899840,884899840,880193374,0
"4F08590EF54C814E505C10AAB502E6D878C03F56","datapc64_ondemand_playgo.forge",137756672,137756672,101393882,0
"4F08590EF54C814E505C10AAB502E6D878C03F56","datapc64_ondemand_playgo_cn.forge",32768,32768,517,0
"4F08590EF54C814E505C10AAB502E6D878C03F56","datapc64_ondemand_playgo_ww.forge",32768,32768,518,0
"4F08590EF54C814E505C10AAB502E6D878C03F56","datapc64_r6_menuworld_playgo.forge",655360,655360,486293,0
"4F08590EF54C814E505C10AAB502E6D878C03F56","datapc64_r6_menuworld_playgo_bnk_gidata.forge",7405568,7405568,7328370,0
"4F08590EF54C814E505C10AAB502E6D878C03F56","datapc64_ui_playgo.forge",61833216,61833216,59419438,0
"4F08590EF54C814E505C10AAB502E6D878C03F56","datapc64_quar_ny02_libertyisland.forge",72220672,72220672,71712530,0
"4F08590EF54C814E505C10AAB502E6D878C03F56","datapc64_quar_ny02_libertyisland_set01_bnk_gidata.forge",147652608,147652608,147567791,0
"4F08590EF54C814E505C10AAB502E6D878C03F56","datapc64_ondemand_set01.forge",32768,32768,515,0
"4F08590EF54C814E505C10AAB502E6D878C03F56","datapc64_ondemand_set01_cn.forge",32768,32768,518,0
"4F08590EF54C814E505C10AAB502E6D878C03F56","datapc64_ondemand_set01_ww.forge",32768,32768,517,0
"4F08590EF54C814E505C10AAB502E6D878C03F56","datapc64_merged_set01_bnk_000000002_textures0.forge",65536,65536,20311,0
"4F08590EF54C814E505C10AAB502E6D878C03F56","datapc64_merged_set01_bnk_000000002_textures1.forge",98304,98304,68866,0
"4F08590EF54C814E505C10AAB502E6D878C03F56","datapc64_merged_set01_bnk_000000002_textures2.forge",98304,98304,58415,0
"4F08590EF54C814E505C10AAB502E6D878C03F56","datapc64_merged_set01_bnk_000000002_textures3.forge",131072,131072,117950,0
"4F08590EF54C814E505C10AAB502E6D878C03F56","datapc64_merged_set01_bnk_000000004_animation.forge",32768,32768,959,0
"4F08590EF54C814E505C10AAB502E6D878C03F56","datapc64_merged_set01_bnk_000000004_guitextures0.forge",32768,32768,1709,0
"4F08590EF54C814E505C10AAB502E6D878C03F56","datapc64_merged_set01_bnk_000000004_textures0.forge",7274496,7274496,7241279,0
"4F08590EF54C814E505C10AAB502E6D878C03F56","datapc64_merged_set01_bnk_000000004_textures1.forge",1835008,1835008,1791058,0
"4F08590EF54C814E505C10AAB502E6D878C03F56","datapc64_merged_set01_bnk_000000004_textures3.forge",5373952,5373952,5346107,0
"4F08590EF54C814E505C10AAB502E6D878C03F56","datapc64_merged_set01_bnk_000000005_mesh.forge",557056,557056,509242,0
"4F08590EF54C814E505C10AAB502E6D878C03F56","datapc64_merged_set01_bnk_000000005_meshshape.forge",163840,163840,127392,0
"4F08590EF54C814E505C10AAB502E6D878C03F56","datapc64_merged_set01_bnk_000000005_textures0.forge",31064064,31064064,30778653,0
"4F08590EF54C814E505C10AAB502E6D878C03F56","datapc64_merged_set01_bnk_000000007_mesh.forge",32768,32768,20162,0
"4F08590EF54C814E505C10AAB502E6D878C03F56","datapc64_merged_set01_bnk_animation.forge",3768320,3768320,3419273,0
"4F08590EF54C814E505C10AAB502E6D878C03F56","datapc64_merged_set01_bnk_guitextures0.forge",360448,360448,328394,0
"4F08590EF54C814E505C10AAB502E6D878C03F56","datapc64_merged_set01_bnk_guitextures1.forge",32768,32768,2446,0
"4F08590EF54C814E505C10AAB502E6D878C03F56","datapc64_merged_set01_bnk_mesh.forge",210141184,210141184,183069577,0
"4F08590EF54C814E505C10AAB502E6D878C03F56","datapc64_merged_set01_bnk_meshshape.forge",72122368,72122368,61799091,0
"4F08590EF54C814E505C10AAB502E6D878C03F56","datapc64_merged_set01_bnk_textures0.forge",96763904,96763904,89428341,0
"4F08590EF54C814E505C10AAB502E6D878C03F56","datapc64_merged_set01_bnk_textures1.forge",167772160,167772160,162082429,0
"4F08590EF54C814E505C10AAB502E6D878C03F56","datapc64_merged_set01_bnk_textures2.forge",514490368,514490368,508776705,0
"4F08590EF54C814E505C10AAB502E6D878C03F56","datapc64_merged_set01_bnk_textures3.forge",535232512,535232512,530525467,0
"4F08590EF54C814E505C10AAB502E6D878C03F56","videos/startup/y1s1_pressstart_main.bk2",119999164,119999164,117662398,0
"4F08590EF54C814E505C10AAB502E6D878C03F56","videos/startup/y0s0_logo_ubisoft.bk2",72132420,72132420,71354652,0
"4F08590EF54C814E505C10AAB502E6D878C03F56","videos/y1s1_cgi_playgo.bk2",343344868,343344868,338569844,0
"4F08590EF54C814E505C10AAB502E6D878C03F56","videos/y1s1_ny_libertyisland_depository_mg.bk2",32122340,32122340,31834478,0
"4F08590EF54C814E505C10AAB502E6D878C03F56","videos/y1s1_extraction_playgo.bk2",28004704,28004704,27994270,0
"4F08590EF54C814E505C10AAB502E6D878C03F56","videos/y1s1_extraction_fail.bk2",28006632,28006632,27291160,0
"4F08590EF54C814E505C10AAB502E6D878C03F56","videos/y1s1_training_mograph_intro.bk2",25040508,25040508,24257602,0
"4F08590EF54C814E505C10AAB502E6D878C03F56","videos/y1s1_training_mograph_outro.bk2",6444776,6444776,6302248,0
"4F08590EF54C814E505C10AAB502E6D878C03F56","videos/y1s1_extraction_newyork.bk2",27998648,27998648,27826556,0
"4F08590EF54C814E505C10AAB502E6D878C03F56","videos/y1s1_cgi_react_tech.bk2",296545296,296545296,294503260,0
"4F08590EF54C814E505C10AAB502E6D878C03F56","videos/y1s1_cgi_opening.bk2",502963844,502963844,500217397,0
"4F08590EF54C814E505C10AAB502E6D878C03F56","videos/y1s1_on_boarding_homepage.bk2",303435440,303435440,302741012,0
"4F08590EF54C814E505C10AAB502E6D878C03F56","videos/operatorabilities/y1s1_alibi1.bk2",14934768,14934768,14897908,0
"4F08590EF54C814E505C10AAB502E6D878C03F56","videos/operatorabilities/y1s1_alibi7.bk2",15815276,15815276,15723449,0
"4F08590EF54C814E505C10AAB502E6D878C03F56","videos/operatorabilities/y1s1_capitao1.bk2",26180644,26180644,26131445,0
"4F08590EF54C814E505C10AAB502E6D878C03F56","videos/operatorabilities/y1s1_doc1.bk2",22334596,22334596,22304862,0
"4F08590EF54C814E505C10AAB502E6D878C03F56","videos/operatorabilities/y1s1_ela1.bk2",7329284,7329284,7318714,0
"4F08590EF54C814E505C10AAB502E6D878C03F56","videos/operatorabilities/y1s1_fuze1.bk2",16906784,16906784,16843078,0
"4F08590EF54C814E505C10AAB502E6D878C03F56","videos/operatorabilities/y1s1_gridlock1.bk2",3869748,3869748,3868385,0
"4F08590EF54C814E505C10AAB502E6D878C03F56","videos/operatorabilities/y1s1_gridlock10.bk2",19385088,19385088,19384690,0
"4F08590EF54C814E505C10AAB502E6D878C03F56","videos/operatorabilities/y1s1_hibana1.bk2",17764596,17764596,17738173,0
"4F08590EF54C814E505C10AAB502E6D878C03F56","videos/operatorabilities/y1s1_iq1.bk2",10138820,10138820,10137894,0
"4F08590EF54C814E505C10AAB502E6D878C03F56","videos/operatorabilities/y1s1_jager1.bk2",14052956,14052956,13991096,0
"4F08590EF54C814E505C10AAB502E6D878C03F56","videos/operatorabilities/y1s1_lion1.bk2",7746296,7746296,7735885,0
"4F08590EF54C814E505C10AAB502E6D878C03F56","videos/operatorabilities/y1s1_nomad1.bk2",8264300,8264300,8263513,0
"4F08590EF54C814E505C10AAB502E6D878C03F56","videos/operatorabilities/y1s1_nomad7.bk2",7511188,7511188,7482874,0
"4F08590EF54C814E505C10AAB502E6D878C03F56","videos/operatorabilities/y1s1_ops_sledge_ability01.bk2",14610948,14610948,14600517,0
"4F08590EF54C814E505C10AAB502E6D878C03F56","videos/operatorabilities/y1s1_pulse1.bk2",10967444,10967444,10961542,0
"4F08590EF54C814E505C10AAB502E6D878C03F56","videos/operatorabilities/y1s1_pulse7.bk2",19031616,19031616,19006036,0
"4F08590EF54C814E505C10AAB502E6D878C03F56","videos/operatorabilities/y1s1_rook1.bk2",9238576,9238576,9191395,0
"4F08590EF54C814E505C10AAB502E6D878C03F56","videos/operatorabilities/y1s1_sledge1.bk2",11220124,11220124,11181904,0
"4F08590EF54C814E505C10AAB502E6D878C03F56","videos/operatorabilities/y1s1_sledge10.bk2",9090964,9090964,9078524,0
"4F08590EF54C814E505C10AAB502E6D878C03F56","videos/operatorabilities/y1s1_sledge2.bk2",7706880,7706880,7685745,0
"4F08590EF54C814E505C10AAB502E6D878C03F56","videos/operatorabilities/y1s1_sledge7.bk2",9093216,9093216,9092575,0
"4F08590EF54C814E505C10AAB502E6D878C03F56","videos/operatorabilities/y1s1_smoke1.bk2",14714448,14714448,14691474,0
"4F08590EF54C814E505C10AAB502E6D878C03F56","videos/operatorabilities/y1s1_smoke7.bk2",17569348,17569348,17540601,0
"4F08590EF54C814E505C10AAB502E6D878C03F56","videos/operatorabilities/y1s1_tachanka1.bk2",14069336,14069336,14010856,0
"4F08590EF54C814E505C10AAB502E6D878C03F56","videos/operatorabilities/y1s1_vigil1.bk2",17556700,17556700,17503701,0
"4F08590EF54C814E505C10AAB502E6D878C03F56","videos/operatorabilities/y1s1_zofia1.bk2",25868004,25868004,25847283,0
"4F08590EF54C814E505C10AAB502E6D878C03F56","videos/y1c1_cgi_crisis_spillover.bk2",174385472,174385472,174169495,0
"4F08590EF54C814E505C10AAB502E6D878C03F56","videos/y1s1_cgi_ending.bk2",414138688,414138688,407660229,0
"4F08590EF54C814E505C10AAB502E6D878C03F56","datapc64_bootstrap.depgraphbin",5908,5908,5718,0
"4F08590EF54C814E505C10AAB502E6D878C03F56","datapc64_ondemand.depgraphbin",308854,308854,267370,0
"4F08590EF54C814E505C10AAB502E6D878C03F56","datapc64_ondemand_playgo.depgraphbin",248434,248434,218885,0
"4F08590EF54C814E505C10AAB502E6D878C03F56","datapc64_quar_ak10_compound.depgraphbin",97174,97174,93849,0
"4F08590EF54C814E505C10AAB502E6D878C03F56","datapc64_quar_ak11_arcticbase.depgraphbin",88619,88619,85532,0
"4F08590EF54C814E505C10AAB502E6D878C03F56","datapc64_quar_ak12_nome.depgraphbin",93531,93531,89903,0
"4F08590EF54C814E505C10AAB502E6D878C03F56","datapc64_quar_den_parasite_lair.depgraphbin",2438,2438,2291,0
"4F08590EF54C814E505C10AAB502E6D878C03F56","datapc64_quar_den_salt_mines.depgraphbin",14369,14369,13718,0
"4F08590EF54C814E505C10AAB502E6D878C03F56","datapc64_quar_den_sewers.depgraphbin",3459,3459,3295,0
"4F08590EF54C814E505C10AAB502E6D878C03F56","datapc64_quar_den_subway.depgraphbin",16749,16749,15922,0
"4F08590EF54C814E505C10AAB502E6D878C03F56","datapc64_quar_den_turbine_room.depgraphbin",18418,18418,17707,0
"4F08590EF54C814E505C10AAB502E6D878C03F56","datapc64_quar_den_vertical_shaft.depgraphbin",19292,19292,18751,0
"4F08590EF54C814E505C10AAB502E6D878C03F56","datapc64_quar_ny01_hotel.depgraphbin",89203,89203,85804,0
"4F08590EF54C814E505C10AAB502E6D878C03F56","datapc64_quar_ny02_libertyisland_set01.depgraphbin",80964,80964,77638,0
"4F08590EF54C814E505C10AAB502E6D878C03F56","datapc64_quar_ny03_policestation.depgraphbin",88603,88603,85411,0
"4F08590EF54C814E505C10AAB502E6D878C03F56","datapc64_quar_sf04_block.depgraphbin",85414,85414,82254,0
"4F08590EF54C814E505C10AAB502E6D878C03F56","datapc64_quar_sf05_foundationspace.depgraphbin",79318,79318,76281,0
"4F08590EF54C814E505C10AAB502E6D878C03F56","datapc64_quar_sf06_casino.depgraphbin",87168,87168,83747,0
"4F08590EF54C814E505C10AAB502E6D878C03F56","datapc64_quar_tc07_hospital.depgraphbin",91681,91681,87773,0
"4F08590EF54C814E505C10AAB502E6D878C03F56","datapc64_quar_tc08_city.depgraphbin",93192,93192,89457,0
"4F08590EF54C814E505C10AAB502E6D878C03F56","datapc64_quar_tc09_dam.depgraphbin",82498,82498,79235,0
"4F08590EF54C814E505C10AAB502E6D878C03F56","datapc64_r6_menuworld_playgo.depgraphbin",1928,1928,1857,0
"4F08590EF54C814E505C10AAB502E6D878C03F56","datapc64_tst_world_empty.depgraphbin",503,503,513,0
"4F08590EF54C814E505C10AAB502E6D878C03F56","datapc64_ui_playgo.depgraphbin",27958,27958,22907,0
"4F08590EF54C814E505C10AAB502E6D878C03F56","sounddata/pc/sounds_sfx.pck",321320531,321320531,282083230,0
"4F08590EF54C814E505C10AAB502E6D878C03F56","sounddata/pc/sounds_sfx_001321616.pck",27033310,27033310,26746805,0
"4F08590EF54C814E505C10AAB502E6D878C03F56","sounddata/pc/sounds_sfx_001328822.pck",11444016,11444016,11367705,0
"4F08590EF54C814E505C10AAB502E6D878C03F56","sounddata/pc/sounds_sfx_032753931.pck",56492293,56492293,51452576,0
"4F08590EF54C814E505C10AAB502E6D878C03F56","sounddata/pc/sounds_sfx_033326038.pck",48694752,48694752,44964142,0
"4F08590EF54C814E505C10AAB502E6D878C03F56","sounddata/pc/sounds_sfx_bootstrap.pck",2707962031,2707962031,2641283240,0
"4F08590EF54C814E505C10AAB502E6D878C03F56","sounddata/pc/sounds_sfx_bootstrap_001321616.pck",72990232,72990232,53204195,0
"4F08590EF54C814E505C10AAB502E6D878C03F56","sounddata/pc/sounds_sfx_bootstrap_032753931.pck",111473763,111473763,90955628,0
"4F08590EF54C814E505C10AAB502E6D878C03F56","sounddata/pc/sounds_sfx_bootstrap_033326038.pck",48731468,48731468,29064090,0
"4F08590EF54C814E505C10AAB502E6D878C03F56","sounddata/pc/sounds_sfx_maps.pck",1993550648,1993550648,1656511907,0
"4F08590EF54C814E505C10AAB502E6D878C03F56","sounddata/pc/sounds_sfx_maps_001321616.pck",36758,36758,7949,0
"4F08590EF54C814E505C10AAB502E6D878C03F56","sounddata/pc/sounds_sfx_maps_032753931.pck",36424,36424,7868,0
"4F08590EF54C814E505C10AAB502E6D878C03F56","sounddata/pc/sounds_sfx_maps_033326038.pck",18304223,18304223,14312640,0
"4F08590EF54C814E505C10AAB502E6D878C03F56","sounddata/pc/sounds_sfx_playgo.pck",1084187554,1084187554,878000005,0
"4F08590EF54C814E505C10AAB502E6D878C03F56","sounddata/pc/sounds_sfx_playgo_001321616.pck",119299741,119299741,98367675,0
"4F08590EF54C814E505C10AAB502E6D878C03F56","sounddata/pc/sounds_sfx_playgo_032753931.pck",257021399,257021399,223748349,0
"4F08590EF54C814E505C10AAB502E6D878C03F56","sounddata/pc/sounds_sfx_playgo_033326038.pck",48102984,48102984,43436870,0
"4F08590EF54C814E505C10AAB502E6D878C03F56","sounddata/pc/sounds_eng_playgo.pck",101215490,101215490,92453755,1
"4F08590EF54C814E505C10AAB502E6D878C03F56","sounddata/pc/sounds_eng_playgo_001321616.pck",6544924,6544924,5838527,1
"4F08590EF54C814E505C10AAB502E6D878C03F56","sounddata/pc/sounds_eng_playgo_032753931.pck",6524686,6524686,5914764,1
"4F08590EF54C814E505C10AAB502E6D878C03F56","sounddata/pc/sounds_eng_playgo_033326038.pck",5992413,5992413,5428964,1
"4F08590EF54C814E505C10AAB502E6D878C03F56","sounddata/pc/sounds_eng.pck",160981091,160981091,140018816,2
"4F08590EF54C814E505C10AAB502E6D878C03F56","sounddata/pc/sounds_eng_001321616.pck",2649266,2649266,2238733,2
"4F08590EF54C814E505C10AAB502E6D878C03F56","sounddata/pc/sounds_eng_001328822.pck",89018,89018,74712,2
"4F08590EF54C814E505C10AAB502E6D878C03F56","sounddata/pc/sounds_eng_032753931.pck",3571555,3571555,3281263,2
"4F08590EF54C814E505C10AAB502E6D878C03F56","sounddata/pc/sounds_eng_033326038.pck",29055958,29055958,25115842,2
"4F08590EF54C814E505C10AAB502E6D878C03F56","sounddata/pc/sounds_fre_playgo.pck",103218740,103218740,94435616,3
"4F08590EF54C814E505C10AAB502E6D878C03F56","sounddata/pc/sounds_fre_playgo_001321616.pck",6798876,6798876,6004052,3
"4F08590EF54C814E505C10AAB502E6D878C03F56","sounddata/pc/sounds_fre_playgo_032753931.pck",7289690,7289690,6606386,3
"4F08590EF54C814E505C10AAB502E6D878C03F56","sounddata/pc/sounds_fre_playgo_033326038.pck",5976690,5976690,5399784,3
"4F08590EF54C814E505C10AAB502E6D878C03F56","sounddata/pc/sounds_fre.pck",167571829,167571829,146662124,4
"4F08590EF54C814E505C10AAB502E6D878C03F56","sounddata/pc/sounds_fre_001321616.pck",2631825,2631825,2211393,4
"4F08590EF54C814E505C10AAB502E6D878C03F56","sounddata/pc/sounds_fre_001328822.pck",78467,78467,65189,4
"4F08590EF54C814E505C10AAB502E6D878C03F56","sounddata/pc/sounds_fre_032753931.pck",3819917,3819917,3489187,4
"4F08590EF54C814E505C10AAB502E6D878C03F56","sounddata/pc/sounds_fre_033326038.pck",31482622,31482622,27529228,4
"4F08590EF54C814E505C10AAB502E6D878C03F56","sounddata/pc/sounds_ita_playgo.pck",107938711,107938711,99038977,5
"4F08590EF54C814E505C10AAB502E6D878C03F56","sounddata/pc/sounds_ita_playgo_001321616.pck",6921756,6921756,6103295,5
"4F08590EF54C814E505C10AAB502E6D878C03F56","sounddata/pc/sounds_ita_playgo_032753931.pck",7436975,7436975,6725646,5
"4F08590EF54C814E505C10AAB502E6D878C03F56","sounddata/pc/sounds_ita_playgo_033326038.pck",6077166,6077166,5484624,5
"4F08590EF54C814E505C10AAB502E6D878C03F56","sounddata/pc/sounds_ita.pck",177678834,177678834,156622456,6
"4F08590EF54C814E505C10AAB502E6D878C03F56","sounddata/pc/sounds_ita_001321616.pck",3069684,3069684,2625163,6
"4F08590EF54C814E505C10AAB502E6D878C03F56","sounddata/pc/sounds_ita_001328822.pck",78657,78657,65478,6
"4F08590EF54C814E505C10AAB502E6D878C03F56","sounddata/pc/sounds_ita_032753931.pck",4012182,4012182,3687802,6
"4F08590EF54C814E505C10AAB502E6D878C03F56","sounddata/pc/sounds_ita_033326038.pck",32878463,32878463,28946348,6
"4F08590EF54C814E505C10AAB502E6D878C03F56","sounddata/pc/sounds_ger_playgo.pck",104859726,104859726,96018672,7
"4F08590EF54C814E505C10AAB502E6D878C03F56","sounddata/pc/sounds_ger_playgo_001321616.pck",6778396,6778396,5956041,7
"4F08590EF54C814E505C10AAB502E6D878C03F56","sounddata/pc/sounds_ger_playgo_032753931.pck",7484929,7484929,6709789,7
"4F08590EF54C814E505C10AAB502E6D878C03F56","sounddata/pc/sounds_ger_playgo_033326038.pck",5975658,5975658,5355524,7
"4F08590EF54C814E505C10AAB502E6D878C03F56","sounddata/pc/sounds_ger.pck",174075162,174075162,153139907,8
"4F08590EF54C814E505C10AAB502E6D878C03F56","sounddata/pc/sounds_ger_001321616.pck",2892678,2892678,2450612,8
"4F08590EF54C814E505C10AAB502E6D878C03F56","sounddata/pc/sounds_ger_001328822.pck",78200,78200,68063,8
"4F08590EF54C814E505C10AAB502E6D878C03F56","sounddata/pc/sounds_ger_032753931.pck",4017636,4017636,3668137,8
"4F08590EF54C814E505C10AAB502E6D878C03F56","sounddata/pc/sounds_ger_033326038.pck",31312049,31312049,27373923,8
"4F08590EF54C814E505C10AAB502E6D878C03F56","sounddata/pc/sounds_spa_playgo.pck",108360587,108360587,99490774,9
"4F08590EF54C814E505C10AAB502E6D878C03F56","sounddata/pc/sounds_spa_playgo_001321616.pck",6843932,6843932,6063980,9
"4F08590EF54C814E505C10AAB502E6D878C03F56","sounddata/pc/sounds_spa_playgo_032753931.pck",7329887,7329887,6702117,9
"4F08590EF54C814E505C10AAB502E6D878C03F56","sounddata/pc/sounds_spa_playgo_033326038.pck",6096513,6096513,5535938,9
"4F08590EF54C814E505C10AAB502E6D878C03F56","sounddata/pc/sounds_spa.pck",176710796,176710796,155683089,10
"4F08590EF54C814E505C10AAB502E6D878C03F56","sounddata/pc/sounds_spa_001321616.pck",2840739,2840739,2416968,10
"4F08590EF54C814E505C10AAB502E6D878C03F56","sounddata/pc/sounds_spa_001328822.pck",79557,79557,67904,10
"4F08590EF54C814E505C10AAB502E6D878C03F56","sounddata/pc/sounds_spa_032753931.pck",3979791,3979791,3679776,10
"4F08590EF54C814E505C10AAB502E6D878C03F56","sounddata/pc/sounds_spa_033326038.pck",33027567,33027567,29026905,10
"4F08590EF54C814E505C10AAB502E6D878C03F56","sounddata/pc/sounds_mex_playgo.pck",103963271,103963271,95145485,11
"4F08590EF54C814E505C10AAB502E6D878C03F56","sounddata/pc/sounds_mex_playgo_001321616.pck",6680092,6680092,5904386,11
"4F08590EF54C814E505C10AAB502E6D878C03F56","sounddata/pc/sounds_mex_playgo_032753931.pck",7294083,7294083,6627466,11
"4F08590EF54C814E505C10AAB502E6D878C03F56","sounddata/pc/sounds_mex_playgo_033326038.pck",5920252,5920252,5356614,11
"4F08590EF54C814E505C10AAB502E6D878C03F56","sounddata/pc/sounds_mex.pck",172788590,172788590,151333534,12
"4F08590EF54C814E505C10AAB502E6D878C03F56","sounddata/pc/sounds_mex_001321616.pck",2857211,2857211,2429198,12
"4F08590EF54C814E505C10AAB502E6D878C03F56","sounddata/pc/sounds_mex_001328822.pck",77067,77067,63445,12
"4F08590EF54C814E505C10AAB502E6D878C03F56","sounddata/pc/sounds_mex_032753931.pck",3963306,3963306,3649270,12
"4F08590EF54C814E505C10AAB502E6D878C03F56","sounddata/pc/sounds_mex_033326038.pck",32651631,32651631,28665936,12
"4F08590EF54C814E505C10AAB502E6D878C03F56","sounddata/pc/sounds_bra_playgo.pck",103525741,103525741,94675708,13
"4F08590EF54C814E505C10AAB502E6D878C03F56","sounddata/pc/sounds_bra_playgo_001321616.pck",6884892,6884892,6106489,13
"4F08590EF54C814E505C10AAB502E6D878C03F56","sounddata/pc/sounds_bra_playgo_032753931.pck",7354884,7354884,6716723,13
"4F08590EF54C814E505C10AAB502E6D878C03F56","sounddata/pc/sounds_bra_playgo_033326038.pck",5950039,5950039,5397650,13
"4F08590EF54C814E505C10AAB502E6D878C03F56","sounddata/pc/sounds_bra.pck",173466045,173466045,152219269,14
"4F08590EF54C814E505C10AAB502E6D878C03F56","sounddata/pc/sounds_bra_001321616.pck",2780144,2780144,2356217,14
"4F08590EF54C814E505C10AAB502E6D878C03F56","sounddata/pc/sounds_bra_001328822.pck",65087,65087,53429,14
"4F08590EF54C814E505C10AAB502E6D878C03F56","sounddata/pc/sounds_bra_032753931.pck",4065643,4065643,3764197,14
"4F08590EF54C814E505C10AAB502E6D878C03F56","sounddata/pc/sounds_bra_033326038.pck",31914530,31914530,27898557,14
"4F08590EF54C814E505C10AAB502E6D878C03F56","sounddata/pc/sounds_jap_playgo.pck",99879942,99879942,91158116,15
"4F08590EF54C814E505C10AAB502E6D878C03F56","sounddata/pc/sounds_jap_playgo_001321616.pck",6659612,6659612,5884218,15
"4F08590EF54C814E505C10AAB502E6D878C03F56","sounddata/pc/sounds_jap_playgo_032753931.pck",7115277,7115277,6475321,15
"4F08590EF54C814E505C10AAB502E6D878C03F56","sounddata/pc/sounds_jap_playgo_033326038.pck",5886802,5886802,5319730,15
"4F08590EF54C814E505C10AAB502E6D878C03F56","sounddata/pc/sounds_jap.pck",156807880,156807880,135897638,16
"4F08590EF54C814E505C10AAB502E6D878C03F56","sounddata/pc/sounds_jap_001321616.pck",2435484,2435484,2056543,16
"4F08590EF54C814E505C10AAB502E6D878C03F56","sounddata/pc/sounds_jap_001328822.pck",77086,77086,65322,16
"4F08590EF54C814E505C10AAB502E6D878C03F56","sounddata/pc/sounds_jap_032753931.pck",3768115,3768115,3428944,16
"4F08590EF54C814E505C10AAB502E6D878C03F56","sounddata/pc/sounds_jap_033326038.pck",28624519,28624519,24596486,16
"4F08590EF54C814E505C10AAB502E6D878C03F56","sounddata/pc/sounds_rus_playgo.pck",93380503,93380503,84396889,17
"4F08590EF54C814E505C10AAB502E6D878C03F56","sounddata/pc/sounds_rus_playgo_001321616.pck",5508636,5508636,4618242,17
"4F08590EF54C814E505C10AAB502E6D878C03F56","sounddata/pc/sounds_rus_playgo_032753931.pck",6092895,6092895,5338348,17
"4F08590EF54C814E505C10AAB502E6D878C03F56","sounddata/pc/sounds_rus_playgo_033326038.pck",4754982,4754982,4097574,17
"4F08590EF54C814E505C10AAB502E6D878C03F56","sounddata/pc/sounds_rus.pck",159774607,159774607,138478418,18
"4F08590EF54C814E505C10AAB502E6D878C03F56","sounddata/pc/sounds_rus_001321616.pck",2514686,2514686,2115904,18
"4F08590EF54C814E505C10AAB502E6D878C03F56","sounddata/pc/sounds_rus_001328822.pck",57179,57179,49490,18
"4F08590EF54C814E505C10AAB502E6D878C03F56","sounddata/pc/sounds_rus_032753931.pck",3831948,3831948,3502457,18
"4F08590EF54C814E505C10AAB502E6D878C03F56","sounddata/pc/sounds_rus_033326038.pck",29367917,29367917,25302158,18
"4F08590EF54C814E505C10AAB502E6D878C03F56","datapc64_quar_ny01_hotel.forge",87982080,87982080,87296242,19
"4F08590EF54C814E505C10AAB502E6D878C03F56","datapc64_quar_sf05_foundationspace.forge",67731456,67731456,67231561,20
"4F08590EF54C814E505C10AAB502E6D878C03F56","datapc64_quar_sf04_block.forge",67502080,67502080,67027313,21
"4F08590EF54C814E505C10AAB502E6D878C03F56","datapc64_quar_sf06_casino.forge",67928064,67928064,67425782,22
"4F08590EF54C814E505C10AAB502E6D878C03F56","datapc64_ondemand_set02.forge",32768,32768,516,22
"4F08590EF54C814E505C10AAB502E6D878C03F56","datapc64_ondemand_set02_cn.forge",32768,32768,519,22
"4F08590EF54C814E505C10AAB502E6D878C03F56","datapc64_ondemand_set02_ww.forge",32768,32768,516,22
"4F08590EF54C814E505C10AAB502E6D878C03F56","datapc64_quar_tc08_city.forge",74547200,74547200,73993626,25
"4F08590EF54C814E505C10AAB502E6D878C03F56","datapc64_quar_ny03_policestation.forge",72253440,72253440,71708758,26
"4F08590EF54C814E505C10AAB502E6D878C03F56","datapc64_quar_tc07_hospital.forge",74022912,74022912,73499032,27
"4F08590EF54C814E505C10AAB502E6D878C03F56","videos/y1c2_cgi_crisis_nightmare_fog.bk2",236762548,236762548,236092344,28
"4F08590EF54C814E505C10AAB502E6D878C03F56","videos/y1s1_ak_articbase_controlstation_mg.bk2",32122928,32122928,31790639,28
"4F08590EF54C814E505C10AAB502E6D878C03F56","videos/y1s1_ak_articbase_livingquarters_mg.bk2",32126012,32126012,31791848,28
"4F08590EF54C814E505C10AAB502E6D878C03F56","videos/y1s1_ak_articbase_observatory_mg.bk2",32146124,32146124,31675651,28
"4F08590EF54C814E505C10AAB502E6D878C03F56","videos/y1s1_ak_compound_farm_mg.bk2",32127076,32127076,31869544,28
"4F08590EF54C814E505C10AAB502E6D878C03F56","videos/y1s1_ak_compound_militia_mg.bk2",32130584,32130584,31902330,28
"4F08590EF54C814E505C10AAB502E6D878C03F56","videos/y1s1_ak_compound_underground_mg.bk2",32135684,32135684,31778568,28
"4F08590EF54C814E505C10AAB502E6D878C03F56","videos/y1s1_ak_nome_city&docks_mg.bk2",32124700,32124700,31769510,28
"4F08590EF54C814E505C10AAB502E6D878C03F56","videos/y1s1_ak_nome_fishfactory_mg.bk2",32127936,32127936,31757601,28
"4F08590EF54C814E505C10AAB502E6D878C03F56","videos/y1s1_ak_nome_goldmine_mg.bk2",32136436,32136436,31673745,28
"4F08590EF54C814E505C10AAB502E6D878C03F56","videos/y1s1_cgi_region_unlock_ask_thermite.bk2",142870436,142870436,141163208,28
"4F08590EF54C814E505C10AAB502E6D878C03F56","videos/y1s1_cgi_region_unlock_sf_mira.bk2",141535340,141535340,139454509,28
"4F08590EF54C814E505C10AAB502E6D878C03F56","videos/y1s1_cgi_region_unlock_toc_ash.bk2",137259692,137259692,136873385,28
"4F08590EF54C814E505C10AAB502E6D878C03F56","videos/y1s1_cgi_solo.bk2",265071400,265071400,259879334,28
"4F08590EF54C814E505C10AAB502E6D878C03F56","videos/y1s1_den_intro.bk2",45067192,45067192,44641367,28
"4F08590EF54C814E505C10AAB502E6D878C03F56","videos/y1s1_den_outro.bk2",33733840,33733840,33260997,28
"4F08590EF54C814E505C10AAB502E6D878C03F56","videos/y1s1_extraction_alaska.bk2",28003736,28003736,27970043,28
"4F08590EF54C814E505C10AAB502E6D878C03F56","videos/y1s1_extraction_fallen.bk2",28007936,28007936,27982845,28
"4F08590EF54C814E505C10AAB502E6D878C03F56","videos/y1s1_extraction_proto.bk2",5987032,5987032,5937215,28
"4F08590EF54C814E505C10AAB502E6D878C03F56","videos/y1s1_extraction_sanfrancisco.bk2",28001124,28001124,27979579,28
"4F08590EF54C814E505C10AAB502E6D878C03F56","videos/y1s1_extraction_truth_or_consequences.bk2",28005020,28005020,27994720,28
"4F08590EF54C814E505C10AAB502E6D878C03F56","videos/y1s1_ny_hotel_penthouse_mg.bk2",32132116,32132116,31718292,28
"4F08590EF54C814E505C10AAB502E6D878C03F56","videos/y1s1_ny_hotel_restaurant_mg.bk2",32135744,32135744,31649155,28
"4F08590EF54C814E505C10AAB502E6D878C03F56","videos/y1s1_ny_hotel_spa_mg.bk2",32132276,32132276,31817953,28
"4F08590EF54C814E505C10AAB502E6D878C03F56","videos/y1s1_ny_libertyisland_cafe_mg.bk2",32125564,32125564,31856068,28
"4F08590EF54C814E505C10AAB502E6D878C03F56","videos/y1s1_ny_libertyisland_museum_mg.bk2",32134284,32134284,31637670,28
"4F08590EF54C814E505C10AAB502E6D878C03F56","videos/y1s1_ny_policestation_garage_mg.bk2",32124172,32124172,31755651,28
"4F08590EF54C814E505C10AAB502E6D878C03F56","videos/y1s1_ny_policestation_office_mg.bk2",32135208,32135208,31655714,28
"4F08590EF54C814E505C10AAB502E6D878C03F56","videos/y1s1_ny_policestation_publicarea_mg.bk2",32125100,32125100,31769485,28
"4F08590EF54C814E505C10AAB502E6D878C03F56","videos/y1s1_on_boarding_onslaught.bk2",165789468,165789468,164852545,28
"4F08590EF54C814E505C10AAB502E6D878C03F56","videos/y1s1_on_boarding_reactprog.bk2",252135856,252135856,250655817,28
"4F08590EF54C814E505C10AAB502E6D878C03F56","videos/y1s1_sf_block_backalley_mg.bk2",32136108,32136108,31715325,28
"4F08590EF54C814E505C10AAB502E6D878C03F56","videos/y1s1_sf_block_punkclub_mg.bk2",32123976,32123976,31870150,28
"4F08590EF54C814E505C10AAB502E6D878C03F56","videos/y1s1_sf_block_ufomuseum_mg.bk2",32126744,32126744,31905682,28
"4F08590EF54C814E505C10AAB502E6D878C03F56","videos/y1s1_sf_casino_casino_mg.bk2",32131760,32131760,31826510,28
"4F08590EF54C814E505C10AAB502E6D878C03F56","videos/y1s1_sf_casino_terraceroof_mg.bk2",32129336,32129336,31818240,28
"4F08590EF54C814E505C10AAB502E6D878C03F56","videos/y1s1_sf_casino_vault_mg.bk2",32147620,32147620,31646157,28
"4F08590EF54C814E505C10AAB502E6D878C03F56","videos/y1s1_sf_foundationspace_hangar_mg.bk2",32127208,32127208,31863367,28
"4F08590EF54C814E505C10AAB502E6D878C03F56","videos/y1s1_sf_foundationspace_office_mg.bk2",32135796,32135796,31673043,28
"4F08590EF54C814E505C10AAB502E6D878C03F56","videos/y1s1_sf_foundationspace_workshop_mg.bk2",32122404,32122404,31866608,28
"4F08590EF54C814E505C10AAB502E6D878C03F56","videos/y1s1_tc_city_resort_mg.bk2",32118340,32118340,31867045,28
"4F08590EF54C814E505C10AAB502E6D878C03F56","videos/y1s1_tc_city_streets_mg.bk2",32130764,32130764,31876606,28
"4F08590EF54C814E505C10AAB502E6D878C03F56","videos/y1s1_tc_city_trailerpark_mg.bk2",32136568,32136568,31656009,28
"4F08590EF54C814E505C10AAB502E6D878C03F56","videos/y1s1_tc_dam_hacienda_mg.bk2",32138884,32138884,31649895,28
"4F08590EF54C814E505C10AAB502E6D878C03F56","videos/y1s1_tc_dam_junkyard_mg.bk2",32131492,32131492,31826938,28
"4F08590EF54C814E505C10AAB502E6D878C03F56","videos/y1s1_tc_dam_militarycamp_mg.bk2",32129404,32129404,31831626,28
"4F08590EF54C814E505C10AAB502E6D878C03F56","videos/y1s1_tc_hospital_hospital_mg.bk2",32147396,32147396,31679061,28
"4F08590EF54C814E505C10AAB502E6D878C03F56","videos/y1s1_tc_hospital_researchlab_mg.bk2",32125132,32125132,31837012,28
"4F08590EF54C814E505C10AAB502E6D878C03F56","videos/y1s1_tc_hospital_veteranscenter_mg.bk2",32126160,32126160,31792659,28
"4F08590EF54C814E505C10AAB502E6D878C03F56","datapc64_quar_ak10_compound.forge",70516736,70516736,70143822,28
"4F08590EF54C814E505C10AAB502E6D878C03F56","datapc64_quar_ak10_compound_bnk_gidata.forge",135987200,135987200,135873061,28
"4F08590EF54C814E505C10AAB502E6D878C03F56","datapc64_quar_ak11_arcticbase.forge",65634304,65634304,65269969,28
"4F08590EF54C814E505C10AAB502E6D878C03F56","datapc64_quar_ak11_arcticbase_bnk_gidata.forge",143785984,143785984,143727056,28
"4F08590EF54C814E505C10AAB502E6D878C03F56","datapc64_quar_ak12_nome.forge",62586880,62586880,62305806,28
"4F08590EF54C814E505C10AAB502E6D878C03F56","datapc64_quar_ak12_nome_bnk_gidata.forge",133791744,133791744,133711356,28
"4F08590EF54C814E505C10AAB502E6D878C03F56","datapc64_quar_den_parasite_lair.forge",524288,524288,442489,28
"4F08590EF54C814E505C10AAB502E6D878C03F56","datapc64_quar_den_salt_mines.forge",10616832,10616832,10523675,28
"4F08590EF54C814E505C10AAB502E6D878C03F56","datapc64_quar_den_salt_mines_bnk_gidata.forge",84934656,84934656,84905135,28
"4F08590EF54C814E505C10AAB502E6D878C03F56","datapc64_quar_den_sewers.forge",524288,524288,453570,28
"4F08590EF54C814E505C10AAB502E6D878C03F56","datapc64_quar_den_subway.forge",12058624,12058624,11950574,28
"4F08590EF54C814E505C10AAB502E6D878C03F56","datapc64_quar_den_subway_bnk_gidata.forge",70156288,70156288,70094160,28
"4F08590EF54C814E505C10AAB502E6D878C03F56","datapc64_quar_den_turbine_room.forge",10747904,10747904,10650160,28
"4F08590EF54C814E505C10AAB502E6D878C03F56","datapc64_quar_den_turbine_room_bnk_gidata.forge",62357504,62357504,62309288,28
"4F08590EF54C814E505C10AAB502E6D878C03F56","datapc64_quar_den_vertical_shaft.forge",12943360,12943360,12842774,28
"4F08590EF54C814E505C10AAB502E6D878C03F56","datapc64_quar_den_vertical_shaft_bnk_gidata.forge",8847360,8847360,8777461,28
"4F08590EF54C814E505C10AAB502E6D878C03F56","datapc64_quar_ny01_hotel_bnk_gidata.forge",130777088,130777088,130676168,28
"4F08590EF54C814E505C10AAB502E6D878C03F56","datapc64_quar_ny03_policestation_bnk_gidata.forge",117604352,117604352,117511983,28
"4F08590EF54C814E505C10AAB502E6D878C03F56","datapc64_quar_sf04_block_bnk_gidata.forge",135888896,135888896,135800394,28
"4F08590EF54C814E505C10AAB502E6D878C03F56","datapc64_quar_sf05_foundationspace_bnk_gidata.forge",137494528,137494528,137339619,28
"4F08590EF54C814E505C10AAB502E6D878C03F56","datapc64_quar_sf06_casino_bnk_gidata.forge",124911616,124911616,124766141,28
"4F08590EF54C814E505C10AAB502E6D878C03F56","datapc64_quar_tc07_hospital_bnk_gidata.forge",122519552,122519552,122422441,28
"4F08590EF54C814E505C10AAB502E6D878C03F56","datapc64_quar_tc08_city_bnk_gidata.forge",141656064,141656064,141620076,28
"4F08590EF54C814E505C10AAB502E6D878C03F56","datapc64_quar_tc09_dam.forge",71761920,71761920,71193517,28
"4F08590EF54C814E505C10AAB502E6D878C03F56","datapc64_quar_tc09_dam_bnk_gidata.forge",152731648,152731648,152637260,28
"4F08590EF54C814E505C10AAB502E6D878C03F56","datapc64_ondemand.forge",144867328,144867328,85405448,28
"4F08590EF54C814E505C10AAB502E6D878C03F56","datapc64_ondemand_cn.forge",32768,32768,518,28
"4F08590EF54C814E505C10AAB502E6D878C03F56","datapc64_ondemand_ww.forge",32768,32768,517,28
"4F08590EF54C814E505C10AAB502E6D878C03F56","datapc64_merged_bnk_000000002_animation.forge",491520,491520,401951,28
"4F08590EF54C814E505C10AAB502E6D878C03F56","datapc64_merged_bnk_000000002_guitextures0.forge",24117248,24117248,23446723,28
"4F08590EF54C814E505C10AAB502E6D878C03F56","datapc64_merged_bnk_000000002_guitextures1.forge",44892160,44892160,44344022,28
"4F08590EF54C814E505C10AAB502E6D878C03F56","datapc64_merged_bnk_000000002_mesh.forge",7012352,7012352,6890912,28
"4F08590EF54C814E505C10AAB502E6D878C03F56","datapc64_merged_bnk_000000002_meshshape.forge",32768,32768,6562,28
"4F08590EF54C814E505C10AAB502E6D878C03F56","datapc64_merged_bnk_000000002_textures0.forge",73728000,73728000,69492365,28
"4F08590EF54C814E505C10AAB502E6D878C03F56","datapc64_merged_bnk_000000002_textures1.forge",636583936,636583936,632848376,28
"4F08590EF54C814E505C10AAB502E6D878C03F56","datapc64_merged_bnk_000000002_textures2.forge",188874752,188874752,186983598,28
"4F08590EF54C814E505C10AAB502E6D878C03F56","datapc64_merged_bnk_000000002_textures3.forge",188219392,188219392,187551890,28
"4F08590EF54C814E505C10AAB502E6D878C03F56","datapc64_merged_bnk_000000004_animation.forge",28803072,28803072,25035037,28
"4F08590EF54C814E505C10AAB502E6D878C03F56","datapc64_merged_bnk_000000004_guitextures0.forge",85131264,85131264,82733692,28
"4F08590EF54C814E505C10AAB502E6D878C03F56","datapc64_merged_bnk_000000004_guitextures1.forge",167936000,167936000,165851740,28
"4F08590EF54C814E505C10AAB502E6D878C03F56","datapc64_merged_bnk_000000004_mesh.forge",17629184,17629184,17336503,28
"4F08590EF54C814E505C10AAB502E6D878C03F56","datapc64_merged_bnk_000000004_meshshape.forge",196608,196608,147865,28
"4F08590EF54C814E505C10AAB502E6D878C03F56","datapc64_merged_bnk_000000004_textures0.forge",119275520,119275520,116237152,28
"4F08590EF54C814E505C10AAB502E6D878C03F56","datapc64_merged_bnk_000000004_textures1.forge",564690944,564690944,562226227,28
"4F08590EF54C814E505C10AAB502E6D878C03F56","datapc64_merged_bnk_000000004_textures2.forge",109674496,109674496,108198616,28
"4F08590EF54C814E505C10AAB502E6D878C03F56","datapc64_merged_bnk_000000004_textures3.forge",21004288,21004288,20953260,28
"4F08590EF54C814E505C10AAB502E6D878C03F56","datapc64_merged_bnk_000000005_animation.forge",884736,884736,820791,28
"4F08590EF54C814E505C10AAB502E6D878C03F56","datapc64_merged_bnk_000000005_guitextures0.forge",110624768,110624768,107823922,28
"4F08590EF54C814E505C10AAB502E6D878C03F56","datapc64_merged_bnk_000000005_guitextures1.forge",146341888,146341888,144546845,28
"4F08590EF54C814E505C10AAB502E6D878C03F56","datapc64_merged_bnk_000000005_mesh.forge",23494656,23494656,23105436,28
"4F08590EF54C814E505C10AAB502E6D878C03F56","datapc64_merged_bnk_000000005_meshshape.forge",589824,589824,495215,28
"4F08590EF54C814E505C10AAB502E6D878C03F56","datapc64_merged_bnk_000000005_textures0.forge",728793088,728793088,711779720,28
"4F08590EF54C814E505C10AAB502E6D878C03F56","datapc64_merged_bnk_000000005_textures1.forge",2254307328,2254307328,2236059280,28
"4F08590EF54C814E505C10AAB502E6D878C03F56","datapc64_merged_bnk_000000005_textures2.forge",887357440,887357440,879735138,28
"4F08590EF54C814E505C10AAB502E6D878C03F56","datapc64_merged_bnk_000000005_textures3.forge",1401126912,1401126912,1397658134,28
"4F08590EF54C814E505C10AAB502E6D878C03F56","datapc64_merged_bnk_000000006_textures0.forge",98304,98304,51029,28
"4F08590EF54C814E505C10AAB502E6D878C03F56","datapc64_merged_bnk_000000006_textures1.forge",589824,589824,567465,28
"4F08590EF54C814E505C10AAB502E6D878C03F56","datapc64_merged_bnk_000000006_textures2.forge",327680,327680,312135,28
"4F08590EF54C814E505C10AAB502E6D878C03F56","datapc64_merged_bnk_000000007_guitextures0.forge",73531392,73531392,71627090,28
"4F08590EF54C814E505C10AAB502E6D878C03F56","datapc64_merged_bnk_000000007_guitextures1.forge",149651456,149651456,147886776,28
"4F08590EF54C814E505C10AAB502E6D878C03F56","datapc64_merged_bnk_000000007_mesh.forge",2392064,2392064,2332895,28
"4F08590EF54C814E505C10AAB502E6D878C03F56","datapc64_merged_bnk_000000007_textures0.forge",131104768,131104768,122923774,28
"4F08590EF54C814E505C10AAB502E6D878C03F56","datapc64_merged_bnk_000000007_textures1.forge",1721106432,1721106432,1712495136,28
"4F08590EF54C814E505C10AAB502E6D878C03F56","datapc64_merged_bnk_000000007_textures2.forge",333578240,333578240,330025086,28
"4F08590EF54C814E505C10AAB502E6D878C03F56","datapc64_merged_bnk_000000007_textures3.forge",544309248,544309248,542701206,28
"4F08590EF54C814E505C10AAB502E6D878C03F56","datapc64_merged_bnk_animation.forge",36798464,36798464,32636327,28
"4F08590EF54C814E505C10AAB502E6D878C03F56","datapc64_merged_bnk_guitextures0.forge",388366336,388366336,376907481,28
"4F08590EF54C814E505C10AAB502E6D878C03F56","datapc64_merged_bnk_guitextures1.forge",809566208,809566208,799146576,28
"4F08590EF54C814E505C10AAB502E6D878C03F56","datapc64_merged_bnk_mesh.forge",1920237568,1920237568,1711485184,28
"4F08590EF54C814E505C10AAB502E6D878C03F56","datapc64_merged_bnk_meshshape.forge",758153216,758153216,635935985,28
"4F08590EF54C814E505C10AAB502E6D878C03F56","datapc64_merged_bnk_textures0.forge",1867022336,1867022336,1786689915,28
"4F08590EF54C814E505C10AAB502E6D878C03F56","datapc64_merged_bnk_textures1.forge",9610657792,1020723200,945107156,28
"4F08590EF54C814E505C10AAB502E6D878C03F56","datapc64_merged_bnk_textures2.forge",4485644288,190676992,142875270,28
"4F08590EF54C814E505C10AAB502E6D878C03F56","datapc64_merged_bnk_textures3.forge",5380898816,1085931520,1061435129,28
"4F08590EF54C814E505C10AAB502E6D878C03F56","datapc64_merged_playgo_bnk_000000002_textures4.forge",3112960,3112960,3081857,29
"4F08590EF54C814E505C10AAB502E6D878C03F56","datapc64_merged_playgo_bnk_000000004_textures4.forge",33652736,33652736,33592337,29
"4F08590EF54C814E505C10AAB502E6D878C03F56","datapc64_merged_playgo_bnk_000000007_textures4.forge",4849664,4849664,4818781,29
"4F08590EF54C814E505C10AAB502E6D878C03F56","datapc64_merged_playgo_bnk_textures4.forge",1069219840,1069219840,1065586816,29
"4F08590EF54C814E505C10AAB502E6D878C03F56","datapc64_merged_set01_bnk_000000002_textures4.forge",196608,196608,173831,30
"4F08590EF54C814E505C10AAB502E6D878C03F56","datapc64_merged_set01_bnk_textures4.forge",29851648,29851648,29633026,30
"4F08590EF54C814E505C10AAB502E6D878C03F56","datapc64_merged_bnk_000000002_textures4.forge",377749504,377749504,376738002,32
"4F08590EF54C814E505C10AAB502E6D878C03F56","datapc64_merged_bnk_000000004_textures4.forge",42336256,42336256,42110255,32
"4F08590EF54C814E505C10AAB502E6D878C03F56","datapc64_merged_bnk_000000005_textures4.forge",2425225216,2425225216,2420522319,32
"4F08590EF54C814E505C10AAB502E6D878C03F56","datapc64_merged_bnk_000000007_textures4.forge",468910080,468910080,467409348,32
"4F08590EF54C814E505C10AAB502E6D878C03F56","datapc64_merged_bnk_textures4.forge",7092895744,2797928448,2779384879,32
