"5404","BFA4FB6C6553B959BBAF822A476149239F57492D","0000-00-00",309,74628403026,1613958994,3471082644,2
"BFA4FB6C6553B959BBAF822A476149239F57492D","ACOdyssey.exe",96649416,96649416,32108915,0
"BFA4FB6C6553B959BBAF822A476149239F57492D","tobii_gameintegration_x64.dll",2031856,2031856,898626,1
"BFA4FB6C6553B959BBAF822A476149239F57492D","GFSDK_Aftermath_Lib.x64.dll",116224,116224,54620,1
"BFA4FB6C6553B959BBAF822A476149239F57492D","bink2w64.dll",380416,380416,185533,1
"BFA4FB6C6553B959BBAF822A476149239F57492D","d3dcompiler_47.dll",4488896,4488896,1783391,1
"BFA4FB6C6553B959BBAF822A476149239F57492D","gpudatabase_win64.dll",83968,83968,13671,1
"BFA4FB6C6553B959BBAF822A476149239F57492D","dbdata.dll",549888,549888,167261,1
"BFA4FB6C6553B959BBAF822A476149239F57492D","dbghelp64.dll",1369952,1369952,501349,1
"BFA4FB6C6553B959BBAF822A476149239F57492D","localization.lang",23,23,35,1
"BFA4FB6C6553B959BBAF822A476149239F57492D","oo2core_4_win64.dll",883712,883712,375956,1
"BFA4FB6C6553B959BBAF822A476149239F57492D","uplay_r1_loader64.dll",564736,564736,170225,1
"BFA4FB6C6553B959BBAF822A476149239F57492D","DefaultBindings.map",19763,19763,2755,1
"BFA4FB6C6553B959BBAF822A476149239F57492D","streaminginstall.ini",11203,11203,1382,1
"BFA4FB6C6553B959BBAF822A476149239F57492D","amd_ags_x64.dll",134144,134144,64659,1
"BFA4FB6C6553B959BBAF822A476149239F57492D","patch.embedding.manifest.json",4525250,4525250,431338,1
"BFA4FB6C6553B959BBAF822A476149239F57492D","splashscreen.png",10113363,10113363,3349374,1
"BFA4FB6C6553B959BBAF822A476149239F57492D","videos/Amd.bk2",7555672,7555672,7469875,1
"BFA4FB6C6553B959BBAF822A476149239F57492D","Support\Software\VCRedist\vc_redist.x64.exe",15302984,15302984,15095262,1
"BFA4FB6C6553B959BBAF822A476149239F57492D","benchmark.dat",137292,137292,51979,1
"BFA4FB6C6553B959BBAF822A476149239F57492D","benchmark\benchmark_template.html",1905639,1905639,1371220,1
"BFA4FB6C6553B959BBAF822A476149239F57492D","Installer_Resources\Autorun.exe",4607832,4607832,1247314,1
"BFA4FB6C6553B959BBAF822A476149239F57492D","Installer_Resources\Autorun.ico",506904,506904,469582,1
"BFA4FB6C6553B959BBAF822A476149239F57492D","Installer_Resources\Autorun.inf",65,65,50,1
"BFA4FB6C6553B959BBAF822A476149239F57492D","Installer_Resources\game_art.png",10113363,10113363,3349374,1
"BFA4FB6C6553B959BBAF822A476149239F57492D","Installer_Resources\game_art_blurred.png",9862392,9862392,3091657,1
"BFA4FB6C6553B959BBAF822A476149239F57492D","Installer_Resources\UPlayInstaller.exe",76242992,76242992,75959899,1
"BFA4FB6C6553B959BBAF822A476149239F57492D","patch.prefetching.manifest.json",412279,412279,65879,1
"BFA4FB6C6553B959BBAF822A476149239F57492D","DataPC.prefetch",55281,55281,42189,1
"BFA4FB6C6553B959BBAF822A476149239F57492D","DataPC_ACD_Greece.prefetch",1913507,1913507,1162222,1
"BFA4FB6C6553B959BBAF822A476149239F57492D","DataPC_ACD_greece_ext.prefetch",27349132,27349132,18221184,1
"BFA4FB6C6553B959BBAF822A476149239F57492D","DataPC_ACD_Greece_gi.prefetch",4,4,16,1
"BFA4FB6C6553B959BBAF822A476149239F57492D","DataPC_ACD_Greece_gi_ext.prefetch",4,4,16,1
"BFA4FB6C6553B959BBAF822A476149239F57492D","DataPC_ACD_PresentDay.prefetch",22298,22298,12238,1
"BFA4FB6C6553B959BBAF822A476149239F57492D","DataPC_ACD_PresentDay_gi.prefetch",4,4,16,1
"BFA4FB6C6553B959BBAF822A476149239F57492D","DataPC_ACD_TitleScreen.prefetch",806,806,634,1
"BFA4FB6C6553B959BBAF822A476149239F57492D","DataPC_ACD_TitleScreen_gi.prefetch",4,4,16,1
"BFA4FB6C6553B959BBAF822A476149239F57492D","DataPC_ACD_WhiteRoom.prefetch",1455,1455,1140,1
"BFA4FB6C6553B959BBAF822A476149239F57492D","DataPC_ACD_WhiteRoom_gi.prefetch",4,4,16,1
"BFA4FB6C6553B959BBAF822A476149239F57492D","DataPC_extra.prefetch",294716,294716,194801,1
"BFA4FB6C6553B959BBAF822A476149239F57492D","DataPC_SharedGroup_00.prefetch",503282,503282,261847,1
"BFA4FB6C6553B959BBAF822A476149239F57492D","ShaderDataDX11.bin",35814420,35814420,6161737,3
"BFA4FB6C6553B959BBAF822A476149239F57492D","DataPC.forge",237207552,237207552,216428581,3
"BFA4FB6C6553B959BBAF822A476149239F57492D","DataPC_patch_01.forge",2824580955,2824580955,2521180730,3
"BFA4FB6C6553B959BBAF822A476149239F57492D","DataPC_DX11.forge",7208960,7208960,6079894,3
"BFA4FB6C6553B959BBAF822A476149239F57492D","DataPC_extra.forge",1056145408,1056145408,952368807,3
"BFA4FB6C6553B959BBAF822A476149239F57492D","DataPC_extra_DX11.forge",6848512,6848512,5853604,3
"BFA4FB6C6553B959BBAF822A476149239F57492D","DataPC_ACD_TitleScreen.forge",4849664,4849664,3986573,3
"BFA4FB6C6553B959BBAF822A476149239F57492D","DataPC_ACD_TitleScreen_gi.forge",32772,32772,451,3
"BFA4FB6C6553B959BBAF822A476149239F57492D","DataPC_ACD_TitleScreen_DX11.forge",1933312,1933312,1680271,3
"BFA4FB6C6553B959BBAF822A476149239F57492D","DataPC_ACD_WhiteRoom.forge",2097152,2097152,1945175,3
"BFA4FB6C6553B959BBAF822A476149239F57492D","DataPC_ACD_WhiteRoom_gi.forge",32772,32772,451,3
"BFA4FB6C6553B959BBAF822A476149239F57492D","DataPC_ACD_WhiteRoom_DX11.forge",1966080,1966080,1696813,3
"BFA4FB6C6553B959BBAF822A476149239F57492D","DataPC_SharedGroup_00.forge",4479913257,184945961,3757123144,3
"BFA4FB6C6553B959BBAF822A476149239F57492D","sounddata/PC/sounds_sfx_tu_1.pck",52938742,52938742,47634997,4
"BFA4FB6C6553B959BBAF822A476149239F57492D","sounddata/PC/sounds_eng_tu_1.pck",38097,38097,8846,4
"BFA4FB6C6553B959BBAF822A476149239F57492D","sounddata/PC/sounds_sfx_tu_8.pck",104874132,104874132,98157721,4
"BFA4FB6C6553B959BBAF822A476149239F57492D","sounddata/PC/sounds_eng_tu_8.pck",7997330,7997330,2781607,4
"BFA4FB6C6553B959BBAF822A476149239F57492D","sounddata/PC/sounds_eng_male_tu_8.pck",101122862,101122862,97866403,4
"BFA4FB6C6553B959BBAF822A476149239F57492D","sounddata/PC/sounds_eng_female_tu_8.pck",100156665,100156665,96864134,4
"BFA4FB6C6553B959BBAF822A476149239F57492D","sounddata/PC/sounds_fre_tu_8.pck",6485010,6485010,1431989,4
"BFA4FB6C6553B959BBAF822A476149239F57492D","sounddata/PC/sounds_fre_male_tu_8.pck",102652789,102652789,99425372,4
"BFA4FB6C6553B959BBAF822A476149239F57492D","sounddata/PC/sounds_fre_female_tu_8.pck",101806329,101806329,98633313,4
"BFA4FB6C6553B959BBAF822A476149239F57492D","sounddata/PC/sounds_ger_tu_8.pck",6485010,6485010,1433711,4
"BFA4FB6C6553B959BBAF822A476149239F57492D","sounddata/PC/sounds_ger_male_tu_8.pck",102885462,102885462,99614179,4
"BFA4FB6C6553B959BBAF822A476149239F57492D","sounddata/PC/sounds_ger_female_tu_8.pck",100944471,100944471,97669819,4
"BFA4FB6C6553B959BBAF822A476149239F57492D","sounddata/PC/sounds_ita_tu_8.pck",6485010,6485010,1433176,4
"BFA4FB6C6553B959BBAF822A476149239F57492D","sounddata/PC/sounds_ita_male_tu_8.pck",105777975,105777975,102531281,4
"BFA4FB6C6553B959BBAF822A476149239F57492D","sounddata/PC/sounds_ita_female_tu_8.pck",103906261,103906261,100693615,4
"BFA4FB6C6553B959BBAF822A476149239F57492D","sounddata/PC/sounds_jap_tu_8.pck",6485010,6485010,1432055,4
"BFA4FB6C6553B959BBAF822A476149239F57492D","sounddata/PC/sounds_jap_male_tu_8.pck",99863891,99863891,96598430,4
"BFA4FB6C6553B959BBAF822A476149239F57492D","sounddata/PC/sounds_jap_female_tu_8.pck",100176847,100176847,96971087,4
"BFA4FB6C6553B959BBAF822A476149239F57492D","sounddata/PC/sounds_rus_tu_8.pck",6485010,6485010,1429208,4
"BFA4FB6C6553B959BBAF822A476149239F57492D","sounddata/PC/sounds_rus_male_tu_8.pck",89614410,89614410,86181835,4
"BFA4FB6C6553B959BBAF822A476149239F57492D","sounddata/PC/sounds_rus_female_tu_8.pck",86780188,86780188,83246460,4
"BFA4FB6C6553B959BBAF822A476149239F57492D","sounddata/PC/sounds_bra_tu_8.pck",6485010,6485010,1433127,4
"BFA4FB6C6553B959BBAF822A476149239F57492D","sounddata/PC/sounds_bra_male_tu_8.pck",97834241,97834241,94476635,4
"BFA4FB6C6553B959BBAF822A476149239F57492D","sounddata/PC/sounds_bra_female_tu_8.pck",96267709,96267709,92877027,4
"BFA4FB6C6553B959BBAF822A476149239F57492D","sounddata/PC/sounds_spa_tu_8.pck",6485010,6485010,1432860,4
"BFA4FB6C6553B959BBAF822A476149239F57492D","sounddata/PC/sounds_spa_male_tu_8.pck",102702010,102702010,99296062,4
"BFA4FB6C6553B959BBAF822A476149239F57492D","sounddata/PC/sounds_spa_female_tu_8.pck",100909524,100909524,97525813,4
"BFA4FB6C6553B959BBAF822A476149239F57492D","sounddata/PC/sounds_sfx_tu_9.pck",44032183,44032183,38890592,4
"BFA4FB6C6553B959BBAF822A476149239F57492D","sounddata/PC/sounds_eng_tu_9.pck",2683371,2683371,597135,4
"BFA4FB6C6553B959BBAF822A476149239F57492D","sounddata/PC/sounds_eng_male_tu_9.pck",23904230,23904230,22987591,4
"BFA4FB6C6553B959BBAF822A476149239F57492D","sounddata/PC/sounds_eng_female_tu_9.pck",23734246,23734246,22854374,4
"BFA4FB6C6553B959BBAF822A476149239F57492D","sounddata/PC/sounds_fre_tu_9.pck",2683371,2683371,596737,4
"BFA4FB6C6553B959BBAF822A476149239F57492D","sounddata/PC/sounds_fre_male_tu_9.pck",24986410,24986410,24120078,4
"BFA4FB6C6553B959BBAF822A476149239F57492D","sounddata/PC/sounds_fre_female_tu_9.pck",24841002,24841002,24007476,4
"BFA4FB6C6553B959BBAF822A476149239F57492D","sounddata/PC/sounds_ger_tu_9.pck",2683371,2683371,596705,4
"BFA4FB6C6553B959BBAF822A476149239F57492D","sounddata/PC/sounds_ger_male_tu_9.pck",24851740,24851740,23977316,4
"BFA4FB6C6553B959BBAF822A476149239F57492D","sounddata/PC/sounds_ger_female_tu_9.pck",24444188,24444188,23595434,4
"BFA4FB6C6553B959BBAF822A476149239F57492D","sounddata/PC/sounds_ita_tu_9.pck",2683371,2683371,597383,4
"BFA4FB6C6553B959BBAF822A476149239F57492D","sounddata/PC/sounds_ita_male_tu_9.pck",26189455,26189455,25352559,4
"BFA4FB6C6553B959BBAF822A476149239F57492D","sounddata/PC/sounds_ita_female_tu_9.pck",25706127,25706127,24851204,4
"BFA4FB6C6553B959BBAF822A476149239F57492D","sounddata/PC/sounds_jap_tu_9.pck",2683371,2683371,596547,4
"BFA4FB6C6553B959BBAF822A476149239F57492D","sounddata/PC/sounds_jap_male_tu_9.pck",24212568,24212568,23323225,4
"BFA4FB6C6553B959BBAF822A476149239F57492D","sounddata/PC/sounds_jap_female_tu_9.pck",24190040,24190040,23306470,4
"BFA4FB6C6553B959BBAF822A476149239F57492D","sounddata/PC/sounds_rus_tu_9.pck",2683371,2683371,597257,4
"BFA4FB6C6553B959BBAF822A476149239F57492D","sounddata/PC/sounds_rus_male_tu_9.pck",21952481,21952481,21031811,4
"BFA4FB6C6553B959BBAF822A476149239F57492D","sounddata/PC/sounds_rus_female_tu_9.pck",21411809,21411809,20481735,4
"BFA4FB6C6553B959BBAF822A476149239F57492D","sounddata/PC/sounds_bra_tu_9.pck",2683371,2683371,596358,4
"BFA4FB6C6553B959BBAF822A476149239F57492D","sounddata/PC/sounds_bra_male_tu_9.pck",23088300,23088300,22199168,4
"BFA4FB6C6553B959BBAF822A476149239F57492D","sounddata/PC/sounds_bra_female_tu_9.pck",22697132,22697132,21798261,4
"BFA4FB6C6553B959BBAF822A476149239F57492D","sounddata/PC/sounds_spa_tu_9.pck",2683371,2683371,596959,4
"BFA4FB6C6553B959BBAF822A476149239F57492D","sounddata/PC/sounds_spa_male_tu_9.pck",25271467,25271467,24374531,4
"BFA4FB6C6553B959BBAF822A476149239F57492D","sounddata/PC/sounds_spa_female_tu_9.pck",24825003,24825003,23947922,4
"BFA4FB6C6553B959BBAF822A476149239F57492D","sounddata/PC/sounds_sfx_tu_10.pck",29899598,29899598,25898587,4
"BFA4FB6C6553B959BBAF822A476149239F57492D","sounddata/PC/sounds_eng_tu_10.pck",220178,220178,23608,4
"BFA4FB6C6553B959BBAF822A476149239F57492D","sounddata/PC/sounds_eng_male_tu_10.pck",25671305,25671305,24720087,4
"BFA4FB6C6553B959BBAF822A476149239F57492D","sounddata/PC/sounds_eng_female_tu_10.pck",25275828,25275828,24353256,4
"BFA4FB6C6553B959BBAF822A476149239F57492D","sounddata/PC/sounds_fre_tu_10.pck",220178,220178,23555,4
"BFA4FB6C6553B959BBAF822A476149239F57492D","sounddata/PC/sounds_fre_male_tu_10.pck",26565961,26565961,25673459,4
"BFA4FB6C6553B959BBAF822A476149239F57492D","sounddata/PC/sounds_fre_female_tu_10.pck",26229662,26229662,25366249,4
"BFA4FB6C6553B959BBAF822A476149239F57492D","sounddata/PC/sounds_ger_tu_10.pck",220178,220178,23567,4
"BFA4FB6C6553B959BBAF822A476149239F57492D","sounddata/PC/sounds_ger_male_tu_10.pck",27086869,27086869,26164930,4
"BFA4FB6C6553B959BBAF822A476149239F57492D","sounddata/PC/sounds_ger_female_tu_10.pck",26370353,26370353,25459112,4
"BFA4FB6C6553B959BBAF822A476149239F57492D","sounddata/PC/sounds_ita_tu_10.pck",220178,220178,23560,4
"BFA4FB6C6553B959BBAF822A476149239F57492D","sounddata/PC/sounds_ita_male_tu_10.pck",27816948,27816948,26946076,4
"BFA4FB6C6553B959BBAF822A476149239F57492D","sounddata/PC/sounds_ita_female_tu_10.pck",27285995,27285995,26420071,4
"BFA4FB6C6553B959BBAF822A476149239F57492D","sounddata/PC/sounds_jap_tu_10.pck",220178,220178,23572,4
"BFA4FB6C6553B959BBAF822A476149239F57492D","sounddata/PC/sounds_jap_male_tu_10.pck",25542907,25542907,24626547,4
"BFA4FB6C6553B959BBAF822A476149239F57492D","sounddata/PC/sounds_jap_female_tu_10.pck",25523909,25523909,24593183,4
"BFA4FB6C6553B959BBAF822A476149239F57492D","sounddata/PC/sounds_rus_tu_10.pck",220178,220178,23585,4
"BFA4FB6C6553B959BBAF822A476149239F57492D","sounddata/PC/sounds_rus_male_tu_10.pck",23496208,23496208,22511233,4
"BFA4FB6C6553B959BBAF822A476149239F57492D","sounddata/PC/sounds_rus_female_tu_10.pck",22705527,22705527,21708774,4
"BFA4FB6C6553B959BBAF822A476149239F57492D","sounddata/PC/sounds_bra_tu_10.pck",220178,220178,23525,4
"BFA4FB6C6553B959BBAF822A476149239F57492D","sounddata/PC/sounds_bra_male_tu_10.pck",24416359,24416359,23433104,4
"BFA4FB6C6553B959BBAF822A476149239F57492D","sounddata/PC/sounds_bra_female_tu_10.pck",23802451,23802451,22839452,4
"BFA4FB6C6553B959BBAF822A476149239F57492D","sounddata/PC/sounds_spa_tu_10.pck",220178,220178,23565,4
"BFA4FB6C6553B959BBAF822A476149239F57492D","sounddata/PC/sounds_spa_male_tu_10.pck",26130693,26130693,25167472,4
"BFA4FB6C6553B959BBAF822A476149239F57492D","sounddata/PC/sounds_spa_female_tu_10.pck",25511567,25511567,24550812,4
"BFA4FB6C6553B959BBAF822A476149239F57492D","sounddata/PC/sounds_sfx_tu_11.pck",27412133,27412133,23373149,4
"BFA4FB6C6553B959BBAF822A476149239F57492D","sounddata/PC/sounds_sfx_tu_12.pck",108839,108839,25153,4
"BFA4FB6C6553B959BBAF822A476149239F57492D","sounddata/PC/sounds_ita_female_tu_12.pck",82345,82345,80407,4
"BFA4FB6C6553B959BBAF822A476149239F57492D","sounddata/PC/sounds_ita_male_tu_12.pck",82345,82345,80407,4
"BFA4FB6C6553B959BBAF822A476149239F57492D","sounddata/PC/sounds_sfx_install_1.pck",779057591,779057591,757828194,4
"BFA4FB6C6553B959BBAF822A476149239F57492D","sounddata/PC/sounds_eng_install_1.pck",446411286,446411286,413424385,4
"BFA4FB6C6553B959BBAF822A476149239F57492D","sounddata/PC/sounds_eng_female_install_1.pck",13234904,13234904,12541283,4
"BFA4FB6C6553B959BBAF822A476149239F57492D","sounddata/PC/sounds_eng_male_install_1.pck",14065441,14065441,13358554,4
"BFA4FB6C6553B959BBAF822A476149239F57492D","sounddata/PC/sounds_sfx.pck",684928914,684928914,662669613,4
"BFA4FB6C6553B959BBAF822A476149239F57492D","sounddata/PC/sounds_sfx_music.pck",515058710,515058710,507512965,4
"BFA4FB6C6553B959BBAF822A476149239F57492D","sounddata/PC/sounds_eng.pck",843211912,843211912,791838519,4
"BFA4FB6C6553B959BBAF822A476149239F57492D","sounddata/PC/sounds_eng_music.pck",85073210,85073210,83854914,4
"BFA4FB6C6553B959BBAF822A476149239F57492D","sounddata/PC/sounds_eng_male.pck",299649666,299649666,284934135,4
"BFA4FB6C6553B959BBAF822A476149239F57492D","sounddata/PC/sounds_eng_female.pck",296441121,296441121,281787653,4
"BFA4FB6C6553B959BBAF822A476149239F57492D","dlc_43/DataPC_43_dlc.forge",3001942016,3001942016,2825767387,4
"BFA4FB6C6553B959BBAF822A476149239F57492D","dlc_43/DataPC_ACD_Greece_43_dlc.forge",1983643648,1983643648,1852943797,4
"BFA4FB6C6553B959BBAF822A476149239F57492D","dlc_43/sounds_sfx_dlc_43.pck",2663131,2663131,2521168,4
"BFA4FB6C6553B959BBAF822A476149239F57492D","dlc_43/sounds_eng_dlc_43.pck",654605,654605,73484,4
"BFA4FB6C6553B959BBAF822A476149239F57492D","dlc_43/sounds_eng_male_dlc_43.pck",128688104,128688104,125919151,4
"BFA4FB6C6553B959BBAF822A476149239F57492D","dlc_43/sounds_eng_female_dlc_43.pck",128688104,128688104,125919151,4
"BFA4FB6C6553B959BBAF822A476149239F57492D","dlc_43/sounds_fre_dlc_43.pck",654605,654605,73424,4
"BFA4FB6C6553B959BBAF822A476149239F57492D","dlc_43/sounds_fre_male_dlc_43.pck",124872103,124872103,122085130,4
"BFA4FB6C6553B959BBAF822A476149239F57492D","dlc_43/sounds_fre_female_dlc_43.pck",124884391,124884391,122092482,4
"BFA4FB6C6553B959BBAF822A476149239F57492D","dlc_43/sounds_ger_dlc_43.pck",654605,654605,73426,4
"BFA4FB6C6553B959BBAF822A476149239F57492D","dlc_43/sounds_ger_male_dlc_43.pck",126936654,126936654,124107179,4
"BFA4FB6C6553B959BBAF822A476149239F57492D","dlc_43/sounds_ger_female_dlc_43.pck",126936654,126936654,124107179,4
"BFA4FB6C6553B959BBAF822A476149239F57492D","dlc_43/sounds_ita_dlc_43.pck",654605,654605,73412,4
"BFA4FB6C6553B959BBAF822A476149239F57492D","dlc_43/sounds_ita_male_dlc_43.pck",130686689,130686689,127885742,4
"BFA4FB6C6553B959BBAF822A476149239F57492D","dlc_43/sounds_ita_female_dlc_43.pck",130686689,130686689,127885742,4
"BFA4FB6C6553B959BBAF822A476149239F57492D","dlc_43/sounds_jap_dlc_43.pck",654605,654605,73441,4
"BFA4FB6C6553B959BBAF822A476149239F57492D","dlc_43/sounds_jap_male_dlc_43.pck",122010521,122010521,119144862,4
"BFA4FB6C6553B959BBAF822A476149239F57492D","dlc_43/sounds_jap_female_dlc_43.pck",122010521,122010521,119144862,4
"BFA4FB6C6553B959BBAF822A476149239F57492D","dlc_43/sounds_rus_dlc_43.pck",654605,654605,73452,4
"BFA4FB6C6553B959BBAF822A476149239F57492D","dlc_43/sounds_rus_male_dlc_43.pck",110976473,110976473,108064357,4
"BFA4FB6C6553B959BBAF822A476149239F57492D","dlc_43/sounds_rus_female_dlc_43.pck",110962137,110962137,108048230,4
"BFA4FB6C6553B959BBAF822A476149239F57492D","dlc_43/sounds_bra_dlc_43.pck",654605,654605,73465,4
"BFA4FB6C6553B959BBAF822A476149239F57492D","dlc_43/sounds_bra_male_dlc_43.pck",122670857,122670857,119694322,4
"BFA4FB6C6553B959BBAF822A476149239F57492D","dlc_43/sounds_bra_female_dlc_43.pck",122670857,122670857,119694322,4
"BFA4FB6C6553B959BBAF822A476149239F57492D","dlc_43/sounds_spa_dlc_43.pck",654605,654605,73509,4
"BFA4FB6C6553B959BBAF822A476149239F57492D","dlc_43/sounds_spa_male_dlc_43.pck",133156049,133156049,130384229,4
"BFA4FB6C6553B959BBAF822A476149239F57492D","dlc_43/sounds_spa_female_dlc_43.pck",133156049,133156049,130383068,4
"BFA4FB6C6553B959BBAF822A476149239F57492D","dlc_43/DT_Intro.webm",48793265,48793265,48824376,4
"BFA4FB6C6553B959BBAF822A476149239F57492D","dlc_43/DT_Outro.webm",29889124,29889124,29880908,4
"BFA4FB6C6553B959BBAF822A476149239F57492D","sounddata/PC/sounds_sfx_install_2.pck",5331169,5331169,5102359,5
"BFA4FB6C6553B959BBAF822A476149239F57492D","videos/UbisoftLogo.bk2",10821772,10821772,10599765,6
"BFA4FB6C6553B959BBAF822A476149239F57492D","videos/BlackScreen.bk2",35916,35916,536,6
"BFA4FB6C6553B959BBAF822A476149239F57492D","videos/ar/Epilepsy.bk2",402136,402136,371625,6
"BFA4FB6C6553B959BBAF822A476149239F57492D","videos/ar/PC_WarningSaving.bk2",209892,209892,167697,6
"BFA4FB6C6553B959BBAF822A476149239F57492D","videos/ar/warning_disclaimer.bk2",120124,120124,87118,6
"BFA4FB6C6553B959BBAF822A476149239F57492D","videos/br/Epilepsy.bk2",380552,380552,356086,6
"BFA4FB6C6553B959BBAF822A476149239F57492D","videos/br/PC_WarningSaving.bk2",211544,211544,171103,6
"BFA4FB6C6553B959BBAF822A476149239F57492D","videos/br/warning_disclaimer.bk2",175484,175484,111863,6
"BFA4FB6C6553B959BBAF822A476149239F57492D","videos/cn/Epilepsy.bk2",279568,279568,243092,6
"BFA4FB6C6553B959BBAF822A476149239F57492D","videos/cn/PC_WarningSaving.bk2",189700,189700,150001,6
"BFA4FB6C6553B959BBAF822A476149239F57492D","videos/cn/warning_disclaimer.bk2",146760,146760,81742,6
"BFA4FB6C6553B959BBAF822A476149239F57492D","videos/cz/Epilepsy.bk2",372188,372188,340048,6
"BFA4FB6C6553B959BBAF822A476149239F57492D","videos/cz/PC_WarningSaving.bk2",158836,158836,120541,6
"BFA4FB6C6553B959BBAF822A476149239F57492D","videos/cz/warning_disclaimer.bk2",167088,167088,103409,6
"BFA4FB6C6553B959BBAF822A476149239F57492D","videos/de/Epilepsy.bk2",277636,277636,243489,6
"BFA4FB6C6553B959BBAF822A476149239F57492D","videos/de/PC_WarningSaving.bk2",211144,211144,170019,6
"BFA4FB6C6553B959BBAF822A476149239F57492D","videos/de/warning_disclaimer.bk2",195260,195260,131940,6
"BFA4FB6C6553B959BBAF822A476149239F57492D","videos/du/Epilepsy.bk2",266788,266788,231237,6
"BFA4FB6C6553B959BBAF822A476149239F57492D","videos/du/PC_WarningSaving.bk2",219412,219412,178783,6
"BFA4FB6C6553B959BBAF822A476149239F57492D","videos/du/warning_disclaimer.bk2",219096,219096,156265,6
"BFA4FB6C6553B959BBAF822A476149239F57492D","videos/en/Epilepsy.bk2",312008,312008,287548,6
"BFA4FB6C6553B959BBAF822A476149239F57492D","videos/en/PC_WarningSaving.bk2",195892,195892,155635,6
"BFA4FB6C6553B959BBAF822A476149239F57492D","videos/en/warning_disclaimer.bk2",171836,171836,108192,6
"BFA4FB6C6553B959BBAF822A476149239F57492D","videos/fr/Epilepsy.bk2",465020,465020,435941,6
"BFA4FB6C6553B959BBAF822A476149239F57492D","videos/fr/PC_WarningSaving.bk2",202412,202412,162105,6
"BFA4FB6C6553B959BBAF822A476149239F57492D","videos/fr/warning_disclaimer.bk2",184072,184072,120524,6
"BFA4FB6C6553B959BBAF822A476149239F57492D","videos/hu/Epilepsy.bk2",373324,373324,341093,6
"BFA4FB6C6553B959BBAF822A476149239F57492D","videos/hu/PC_WarningSaving.bk2",202248,202248,172493,6
"BFA4FB6C6553B959BBAF822A476149239F57492D","videos/hu/warning_disclaimer.bk2",120100,120100,84783,6
"BFA4FB6C6553B959BBAF822A476149239F57492D","videos/it/Epilepsy.bk2",393336,393336,361461,6
"BFA4FB6C6553B959BBAF822A476149239F57492D","videos/it/PC_WarningSaving.bk2",202556,202556,162341,6
"BFA4FB6C6553B959BBAF822A476149239F57492D","videos/it/warning_disclaimer.bk2",185576,185576,121917,6
"BFA4FB6C6553B959BBAF822A476149239F57492D","videos/jp/Epilepsy.bk2",522168,522168,486588,6
"BFA4FB6C6553B959BBAF822A476149239F57492D","videos/jp/PC_WarningSaving.bk2",213012,213012,172240,6
"BFA4FB6C6553B959BBAF822A476149239F57492D","videos/jp/warning_disclaimer.bk2",152308,152308,100205,6
"BFA4FB6C6553B959BBAF822A476149239F57492D","videos/ko/Epilepsy.bk2",301660,301660,267707,6
"BFA4FB6C6553B959BBAF822A476149239F57492D","videos/ko/PC_WarningSaving.bk2",188652,188652,149666,6
"BFA4FB6C6553B959BBAF822A476149239F57492D","videos/ko/warning_disclaimer.bk2",150136,150136,85543,6
"BFA4FB6C6553B959BBAF822A476149239F57492D","videos/mx/Epilepsy.bk2",277668,277668,243910,6
"BFA4FB6C6553B959BBAF822A476149239F57492D","videos/mx/PC_WarningSaving.bk2",162128,162128,134116,6
"BFA4FB6C6553B959BBAF822A476149239F57492D","videos/mx/warning_disclaimer.bk2",136024,136024,100732,6
"BFA4FB6C6553B959BBAF822A476149239F57492D","videos/pl/Epilepsy.bk2",278980,278980,244749,6
"BFA4FB6C6553B959BBAF822A476149239F57492D","videos/pl/PC_WarningSaving.bk2",200584,200584,159721,6
"BFA4FB6C6553B959BBAF822A476149239F57492D","videos/pl/warning_disclaimer.bk2",208824,208824,145669,6
"BFA4FB6C6553B959BBAF822A476149239F57492D","videos/ru/Epilepsy.bk2",474964,474964,444239,6
"BFA4FB6C6553B959BBAF822A476149239F57492D","videos/ru/PC_WarningSaving.bk2",210416,210416,169553,6
"BFA4FB6C6553B959BBAF822A476149239F57492D","videos/ru/warning_disclaimer.bk2",236768,236768,174343,6
"BFA4FB6C6553B959BBAF822A476149239F57492D","videos/sp/Epilepsy.bk2",277668,277668,243910,6
"BFA4FB6C6553B959BBAF822A476149239F57492D","videos/sp/PC_WarningSaving.bk2",201180,201180,161109,6
"BFA4FB6C6553B959BBAF822A476149239F57492D","videos/sp/warning_disclaimer.bk2",211712,211712,148651,6
"BFA4FB6C6553B959BBAF822A476149239F57492D","videos/tw/Epilepsy.bk2",382300,382300,350135,6
"BFA4FB6C6553B959BBAF822A476149239F57492D","videos/tw/PC_WarningSaving.bk2",188420,188420,149159,6
"BFA4FB6C6553B959BBAF822A476149239F57492D","videos/tw/warning_disclaimer.bk2",145228,145228,80230,6
"BFA4FB6C6553B959BBAF822A476149239F57492D","DataPC_ACD_Greece_gi.forge",288161792,288161792,272990634,7
"BFA4FB6C6553B959BBAF822A476149239F57492D","DataPC_ACD_Greece_DX11.forge",8847360,8847360,7535356,7
"BFA4FB6C6553B959BBAF822A476149239F57492D","DataPC_ACD_Greece_gi_ext.forge",5280563204,985595908,343109772,7
"BFA4FB6C6553B959BBAF822A476149239F57492D","DataPC_ACD_greece_ext.forge",21200175104,4020305920,1705663987,7
"BFA4FB6C6553B959BBAF822A476149239F57492D","DataPC_ACD_Greece.forge",10026549248,1436614656,776714134,8
"BFA4FB6C6553B959BBAF822A476149239F57492D","Support\Readme\English\Readme.txt",9001,9001,3285,118
"BFA4FB6C6553B959BBAF822A476149239F57492D","Support\Readme\French\Readme.txt",9637,9637,3352,118
"BFA4FB6C6553B959BBAF822A476149239F57492D","Support\Readme\Italian\Readme.txt",9586,9586,3419,118
"BFA4FB6C6553B959BBAF822A476149239F57492D","Support\Readme\German\Readme.txt",8198,8198,2710,118
"BFA4FB6C6553B959BBAF822A476149239F57492D","Support\Readme\Spanish\Readme.txt",9905,9905,3442,118
"BFA4FB6C6553B959BBAF822A476149239F57492D","Support\Readme\Brazilian\Readme.txt",10031,10031,3578,118
"BFA4FB6C6553B959BBAF822A476149239F57492D","Support\Readme\Japanese\Readme.txt",9407,9407,3205,118
"BFA4FB6C6553B959BBAF822A476149239F57492D","Support\Readme\Russian\Readme.txt",14501,14501,4183,118
"BFA4FB6C6553B959BBAF822A476149239F57492D","Support\Readme\Dutch\Readme.txt",9887,9887,3474,118
"BFA4FB6C6553B959BBAF822A476149239F57492D","Support\Readme\Polish\Readme.txt",10556,10556,3987,118
"BFA4FB6C6553B959BBAF822A476149239F57492D","Support\Readme\Czech\Readme.txt",10956,10956,4248,118
"BFA4FB6C6553B959BBAF822A476149239F57492D","Support\Readme\Korean\Readme.txt",11579,11579,4229,118
"BFA4FB6C6553B959BBAF822A476149239F57492D","Support\Readme\Chinese(Trad)\Readme.txt",9387,9387,3585,118
"BFA4FB6C6553B959BBAF822A476149239F57492D","Support\Readme\Chinese(Simp)\Readme.txt",11026,11026,3067,118
"BFA4FB6C6553B959BBAF822A476149239F57492D","sounddata\PC\sounds_fre.pck",774747119,774747119,726083572,119
"BFA4FB6C6553B959BBAF822A476149239F57492D","sounddata\PC\sounds_fre_male.pck",346830998,346830998,331573573,119
"BFA4FB6C6553B959BBAF822A476149239F57492D","sounddata\PC\sounds_fre_female.pck",343018654,343018654,327762917,119
"BFA4FB6C6553B959BBAF822A476149239F57492D","sounddata\PC\sounds_fre_music.pck",85481420,85481420,84215280,119
"BFA4FB6C6553B959BBAF822A476149239F57492D","sounddata\PC\sounds_ita.pck",846325462,846325462,796689371,120
"BFA4FB6C6553B959BBAF822A476149239F57492D","sounddata\PC\sounds_ita_male.pck",321105856,321105856,306499311,120
"BFA4FB6C6553B959BBAF822A476149239F57492D","sounddata\PC\sounds_ita_female.pck",312581676,312581676,298024909,120
"BFA4FB6C6553B959BBAF822A476149239F57492D","sounddata\PC\sounds_ita_music.pck",85480932,85480932,84219009,120
"BFA4FB6C6553B959BBAF822A476149239F57492D","sounddata\PC\sounds_ger.pck",762350043,762350043,713096584,121
"BFA4FB6C6553B959BBAF822A476149239F57492D","sounddata\PC\sounds_ger_male.pck",339928670,339928670,324542725,121
"BFA4FB6C6553B959BBAF822A476149239F57492D","sounddata\PC\sounds_ger_female.pck",327584908,327584908,312258696,121
"BFA4FB6C6553B959BBAF822A476149239F57492D","sounddata\PC\sounds_ger_music.pck",85481384,85481384,84215591,121
"BFA4FB6C6553B959BBAF822A476149239F57492D","sounddata\PC\sounds_spa.pck",779594197,779594197,729263984,122
"BFA4FB6C6553B959BBAF822A476149239F57492D","sounddata\PC\sounds_spa_male.pck",359831340,359831340,343990340,122
"BFA4FB6C6553B959BBAF822A476149239F57492D","sounddata\PC\sounds_spa_female.pck",328230015,328230015,312553769,122
"BFA4FB6C6553B959BBAF822A476149239F57492D","sounddata\PC\sounds_spa_music.pck",85480811,85480811,84229024,122
"BFA4FB6C6553B959BBAF822A476149239F57492D","sounddata\PC\sounds_rus.pck",658895755,658895755,609985942,123
"BFA4FB6C6553B959BBAF822A476149239F57492D","sounddata\PC\sounds_rus_male.pck",351997215,351997215,334248014,123
"BFA4FB6C6553B959BBAF822A476149239F57492D","sounddata\PC\sounds_rus_female.pck",326951261,326951261,308776200,123
"BFA4FB6C6553B959BBAF822A476149239F57492D","sounddata\PC\sounds_rus_music.pck",85481233,85481233,84230728,123
"BFA4FB6C6553B959BBAF822A476149239F57492D","sounddata\PC\sounds_bra.pck",159771267,159771267,130301674,124
"BFA4FB6C6553B959BBAF822A476149239F57492D","sounddata\PC\sounds_bra_male.pck",913567852,913567852,876885827,124
"BFA4FB6C6553B959BBAF822A476149239F57492D","sounddata\PC\sounds_bra_female.pck",904397194,904397194,868038067,124
"BFA4FB6C6553B959BBAF822A476149239F57492D","sounddata\PC\sounds_bra_music.pck",85480505,85480505,84225458,124
"BFA4FB6C6553B959BBAF822A476149239F57492D","sounddata\PC\sounds_jap.pck",811577743,811577743,760928381,125
"BFA4FB6C6553B959BBAF822A476149239F57492D","sounddata\PC\sounds_jap_male.pck",276537362,276537362,262055100,125
"BFA4FB6C6553B959BBAF822A476149239F57492D","sounddata\PC\sounds_jap_female.pck",283553184,283553184,269124506,125
"BFA4FB6C6553B959BBAF822A476149239F57492D","sounddata\PC\sounds_jap_music.pck",85479930,85479930,84223571,125
"BFA4FB6C6553B959BBAF822A476149239F57492D","dlc_9\DataPC_9_dlc.forge",83165184,83165184,50554704,126
"BFA4FB6C6553B959BBAF822A476149239F57492D","dlc_9\DataPC_9_dlc_dx11.forge",6389764,6389764,12244,126
"BFA4FB6C6553B959BBAF822A476149239F57492D","sounddata\PC\sounds_fre_male_install_1.pck",15499644,15499644,14732143,126
"BFA4FB6C6553B959BBAF822A476149239F57492D","sounddata\PC\sounds_fre_female_install_1.pck",15385562,15385562,14636644,126
"BFA4FB6C6553B959BBAF822A476149239F57492D","sounddata\PC\sounds_fre_install_1.pck",444002763,444002763,411211326,126
"BFA4FB6C6553B959BBAF822A476149239F57492D","dlc_5\DataPC_5_dlc.forge",84967424,84967424,51691988,127
"BFA4FB6C6553B959BBAF822A476149239F57492D","dlc_5\DataPC_5_dlc_dx11.forge",6389764,6389764,12244,127
"BFA4FB6C6553B959BBAF822A476149239F57492D","sounddata\PC\sounds_ita_male_install_1.pck",16074840,16074840,15360813,127
"BFA4FB6C6553B959BBAF822A476149239F57492D","sounddata\PC\sounds_ita_female_install_1.pck",15429942,15429942,14702661,127
"BFA4FB6C6553B959BBAF822A476149239F57492D","sounddata\PC\sounds_ita_install_1.pck",446316599,446316599,413454437,127
"BFA4FB6C6553B959BBAF822A476149239F57492D","dlc_6\DataPC_6_dlc.forge",85164032,85164032,52669846,128
"BFA4FB6C6553B959BBAF822A476149239F57492D","dlc_6\DataPC_6_dlc_dx11.forge",6389764,6389764,12244,128
"BFA4FB6C6553B959BBAF822A476149239F57492D","sounddata\PC\sounds_ger_male_install_1.pck",14941993,14941993,14186655,128
"BFA4FB6C6553B959BBAF822A476149239F57492D","sounddata\PC\sounds_ger_female_install_1.pck",14444155,14444155,13705447,128
"BFA4FB6C6553B959BBAF822A476149239F57492D","sounddata\PC\sounds_ger_install_1.pck",441320261,441320261,408354000,128
"BFA4FB6C6553B959BBAF822A476149239F57492D","dlc_7\DataPC_7_dlc.forge",86409216,86409216,52558278,129
"BFA4FB6C6553B959BBAF822A476149239F57492D","dlc_7\DataPC_7_dlc_dx11.forge",6389764,6389764,12244,129
"BFA4FB6C6553B959BBAF822A476149239F57492D","sounddata\PC\sounds_spa_male_install_1.pck",16561090,16561090,15805026,129
"BFA4FB6C6553B959BBAF822A476149239F57492D","sounddata\PC\sounds_spa_female_install_1.pck",15487913,15487913,14722871,129
"BFA4FB6C6553B959BBAF822A476149239F57492D","sounddata\PC\sounds_spa_install_1.pck",443995671,443995671,410992257,129
"BFA4FB6C6553B959BBAF822A476149239F57492D","dlc_10\DataPC_10_dlc.forge",80805888,80805888,49233929,130
"BFA4FB6C6553B959BBAF822A476149239F57492D","dlc_10\DataPC_10_dlc_dx11.forge",6389764,6389764,12244,130
"BFA4FB6C6553B959BBAF822A476149239F57492D","sounddata\PC\sounds_rus_male_install_1.pck",15035783,15035783,14204947,130
"BFA4FB6C6553B959BBAF822A476149239F57492D","sounddata\PC\sounds_rus_female_install_1.pck",13908108,13908108,13089874,130
"BFA4FB6C6553B959BBAF822A476149239F57492D","sounddata\PC\sounds_rus_install_1.pck",432949011,432949011,399867135,130
"BFA4FB6C6553B959BBAF822A476149239F57492D","dlc_8\DataPC_8_dlc.forge",84967424,84967424,51692544,131
"BFA4FB6C6553B959BBAF822A476149239F57492D","dlc_8\DataPC_8_dlc_dx11.forge",6389764,6389764,12244,131
"BFA4FB6C6553B959BBAF822A476149239F57492D","sounddata\PC\sounds_bra_male_install_1.pck",36453743,36453743,34802058,131
"BFA4FB6C6553B959BBAF822A476149239F57492D","sounddata\PC\sounds_bra_female_install_1.pck",35906761,35906761,34226900,131
"BFA4FB6C6553B959BBAF822A476149239F57492D","sounddata\PC\sounds_bra_install_1.pck",418578711,418578711,386510516,131
"BFA4FB6C6553B959BBAF822A476149239F57492D","dlc_11\DataPC_11_dlc.forge",81756160,81756160,49827960,132
"BFA4FB6C6553B959BBAF822A476149239F57492D","dlc_11\DataPC_11_dlc_dx11.forge",6389764,6389764,12244,132
"BFA4FB6C6553B959BBAF822A476149239F57492D","sounddata\PC\sounds_jap_male_install_1.pck",13043187,13043187,12340601,132
"BFA4FB6C6553B959BBAF822A476149239F57492D","sounddata\PC\sounds_jap_female_install_1.pck",13153045,13153045,12449924,132
"BFA4FB6C6553B959BBAF822A476149239F57492D","sounddata\PC\sounds_jap_install_1.pck",445380224,445380224,412344258,132
