"569","D4BA7554117440E91172F98D0D1F5A9856FE45F7","0000-00-00",865,86737733679,838387759,75191382,1
"D4BA7554117440E91172F98D0D1F5A9856FE45F7","amd_ags_x64.dll",107520,107520,53817,1
"D4BA7554117440E91172F98D0D1F5A9856FE45F7","AnselSDK64.dll",123792,123792,69537,1
"D4BA7554117440E91172F98D0D1F5A9856FE45F7","bink2w64.dll",372224,372224,200833,1
"D4BA7554117440E91172F98D0D1F5A9856FE45F7","d3dcompiler_47.dll",4470976,4470976,2020197,1
"D4BA7554117440E91172F98D0D1F5A9856FE45F7","dbdata.dll",533848,533848,188194,1
"D4BA7554117440E91172F98D0D1F5A9856FE45F7","dbghelp.dll",1369952,1369952,569880,1
"D4BA7554117440E91172F98D0D1F5A9856FE45F7","eac.exe",1234920,1234920,905847,1
"D4BA7554117440E91172F98D0D1F5A9856FE45F7","ekshaderspc.bin",17514324,17514324,13239136,1
"D4BA7554117440E91172F98D0D1F5A9856FE45F7","ForHonor.bin",29928,29928,18529,1
"D4BA7554117440E91172F98D0D1F5A9856FE45F7","forhonor.exe",202296128,202296128,107188398,1
"D4BA7554117440E91172F98D0D1F5A9856FE45F7","gameassetpc_00_aa.forge",2531048024,2531048024,2530266076,1
"D4BA7554117440E91172F98D0D1F5A9856FE45F7","gameassetpc_00_aa_sound.forge",2128457241,2128457241,2106889456,1
"D4BA7554117440E91172F98D0D1F5A9856FE45F7","gameassetpc_00_ab.forge",12307811,12307811,12234887,1
"D4BA7554117440E91172F98D0D1F5A9856FE45F7","gameassetpc_00_ab_sound.forge",118542007,118542007,112711254,1
"D4BA7554117440E91172F98D0D1F5A9856FE45F7","gameassetpc_00_ac.forge",49044090,49044090,48973087,1
"D4BA7554117440E91172F98D0D1F5A9856FE45F7","gameassetpc_00_ac_sound.forge",71739642,71739642,68890225,1
"D4BA7554117440E91172F98D0D1F5A9856FE45F7","gameassetpc_00_ad.forge",357565811,357565811,356997586,1
"D4BA7554117440E91172F98D0D1F5A9856FE45F7","gameassetpc_00_ad_sound.forge",575899930,575899930,568881928,1
"D4BA7554117440E91172F98D0D1F5A9856FE45F7","gameassetpc_00_ae.forge",33471174,33471174,33383907,1
"D4BA7554117440E91172F98D0D1F5A9856FE45F7","gameassetpc_00_ae_sound.forge",23584160,23584160,21286945,1
"D4BA7554117440E91172F98D0D1F5A9856FE45F7","gameassetpc_00_af.forge",77521614,77521614,77396013,1
"D4BA7554117440E91172F98D0D1F5A9856FE45F7","gameassetpc_00_af_sound.forge",26550284,26550284,24121957,1
"D4BA7554117440E91172F98D0D1F5A9856FE45F7","gameassetpc_00_ag.forge",33719526,33719526,33624755,1
"D4BA7554117440E91172F98D0D1F5A9856FE45F7","gameassetpc_00_ag_sound.forge",28888774,28888774,26066554,1
"D4BA7554117440E91172F98D0D1F5A9856FE45F7","gameassetpc_00_ah.forge",32828073,32828073,32762400,1
"D4BA7554117440E91172F98D0D1F5A9856FE45F7","gameassetpc_00_ah_sound.forge",3457261,3457261,2622469,1
"D4BA7554117440E91172F98D0D1F5A9856FE45F7","gameassetpc_00_ai.forge",59852499,59852499,59708107,1
"D4BA7554117440E91172F98D0D1F5A9856FE45F7","gameassetpc_00_ai_sound.forge",32061204,32061204,29823603,1
"D4BA7554117440E91172F98D0D1F5A9856FE45F7","gameassetpc_00_aj.forge",54097726,54097726,53974021,1
"D4BA7554117440E91172F98D0D1F5A9856FE45F7","gameassetpc_00_aj_sound.forge",41420413,41420413,39258297,1
"D4BA7554117440E91172F98D0D1F5A9856FE45F7","gameassetpc_00_ak.forge",18550121,18550121,18480514,1
"D4BA7554117440E91172F98D0D1F5A9856FE45F7","gameassetpc_00_ak_sound.forge",39992027,39992027,36738718,1
"D4BA7554117440E91172F98D0D1F5A9856FE45F7","gameassetpc_00_al.forge",47256966,47256966,47142267,1
"D4BA7554117440E91172F98D0D1F5A9856FE45F7","gameassetpc_00_al_sound.forge",36614553,36614553,34188131,1
"D4BA7554117440E91172F98D0D1F5A9856FE45F7","gameassetpc_00_am.forge",50497802,50497802,50359008,1
"D4BA7554117440E91172F98D0D1F5A9856FE45F7","gameassetpc_00_am_sound.forge",34363161,34363161,31493956,1
"D4BA7554117440E91172F98D0D1F5A9856FE45F7","gameassetpc_00_an.forge",83168964,83168964,83102376,1
"D4BA7554117440E91172F98D0D1F5A9856FE45F7","gameassetpc_00_an_sound.forge",9168825,9168825,7947706,1
"D4BA7554117440E91172F98D0D1F5A9856FE45F7","gameassetpc_00_ao.forge",38231604,38231604,38148623,1
"D4BA7554117440E91172F98D0D1F5A9856FE45F7","gameassetpc_00_ao_sound.forge",20884436,20884436,18405751,1
"D4BA7554117440E91172F98D0D1F5A9856FE45F7","gameassetpc_00_ap.forge",74228338,74228338,74117057,1
"D4BA7554117440E91172F98D0D1F5A9856FE45F7","gameassetpc_00_ap_sound.forge",6197770,6197770,5030269,1
"D4BA7554117440E91172F98D0D1F5A9856FE45F7","gameassetpc_00_aq.forge",187096153,187096153,186991085,1
"D4BA7554117440E91172F98D0D1F5A9856FE45F7","gameassetpc_00_aq_sound.forge",48851730,48851730,45950038,1
"D4BA7554117440E91172F98D0D1F5A9856FE45F7","gameassetpc_00_ar.forge",116464329,116464329,116340926,1
"D4BA7554117440E91172F98D0D1F5A9856FE45F7","gameassetpc_00_ar_sound.forge",13934448,13934448,11679967,1
"D4BA7554117440E91172F98D0D1F5A9856FE45F7","gameassetpc_00_as.forge",177391192,177391192,177313488,1
"D4BA7554117440E91172F98D0D1F5A9856FE45F7","gameassetpc_00_as_sound.forge",33259890,33259890,32353566,1
"D4BA7554117440E91172F98D0D1F5A9856FE45F7","gameassetpc_00_at.forge",143396072,143396072,143274910,1
"D4BA7554117440E91172F98D0D1F5A9856FE45F7","gameassetpc_00_at_sound.forge",21107680,21107680,19506410,1
"D4BA7554117440E91172F98D0D1F5A9856FE45F7","gameassetpc_00_au.forge",133573301,133573301,133475439,1
"D4BA7554117440E91172F98D0D1F5A9856FE45F7","gameassetpc_00_au_sound.forge",42982311,42982311,41097841,1
"D4BA7554117440E91172F98D0D1F5A9856FE45F7","gameassetpc_00_av.forge",60695841,60695841,60571561,1
"D4BA7554117440E91172F98D0D1F5A9856FE45F7","gameassetpc_00_av_sound.forge",8264760,8264760,7290944,1
"D4BA7554117440E91172F98D0D1F5A9856FE45F7","gameassetpc_00_aw.forge",156933262,156933262,156598395,1
"D4BA7554117440E91172F98D0D1F5A9856FE45F7","gameassetpc_00_aw_sound.forge",34287736,34287736,32589621,1
"D4BA7554117440E91172F98D0D1F5A9856FE45F7","gameassetpc_00_ax.forge",6694461,6694461,6571588,1
"D4BA7554117440E91172F98D0D1F5A9856FE45F7","gameassetpc_00_ax_sound.forge",6788847,6788847,6126859,1
"D4BA7554117440E91172F98D0D1F5A9856FE45F7","gameassetpc_00_ay.forge",213579382,213579382,213444715,1
"D4BA7554117440E91172F98D0D1F5A9856FE45F7","gameassetpc_00_ay_sound.forge",23218054,23218054,22116747,1
"D4BA7554117440E91172F98D0D1F5A9856FE45F7","gameassetpc_00_az.forge",63353453,63353453,63200143,1
"D4BA7554117440E91172F98D0D1F5A9856FE45F7","gameassetpc_00_az_sound.forge",17484105,17484105,16656392,1
"D4BA7554117440E91172F98D0D1F5A9856FE45F7","gameassetpc_00_ba.forge",66914632,66914632,66734784,1
"D4BA7554117440E91172F98D0D1F5A9856FE45F7","gameassetpc_00_ba_sound.forge",13168163,13168163,12163570,1
"D4BA7554117440E91172F98D0D1F5A9856FE45F7","gameassetpc_00_bb.forge",30168667,30168667,29986166,1
"D4BA7554117440E91172F98D0D1F5A9856FE45F7","gameassetpc_00_bb_sound.forge",23665427,23665427,22497369,1
"D4BA7554117440E91172F98D0D1F5A9856FE45F7","gameassetpc_00_bc.forge",25036102,25036102,24874919,1
"D4BA7554117440E91172F98D0D1F5A9856FE45F7","gameassetpc_00_bc_sound.forge",30869384,30869384,29504364,1
"D4BA7554117440E91172F98D0D1F5A9856FE45F7","gameassetpc_00_bd.forge",50337344,50337344,50164393,1
"D4BA7554117440E91172F98D0D1F5A9856FE45F7","gameassetpc_00_be.forge",73319631,73319631,73190575,1
"D4BA7554117440E91172F98D0D1F5A9856FE45F7","gameassetpc_00_bf.forge",272242226,272242226,272106214,1
"D4BA7554117440E91172F98D0D1F5A9856FE45F7","gameassetpc_00_bg.forge",44343037,44343037,44198716,1
"D4BA7554117440E91172F98D0D1F5A9856FE45F7","gamedatapc_00.forge",5525571,5525571,3032506,1
"D4BA7554117440E91172F98D0D1F5A9856FE45F7","gameobjectpc_00.forge",137480668,137480668,137203129,1
"D4BA7554117440E91172F98D0D1F5A9856FE45F7","GFSDK_Aftermath_Lib.x64.dll",116224,116224,59611,1
"D4BA7554117440E91172F98D0D1F5A9856FE45F7","gpudatabase_win64.dll",83968,83968,16032,1
"D4BA7554117440E91172F98D0D1F5A9856FE45F7","lang",84360,84360,26917,1
"D4BA7554117440E91172F98D0D1F5A9856FE45F7","legacygamepads.ini",13633,13633,2862,1
"D4BA7554117440E91172F98D0D1F5A9856FE45F7","oo2core_7_win64.dll",1021440,1021440,490167,1
"D4BA7554117440E91172F98D0D1F5A9856FE45F7","splashscreen.exe",1279808,1279808,1224525,1
"D4BA7554117440E91172F98D0D1F5A9856FE45F7","streaminginstall.ini",32514,32514,5229,1
"D4BA7554117440E91172F98D0D1F5A9856FE45F7","Tobii.GameIntegration.dll",1853680,1853680,938952,1
"D4BA7554117440E91172F98D0D1F5A9856FE45F7","uplay_r1_loader64.dll",551256,551256,194194,1
"D4BA7554117440E91172F98D0D1F5A9856FE45F7","EasyAntiCheat\eac_launcher.node",102000,102000,56138,1
"D4BA7554117440E91172F98D0D1F5A9856FE45F7","EasyAntiCheat\eac_launcher_x64.node",124016,124016,66257,1
"D4BA7554117440E91172F98D0D1F5A9856FE45F7","EasyAntiCheat\eac_server.dll",1205360,1205360,620264,1
"D4BA7554117440E91172F98D0D1F5A9856FE45F7","EasyAntiCheat\eac_server64.dll",1425008,1425008,713554,1
"D4BA7554117440E91172F98D0D1F5A9856FE45F7","EasyAntiCheat\EasyAntiCheat_Setup.exe",811496,811496,396052,1
"D4BA7554117440E91172F98D0D1F5A9856FE45F7","EasyAntiCheat\EasyAntiCheat_x64.dll",768488,768488,412486,1
"D4BA7554117440E91172F98D0D1F5A9856FE45F7","EasyAntiCheat\EasyAntiCheat_x86.dll",656360,656360,361816,1
"D4BA7554117440E91172F98D0D1F5A9856FE45F7","EasyAntiCheat\Cache\easyanticheat_wow64_x64.eac",1870464,1870464,1866127,1
"D4BA7554117440E91172F98D0D1F5A9856FE45F7","EasyAntiCheat\Certificates\game.bin",9157,9157,7876,1
"D4BA7554117440E91172F98D0D1F5A9856FE45F7","EasyAntiCheat\Certificates\game.cer",1335,1335,1346,1
"D4BA7554117440E91172F98D0D1F5A9856FE45F7","EasyAntiCheat\Launcher\Settings.json",338,338,185,1
"D4BA7554117440E91172F98D0D1F5A9856FE45F7","EasyAntiCheat\Launcher\SplashScreen.png",359779,359779,359254,1
"D4BA7554117440E91172F98D0D1F5A9856FE45F7","EasyAntiCheat\Licenses\Apache-2.0.txt",11560,11560,4327,1
"D4BA7554117440E91172F98D0D1F5A9856FE45F7","EasyAntiCheat\Licenses\CCO-1.0.txt",997,997,527,1
"D4BA7554117440E91172F98D0D1F5A9856FE45F7","EasyAntiCheat\Licenses\LGPL-2.1.txt",27032,27032,10559,1
"D4BA7554117440E91172F98D0D1F5A9856FE45F7","EasyAntiCheat\Licenses\Licenses.txt",17579,17579,4352,1
"D4BA7554117440E91172F98D0D1F5A9856FE45F7","EasyAntiCheat\Licenses\MIT.txt",1093,1093,642,1
"D4BA7554117440E91172F98D0D1F5A9856FE45F7","EasyAntiCheat\Localization\ar_sa.cfg",9424,9424,3396,1
"D4BA7554117440E91172F98D0D1F5A9856FE45F7","EasyAntiCheat\Localization\cs_cz.cfg",8321,8321,3187,1
"D4BA7554117440E91172F98D0D1F5A9856FE45F7","EasyAntiCheat\Localization\de_de.cfg",8217,8217,3128,1
"D4BA7554117440E91172F98D0D1F5A9856FE45F7","EasyAntiCheat\Localization\en_US.cfg",8134,8134,2898,1
"D4BA7554117440E91172F98D0D1F5A9856FE45F7","EasyAntiCheat\Localization\es_ar.cfg",8417,8417,3136,1
"D4BA7554117440E91172F98D0D1F5A9856FE45F7","EasyAntiCheat\Localization\es_es.cfg",8432,8432,3059,1
"D4BA7554117440E91172F98D0D1F5A9856FE45F7","EasyAntiCheat\Localization\fr_fr.cfg",8451,8451,3078,1
"D4BA7554117440E91172F98D0D1F5A9856FE45F7","EasyAntiCheat\Localization\it_it.cfg",7958,7958,2886,1
"D4BA7554117440E91172F98D0D1F5A9856FE45F7","EasyAntiCheat\Localization\ja_ja.cfg",9706,9706,3539,1
"D4BA7554117440E91172F98D0D1F5A9856FE45F7","EasyAntiCheat\Localization\ko_kr.cfg",8579,8579,3292,1
"D4BA7554117440E91172F98D0D1F5A9856FE45F7","EasyAntiCheat\Localization\nl_nl.cfg",7895,7895,2987,1
"D4BA7554117440E91172F98D0D1F5A9856FE45F7","EasyAntiCheat\Localization\pl_pl.cfg",8397,8397,3288,1
"D4BA7554117440E91172F98D0D1F5A9856FE45F7","EasyAntiCheat\Localization\pt_br.cfg",8217,8217,3041,1
"D4BA7554117440E91172F98D0D1F5A9856FE45F7","EasyAntiCheat\Localization\ru_ru.cfg",11160,11160,3835,1
"D4BA7554117440E91172F98D0D1F5A9856FE45F7","EasyAntiCheat\Localization\th_th.cfg",13761,13761,4097,1
"D4BA7554117440E91172F98D0D1F5A9856FE45F7","EasyAntiCheat\Localization\tr_tr.cfg",7813,7813,2999,1
"D4BA7554117440E91172F98D0D1F5A9856FE45F7","EasyAntiCheat\Localization\zh_cn.cfg",7120,7120,2965,1
"D4BA7554117440E91172F98D0D1F5A9856FE45F7","EasyAntiCheat\Localization\zh_tw.cfg",7103,7103,3017,1
"D4BA7554117440E91172F98D0D1F5A9856FE45F7","SoundPackages\soundpc_00_sfx.pck",17750929,17750929,15971630,1
"D4BA7554117440E91172F98D0D1F5A9856FE45F7","SoundPackages\soundpc_00_vo_en.pck",10140529,10140529,8829406,1
"D4BA7554117440E91172F98D0D1F5A9856FE45F7","Support\DirectX\Apr2005_d3dx9_25_x64.cab",1347354,1347354,1345060,1
"D4BA7554117440E91172F98D0D1F5A9856FE45F7","Support\DirectX\Apr2005_d3dx9_25_x86.cab",1078962,1078962,1074629,1
"D4BA7554117440E91172F98D0D1F5A9856FE45F7","Support\DirectX\Apr2006_d3dx9_30_x64.cab",1397830,1397830,1395681,1
"D4BA7554117440E91172F98D0D1F5A9856FE45F7","Support\DirectX\Apr2006_d3dx9_30_x86.cab",1115221,1115221,1111021,1
"D4BA7554117440E91172F98D0D1F5A9856FE45F7","Support\DirectX\Apr2006_MDX1_x86.cab",916430,916430,910978,1
"D4BA7554117440E91172F98D0D1F5A9856FE45F7","Support\DirectX\Apr2006_MDX1_x86_Archive.cab",4162630,4162630,4161726,1
"D4BA7554117440E91172F98D0D1F5A9856FE45F7","Support\DirectX\Apr2006_XACT_x64.cab",179133,179133,177166,1
"D4BA7554117440E91172F98D0D1F5A9856FE45F7","Support\DirectX\Apr2006_XACT_x86.cab",133103,133103,131096,1
"D4BA7554117440E91172F98D0D1F5A9856FE45F7","Support\DirectX\Apr2006_xinput_x64.cab",87101,87101,85169,1
"D4BA7554117440E91172F98D0D1F5A9856FE45F7","Support\DirectX\Apr2006_xinput_x86.cab",46010,46010,44015,1
"D4BA7554117440E91172F98D0D1F5A9856FE45F7","Support\DirectX\APR2007_d3dx10_33_x64.cab",698612,698612,696680,1
"D4BA7554117440E91172F98D0D1F5A9856FE45F7","Support\DirectX\APR2007_d3dx10_33_x86.cab",695865,695865,693819,1
"D4BA7554117440E91172F98D0D1F5A9856FE45F7","Support\DirectX\APR2007_d3dx9_33_x64.cab",1607358,1607358,1604916,1
"D4BA7554117440E91172F98D0D1F5A9856FE45F7","Support\DirectX\APR2007_d3dx9_33_x86.cab",1606039,1606039,1601641,1
"D4BA7554117440E91172F98D0D1F5A9856FE45F7","Support\DirectX\APR2007_XACT_x64.cab",195766,195766,193805,1
"D4BA7554117440E91172F98D0D1F5A9856FE45F7","Support\DirectX\APR2007_XACT_x86.cab",151225,151225,149252,1
"D4BA7554117440E91172F98D0D1F5A9856FE45F7","Support\DirectX\APR2007_xinput_x64.cab",96817,96817,94816,1
"D4BA7554117440E91172F98D0D1F5A9856FE45F7","Support\DirectX\APR2007_xinput_x86.cab",53302,53302,51340,1
"D4BA7554117440E91172F98D0D1F5A9856FE45F7","Support\DirectX\Aug2005_d3dx9_27_x64.cab",1350542,1350542,1348503,1
"D4BA7554117440E91172F98D0D1F5A9856FE45F7","Support\DirectX\Aug2005_d3dx9_27_x86.cab",1077644,1077644,1073585,1
"D4BA7554117440E91172F98D0D1F5A9856FE45F7","Support\DirectX\AUG2006_XACT_x64.cab",182903,182903,180934,1
"D4BA7554117440E91172F98D0D1F5A9856FE45F7","Support\DirectX\AUG2006_XACT_x86.cab",137235,137235,135238,1
"D4BA7554117440E91172F98D0D1F5A9856FE45F7","Support\DirectX\AUG2006_xinput_x64.cab",87142,87142,85202,1
"D4BA7554117440E91172F98D0D1F5A9856FE45F7","Support\DirectX\AUG2006_xinput_x86.cab",46058,46058,44078,1
"D4BA7554117440E91172F98D0D1F5A9856FE45F7","Support\DirectX\AUG2007_d3dx10_35_x64.cab",852286,852286,850133,1
"D4BA7554117440E91172F98D0D1F5A9856FE45F7","Support\DirectX\AUG2007_d3dx10_35_x86.cab",796867,796867,794536,1
"D4BA7554117440E91172F98D0D1F5A9856FE45F7","Support\DirectX\AUG2007_d3dx9_35_x64.cab",1800160,1800160,1798153,1
"D4BA7554117440E91172F98D0D1F5A9856FE45F7","Support\DirectX\AUG2007_d3dx9_35_x86.cab",1708152,1708152,1703687,1
"D4BA7554117440E91172F98D0D1F5A9856FE45F7","Support\DirectX\AUG2007_XACT_x64.cab",198096,198096,196130,1
"D4BA7554117440E91172F98D0D1F5A9856FE45F7","Support\DirectX\AUG2007_XACT_x86.cab",153012,153012,151073,1
"D4BA7554117440E91172F98D0D1F5A9856FE45F7","Support\DirectX\Aug2008_d3dx10_39_x64.cab",867612,867612,865032,1
"D4BA7554117440E91172F98D0D1F5A9856FE45F7","Support\DirectX\Aug2008_d3dx10_39_x86.cab",849167,849167,846544,1
"D4BA7554117440E91172F98D0D1F5A9856FE45F7","Support\DirectX\Aug2008_d3dx9_39_x64.cab",1794084,1794084,1791249,1
"D4BA7554117440E91172F98D0D1F5A9856FE45F7","Support\DirectX\Aug2008_d3dx9_39_x86.cab",1464672,1464672,1462369,1
"D4BA7554117440E91172F98D0D1F5A9856FE45F7","Support\DirectX\Aug2008_XACT_x64.cab",121772,121772,119757,1
"D4BA7554117440E91172F98D0D1F5A9856FE45F7","Support\DirectX\Aug2008_XACT_x86.cab",92996,92996,91008,1
"D4BA7554117440E91172F98D0D1F5A9856FE45F7","Support\DirectX\Aug2008_XAudio_x64.cab",271412,271412,269436,1
"D4BA7554117440E91172F98D0D1F5A9856FE45F7","Support\DirectX\Aug2008_XAudio_x86.cab",271038,271038,268911,1
"D4BA7554117440E91172F98D0D1F5A9856FE45F7","Support\DirectX\Aug2009_D3DCompiler_42_x64.cab",919044,919044,912298,1
"D4BA7554117440E91172F98D0D1F5A9856FE45F7","Support\DirectX\Aug2009_D3DCompiler_42_x86.cab",900598,900598,895479,1
"D4BA7554117440E91172F98D0D1F5A9856FE45F7","Support\DirectX\Aug2009_d3dcsx_42_x64.cab",3112111,3112111,3110918,1
"D4BA7554117440E91172F98D0D1F5A9856FE45F7","Support\DirectX\Aug2009_d3dcsx_42_x86.cab",3319740,3319740,3316511,1
"D4BA7554117440E91172F98D0D1F5A9856FE45F7","Support\DirectX\Aug2009_d3dx10_42_x64.cab",232635,232635,230660,1
"D4BA7554117440E91172F98D0D1F5A9856FE45F7","Support\DirectX\Aug2009_d3dx10_42_x86.cab",192131,192131,190112,1
"D4BA7554117440E91172F98D0D1F5A9856FE45F7","Support\DirectX\Aug2009_d3dx11_42_x64.cab",136301,136301,134314,1
"D4BA7554117440E91172F98D0D1F5A9856FE45F7","Support\DirectX\Aug2009_d3dx11_42_x86.cab",105044,105044,102948,1
"D4BA7554117440E91172F98D0D1F5A9856FE45F7","Support\DirectX\Aug2009_d3dx9_42_x64.cab",930116,930116,927566,1
"D4BA7554117440E91172F98D0D1F5A9856FE45F7","Support\DirectX\Aug2009_d3dx9_42_x86.cab",728456,728456,725614,1
"D4BA7554117440E91172F98D0D1F5A9856FE45F7","Support\DirectX\Aug2009_XACT_x64.cab",122408,122408,120401,1
"D4BA7554117440E91172F98D0D1F5A9856FE45F7","Support\DirectX\Aug2009_XACT_x86.cab",93106,93106,91120,1
"D4BA7554117440E91172F98D0D1F5A9856FE45F7","Support\DirectX\Aug2009_XAudio_x64.cab",273264,273264,271305,1
"D4BA7554117440E91172F98D0D1F5A9856FE45F7","Support\DirectX\Aug2009_XAudio_x86.cab",272642,272642,270570,1
"D4BA7554117440E91172F98D0D1F5A9856FE45F7","Support\DirectX\Dec2005_d3dx9_28_x64.cab",1357976,1357976,1355730,1
"D4BA7554117440E91172F98D0D1F5A9856FE45F7","Support\DirectX\Dec2005_d3dx9_28_x86.cab",1079456,1079456,1075370,1
"D4BA7554117440E91172F98D0D1F5A9856FE45F7","Support\DirectX\DEC2006_d3dx10_00_x64.cab",212807,212807,210873,1
"D4BA7554117440E91172F98D0D1F5A9856FE45F7","Support\DirectX\DEC2006_d3dx10_00_x86.cab",191720,191720,189701,1
"D4BA7554117440E91172F98D0D1F5A9856FE45F7","Support\DirectX\DEC2006_d3dx9_32_x64.cab",1571154,1571154,1568984,1
"D4BA7554117440E91172F98D0D1F5A9856FE45F7","Support\DirectX\DEC2006_d3dx9_32_x86.cab",1574376,1574376,1570351,1
"D4BA7554117440E91172F98D0D1F5A9856FE45F7","Support\DirectX\DEC2006_XACT_x64.cab",192475,192475,190524,1
"D4BA7554117440E91172F98D0D1F5A9856FE45F7","Support\DirectX\DEC2006_XACT_x86.cab",145599,145599,143624,1
"D4BA7554117440E91172F98D0D1F5A9856FE45F7","Support\DirectX\DSETUP.dll",95576,95576,51340,1
"D4BA7554117440E91172F98D0D1F5A9856FE45F7","Support\DirectX\dsetup32.dll",1566040,1566040,171492,1
"D4BA7554117440E91172F98D0D1F5A9856FE45F7","Support\DirectX\dxdllreg_x86.cab",44624,44624,42650,1
"D4BA7554117440E91172F98D0D1F5A9856FE45F7","Support\DirectX\DXSETUP.exe",517976,517976,126509,1
"D4BA7554117440E91172F98D0D1F5A9856FE45F7","Support\DirectX\dxupdate.cab",97152,97152,95042,1
"D4BA7554117440E91172F98D0D1F5A9856FE45F7","Support\DirectX\Feb2005_d3dx9_24_x64.cab",1247499,1247499,1245439,1
"D4BA7554117440E91172F98D0D1F5A9856FE45F7","Support\DirectX\Feb2005_d3dx9_24_x86.cab",1013225,1013225,1009098,1
"D4BA7554117440E91172F98D0D1F5A9856FE45F7","Support\DirectX\Feb2006_d3dx9_29_x64.cab",1362796,1362796,1360590,1
"D4BA7554117440E91172F98D0D1F5A9856FE45F7","Support\DirectX\Feb2006_d3dx9_29_x86.cab",1084720,1084720,1080407,1
"D4BA7554117440E91172F98D0D1F5A9856FE45F7","Support\DirectX\Feb2006_XACT_x64.cab",178359,178359,176369,1
"D4BA7554117440E91172F98D0D1F5A9856FE45F7","Support\DirectX\Feb2006_XACT_x86.cab",132409,132409,130387,1
"D4BA7554117440E91172F98D0D1F5A9856FE45F7","Support\DirectX\FEB2007_XACT_x64.cab",194675,194675,192727,1
"D4BA7554117440E91172F98D0D1F5A9856FE45F7","Support\DirectX\FEB2007_XACT_x86.cab",147983,147983,146013,1
"D4BA7554117440E91172F98D0D1F5A9856FE45F7","Support\DirectX\Feb2010_X3DAudio_x64.cab",54678,54678,52694,1
"D4BA7554117440E91172F98D0D1F5A9856FE45F7","Support\DirectX\Feb2010_X3DAudio_x86.cab",20713,20713,18663,1
"D4BA7554117440E91172F98D0D1F5A9856FE45F7","Support\DirectX\Feb2010_XACT_x64.cab",122446,122446,120439,1
"D4BA7554117440E91172F98D0D1F5A9856FE45F7","Support\DirectX\Feb2010_XACT_x86.cab",93180,93180,91190,1
"D4BA7554117440E91172F98D0D1F5A9856FE45F7","Support\DirectX\Feb2010_XAudio_x64.cab",276960,276960,275006,1
"D4BA7554117440E91172F98D0D1F5A9856FE45F7","Support\DirectX\Feb2010_XAudio_x86.cab",277191,277191,275075,1
"D4BA7554117440E91172F98D0D1F5A9856FE45F7","Support\DirectX\Jun2005_d3dx9_26_x64.cab",1336002,1336002,1333763,1
"D4BA7554117440E91172F98D0D1F5A9856FE45F7","Support\DirectX\Jun2005_d3dx9_26_x86.cab",1064925,1064925,1060486,1
"D4BA7554117440E91172F98D0D1F5A9856FE45F7","Support\DirectX\JUN2006_XACT_x64.cab",180785,180785,178811,1
"D4BA7554117440E91172F98D0D1F5A9856FE45F7","Support\DirectX\JUN2006_XACT_x86.cab",133671,133671,131657,1
"D4BA7554117440E91172F98D0D1F5A9856FE45F7","Support\DirectX\JUN2007_d3dx10_34_x64.cab",699044,699044,697106,1
"D4BA7554117440E91172F98D0D1F5A9856FE45F7","Support\DirectX\JUN2007_d3dx10_34_x86.cab",698472,698472,696434,1
"D4BA7554117440E91172F98D0D1F5A9856FE45F7","Support\DirectX\JUN2007_d3dx9_34_x64.cab",1607774,1607774,1605611,1
"D4BA7554117440E91172F98D0D1F5A9856FE45F7","Support\DirectX\JUN2007_d3dx9_34_x86.cab",1607286,1607286,1602848,1
"D4BA7554117440E91172F98D0D1F5A9856FE45F7","Support\DirectX\JUN2007_XACT_x64.cab",197122,197122,195163,1
"D4BA7554117440E91172F98D0D1F5A9856FE45F7","Support\DirectX\JUN2007_XACT_x86.cab",152909,152909,150967,1
"D4BA7554117440E91172F98D0D1F5A9856FE45F7","Support\DirectX\JUN2008_d3dx10_38_x64.cab",867828,867828,865314,1
"D4BA7554117440E91172F98D0D1F5A9856FE45F7","Support\DirectX\JUN2008_d3dx10_38_x86.cab",849919,849919,847353,1
"D4BA7554117440E91172F98D0D1F5A9856FE45F7","Support\DirectX\JUN2008_d3dx9_38_x64.cab",1792608,1792608,1789756,1
"D4BA7554117440E91172F98D0D1F5A9856FE45F7","Support\DirectX\JUN2008_d3dx9_38_x86.cab",1463878,1463878,1460957,1
"D4BA7554117440E91172F98D0D1F5A9856FE45F7","Support\DirectX\JUN2008_X3DAudio_x64.cab",55154,55154,53148,1
"D4BA7554117440E91172F98D0D1F5A9856FE45F7","Support\DirectX\JUN2008_X3DAudio_x86.cab",21905,21905,19849,1
"D4BA7554117440E91172F98D0D1F5A9856FE45F7","Support\DirectX\JUN2008_XACT_x64.cab",121054,121054,119051,1
"D4BA7554117440E91172F98D0D1F5A9856FE45F7","Support\DirectX\JUN2008_XACT_x86.cab",93128,93128,91135,1
"D4BA7554117440E91172F98D0D1F5A9856FE45F7","Support\DirectX\JUN2008_XAudio_x64.cab",269628,269628,267631,1
"D4BA7554117440E91172F98D0D1F5A9856FE45F7","Support\DirectX\JUN2008_XAudio_x86.cab",269024,269024,266977,1
"D4BA7554117440E91172F98D0D1F5A9856FE45F7","Support\DirectX\Jun2010_D3DCompiler_43_x64.cab",944460,944460,942421,1
"D4BA7554117440E91172F98D0D1F5A9856FE45F7","Support\DirectX\Jun2010_D3DCompiler_43_x86.cab",931471,931471,928629,1
"D4BA7554117440E91172F98D0D1F5A9856FE45F7","Support\DirectX\Jun2010_d3dcsx_43_x64.cab",752783,752783,748557,1
"D4BA7554117440E91172F98D0D1F5A9856FE45F7","Support\DirectX\Jun2010_d3dcsx_43_x86.cab",762188,762188,753326,1
"D4BA7554117440E91172F98D0D1F5A9856FE45F7","Support\DirectX\Jun2010_d3dx10_43_x64.cab",235955,235955,233988,1
"D4BA7554117440E91172F98D0D1F5A9856FE45F7","Support\DirectX\Jun2010_d3dx10_43_x86.cab",197283,197283,195223,1
"D4BA7554117440E91172F98D0D1F5A9856FE45F7","Support\DirectX\Jun2010_d3dx11_43_x64.cab",138205,138205,136164,1
"D4BA7554117440E91172F98D0D1F5A9856FE45F7","Support\DirectX\Jun2010_d3dx11_43_x86.cab",109445,109445,107374,1
"D4BA7554117440E91172F98D0D1F5A9856FE45F7","Support\DirectX\Jun2010_d3dx9_43_x64.cab",937246,937246,934846,1
"D4BA7554117440E91172F98D0D1F5A9856FE45F7","Support\DirectX\Jun2010_d3dx9_43_x86.cab",768036,768036,765385,1
"D4BA7554117440E91172F98D0D1F5A9856FE45F7","Support\DirectX\Jun2010_XACT_x64.cab",124596,124596,122598,1
"D4BA7554117440E91172F98D0D1F5A9856FE45F7","Support\DirectX\Jun2010_XACT_x86.cab",93686,93686,91695,1
"D4BA7554117440E91172F98D0D1F5A9856FE45F7","Support\DirectX\Jun2010_XAudio_x64.cab",277338,277338,275390,1
"D4BA7554117440E91172F98D0D1F5A9856FE45F7","Support\DirectX\Jun2010_XAudio_x86.cab",278060,278060,275938,1
"D4BA7554117440E91172F98D0D1F5A9856FE45F7","Support\DirectX\Mar2008_d3dx10_37_x64.cab",844884,844884,842505,1
"D4BA7554117440E91172F98D0D1F5A9856FE45F7","Support\DirectX\Mar2008_d3dx10_37_x86.cab",818260,818260,815305,1
"D4BA7554117440E91172F98D0D1F5A9856FE45F7","Support\DirectX\Mar2008_d3dx9_37_x64.cab",1769862,1769862,1766785,1
"D4BA7554117440E91172F98D0D1F5A9856FE45F7","Support\DirectX\Mar2008_d3dx9_37_x86.cab",1443282,1443282,1440276,1
"D4BA7554117440E91172F98D0D1F5A9856FE45F7","Support\DirectX\Mar2008_X3DAudio_x64.cab",55058,55058,53074,1
"D4BA7554117440E91172F98D0D1F5A9856FE45F7","Support\DirectX\Mar2008_X3DAudio_x86.cab",21867,21867,19790,1
"D4BA7554117440E91172F98D0D1F5A9856FE45F7","Support\DirectX\Mar2008_XACT_x64.cab",122336,122336,120321,1
"D4BA7554117440E91172F98D0D1F5A9856FE45F7","Support\DirectX\Mar2008_XACT_x86.cab",93734,93734,91749,1
"D4BA7554117440E91172F98D0D1F5A9856FE45F7","Support\DirectX\Mar2008_XAudio_x64.cab",251194,251194,249312,1
"D4BA7554117440E91172F98D0D1F5A9856FE45F7","Support\DirectX\Mar2008_XAudio_x86.cab",226250,226250,224161,1
"D4BA7554117440E91172F98D0D1F5A9856FE45F7","Support\DirectX\Mar2009_d3dx10_41_x64.cab",1067160,1067160,1061125,1
"D4BA7554117440E91172F98D0D1F5A9856FE45F7","Support\DirectX\Mar2009_d3dx10_41_x86.cab",1040745,1040745,1035640,1
"D4BA7554117440E91172F98D0D1F5A9856FE45F7","Support\DirectX\Mar2009_d3dx9_41_x64.cab",1973702,1973702,1966430,1
"D4BA7554117440E91172F98D0D1F5A9856FE45F7","Support\DirectX\Mar2009_d3dx9_41_x86.cab",1612446,1612446,1608174,1
"D4BA7554117440E91172F98D0D1F5A9856FE45F7","Support\DirectX\Mar2009_X3DAudio_x64.cab",54600,54600,52614,1
"D4BA7554117440E91172F98D0D1F5A9856FE45F7","Support\DirectX\Mar2009_X3DAudio_x86.cab",21298,21298,19269,1
"D4BA7554117440E91172F98D0D1F5A9856FE45F7","Support\DirectX\Mar2009_XACT_x64.cab",121506,121506,119491,1
"D4BA7554117440E91172F98D0D1F5A9856FE45F7","Support\DirectX\Mar2009_XACT_x86.cab",92740,92740,90739,1
"D4BA7554117440E91172F98D0D1F5A9856FE45F7","Support\DirectX\Mar2009_XAudio_x64.cab",275044,275044,273089,1
"D4BA7554117440E91172F98D0D1F5A9856FE45F7","Support\DirectX\Mar2009_XAudio_x86.cab",273018,273018,270879,1
"D4BA7554117440E91172F98D0D1F5A9856FE45F7","Support\DirectX\Nov2007_d3dx10_36_x64.cab",864600,864600,862601,1
"D4BA7554117440E91172F98D0D1F5A9856FE45F7","Support\DirectX\Nov2007_d3dx10_36_x86.cab",803884,803884,801547,1
"D4BA7554117440E91172F98D0D1F5A9856FE45F7","Support\DirectX\Nov2007_d3dx9_36_x64.cab",1802058,1802058,1800017,1
"D4BA7554117440E91172F98D0D1F5A9856FE45F7","Support\DirectX\Nov2007_d3dx9_36_x86.cab",1709360,1709360,1704608,1
"D4BA7554117440E91172F98D0D1F5A9856FE45F7","Support\DirectX\NOV2007_X3DAudio_x64.cab",46144,46144,44123,1
"D4BA7554117440E91172F98D0D1F5A9856FE45F7","Support\DirectX\NOV2007_X3DAudio_x86.cab",18496,18496,16415,1
"D4BA7554117440E91172F98D0D1F5A9856FE45F7","Support\DirectX\NOV2007_XACT_x64.cab",196762,196762,194798,1
"D4BA7554117440E91172F98D0D1F5A9856FE45F7","Support\DirectX\NOV2007_XACT_x86.cab",148264,148264,146252,1
"D4BA7554117440E91172F98D0D1F5A9856FE45F7","Support\DirectX\Nov2008_d3dx10_40_x64.cab",994154,994154,989181,1
"D4BA7554117440E91172F98D0D1F5A9856FE45F7","Support\DirectX\Nov2008_d3dx10_40_x86.cab",965421,965421,961365,1
"D4BA7554117440E91172F98D0D1F5A9856FE45F7","Support\DirectX\Nov2008_d3dx9_40_x64.cab",1906878,1906878,1901315,1
"D4BA7554117440E91172F98D0D1F5A9856FE45F7","Support\DirectX\Nov2008_d3dx9_40_x86.cab",1550796,1550796,1547372,1
"D4BA7554117440E91172F98D0D1F5A9856FE45F7","Support\DirectX\Nov2008_X3DAudio_x64.cab",54522,54522,52532,1
"D4BA7554117440E91172F98D0D1F5A9856FE45F7","Support\DirectX\Nov2008_X3DAudio_x86.cab",21851,21851,19772,1
"D4BA7554117440E91172F98D0D1F5A9856FE45F7","Support\DirectX\Nov2008_XACT_x64.cab",121794,121794,119775,1
"D4BA7554117440E91172F98D0D1F5A9856FE45F7","Support\DirectX\Nov2008_XACT_x86.cab",92684,92684,90691,1
"D4BA7554117440E91172F98D0D1F5A9856FE45F7","Support\DirectX\Nov2008_XAudio_x64.cab",273960,273960,271996,1
"D4BA7554117440E91172F98D0D1F5A9856FE45F7","Support\DirectX\Nov2008_XAudio_x86.cab",272611,272611,270520,1
"D4BA7554117440E91172F98D0D1F5A9856FE45F7","Support\DirectX\Oct2005_xinput_x64.cab",86037,86037,84080,1
"D4BA7554117440E91172F98D0D1F5A9856FE45F7","Support\DirectX\Oct2005_xinput_x86.cab",45359,45359,43373,1
"D4BA7554117440E91172F98D0D1F5A9856FE45F7","Support\DirectX\OCT2006_d3dx9_31_x64.cab",1412902,1412902,1410677,1
"D4BA7554117440E91172F98D0D1F5A9856FE45F7","Support\DirectX\OCT2006_d3dx9_31_x86.cab",1127217,1127217,1122872,1
"D4BA7554117440E91172F98D0D1F5A9856FE45F7","Support\DirectX\OCT2006_XACT_x64.cab",182361,182361,180374,1
"D4BA7554117440E91172F98D0D1F5A9856FE45F7","Support\DirectX\OCT2006_XACT_x86.cab",138017,138017,135985,1
"D4BA7554117440E91172F98D0D1F5A9856FE45F7","Support\MD5\md5.xml",69967,69967,16640,1
"D4BA7554117440E91172F98D0D1F5A9856FE45F7","Videos\attractmode.bik",106791256,106791256,104788019,1
"D4BA7554117440E91172F98D0D1F5A9856FE45F7","Videos\blackscreen_60s.bik",512496,512496,10850,1
"D4BA7554117440E91172F98D0D1F5A9856FE45F7","Videos\faction_war_video_1080.bik",205351100,205351100,202562174,1
"D4BA7554117440E91172F98D0D1F5A9856FE45F7","Videos\faction_war_video_854x480.bik",30134072,30134072,29697994,1
"D4BA7554117440E91172F98D0D1F5A9856FE45F7","Videos\loading.bik",6149256,6149256,5935270,1
"D4BA7554117440E91172F98D0D1F5A9856FE45F7","Videos\nvidia.bik",14302660,14302660,14195070,1
"D4BA7554117440E91172F98D0D1F5A9856FE45F7","Videos\ubisoft.bik",6903620,6903620,6860880,1
"D4BA7554117440E91172F98D0D1F5A9856FE45F7","Support\Readme\Readme_en-US.txt",15535,15535,5607,2
"D4BA7554117440E91172F98D0D1F5A9856FE45F7","Support\Readme\Readme_fr-FR.txt",17350,17350,6102,3
"D4BA7554117440E91172F98D0D1F5A9856FE45F7","SoundPackages\soundpc_00_vo_fr.pck",9730814,9730814,8413513,3
"D4BA7554117440E91172F98D0D1F5A9856FE45F7","SoundPackages\soundpc_01_vo_fr.pck",13866689,13866689,11803884,3
"D4BA7554117440E91172F98D0D1F5A9856FE45F7","gameassetpc_00_aa_sound_fr.forge",277816308,277816308,271073641,3
"D4BA7554117440E91172F98D0D1F5A9856FE45F7","gameassetpc_00_ab_sound_fr.forge",34704728,34704728,32903767,3
"D4BA7554117440E91172F98D0D1F5A9856FE45F7","gameassetpc_00_ac_sound_fr.forge",1686277,1686277,1110181,3
"D4BA7554117440E91172F98D0D1F5A9856FE45F7","gameassetpc_00_ad_sound_fr.forge",7721004,7721004,7052426,3
"D4BA7554117440E91172F98D0D1F5A9856FE45F7","gameassetpc_00_ae_sound_fr.forge",2549246,2549246,1166562,3
"D4BA7554117440E91172F98D0D1F5A9856FE45F7","gameassetpc_00_af_sound_fr.forge",344187,344187,145052,3
"D4BA7554117440E91172F98D0D1F5A9856FE45F7","gameassetpc_00_ag_sound_fr.forge",1021166,1021166,465825,3
"D4BA7554117440E91172F98D0D1F5A9856FE45F7","gameassetpc_00_ah_sound_fr.forge",1859272,1859272,1246917,3
"D4BA7554117440E91172F98D0D1F5A9856FE45F7","gameassetpc_00_ai_sound_fr.forge",3464149,3464149,1643185,3
"D4BA7554117440E91172F98D0D1F5A9856FE45F7","gameassetpc_00_aj_sound_fr.forge",2107231,2107231,1058490,3
"D4BA7554117440E91172F98D0D1F5A9856FE45F7","gameassetpc_00_ak_sound_fr.forge",3026259,3026259,1346635,3
"D4BA7554117440E91172F98D0D1F5A9856FE45F7","gameassetpc_00_al_sound_fr.forge",867750,867750,368996,3
"D4BA7554117440E91172F98D0D1F5A9856FE45F7","gameassetpc_00_am_sound_fr.forge",3079252,3079252,1589305,3
"D4BA7554117440E91172F98D0D1F5A9856FE45F7","gameassetpc_00_an_sound_fr.forge",1113247,1113247,762105,3
"D4BA7554117440E91172F98D0D1F5A9856FE45F7","gameassetpc_00_ao_sound_fr.forge",3447007,3447007,1830607,3
"D4BA7554117440E91172F98D0D1F5A9856FE45F7","gameassetpc_00_ap_sound_fr.forge",3004252,3004252,1417904,3
"D4BA7554117440E91172F98D0D1F5A9856FE45F7","gameassetpc_00_aq_sound_fr.forge",176659,176659,75948,3
"D4BA7554117440E91172F98D0D1F5A9856FE45F7","gameassetpc_00_ar_sound_fr.forge",1557310,1557310,902618,3
"D4BA7554117440E91172F98D0D1F5A9856FE45F7","gameassetpc_00_as_sound_fr.forge",1662319,1662319,746307,3
"D4BA7554117440E91172F98D0D1F5A9856FE45F7","gameassetpc_00_at_sound_fr.forge",43592,43592,17346,3
"D4BA7554117440E91172F98D0D1F5A9856FE45F7","gameassetpc_00_au_sound_fr.forge",1407304,1407304,604338,3
"D4BA7554117440E91172F98D0D1F5A9856FE45F7","gameassetpc_00_av_sound_fr.forge",48533,48533,19127,3
"D4BA7554117440E91172F98D0D1F5A9856FE45F7","gameassetpc_00_aw_sound_fr.forge",51722,51722,20341,3
"D4BA7554117440E91172F98D0D1F5A9856FE45F7","gameassetpc_00_ax_sound_fr.forge",54280,54280,21237,3
"D4BA7554117440E91172F98D0D1F5A9856FE45F7","gameassetpc_00_ay_sound_fr.forge",55327,55327,21641,3
"D4BA7554117440E91172F98D0D1F5A9856FE45F7","gameassetpc_00_az_sound_fr.forge",75754,75754,30045,3
"D4BA7554117440E91172F98D0D1F5A9856FE45F7","gameassetpc_00_ba_sound_fr.forge",59136,59136,23174,3
"D4BA7554117440E91172F98D0D1F5A9856FE45F7","gameassetpc_01_aa_sound_fr.forge",130895226,130895226,128261101,3
"D4BA7554117440E91172F98D0D1F5A9856FE45F7","gameassetpc_01_ab_sound_fr.forge",69912036,69912036,66547267,3
"D4BA7554117440E91172F98D0D1F5A9856FE45F7","gameassetpc_01_ac_sound_fr.forge",907990,907990,378538,3
"D4BA7554117440E91172F98D0D1F5A9856FE45F7","gameassetpc_01_ad_sound_fr.forge",1257303,1257303,629248,3
"D4BA7554117440E91172F98D0D1F5A9856FE45F7","gameassetpc_01_ae_sound_fr.forge",1961754,1961754,861236,3
"D4BA7554117440E91172F98D0D1F5A9856FE45F7","gameassetpc_01_af_sound_fr.forge",74485,74485,25636,3
"D4BA7554117440E91172F98D0D1F5A9856FE45F7","gameassetpc_01_ag_sound_fr.forge",839982,839982,323371,3
"D4BA7554117440E91172F98D0D1F5A9856FE45F7","gameassetpc_01_ah_sound_fr.forge",892785,892785,340643,3
"D4BA7554117440E91172F98D0D1F5A9856FE45F7","gameassetpc_01_ai_sound_fr.forge",5890374,5890374,3539047,3
"D4BA7554117440E91172F98D0D1F5A9856FE45F7","gameassetpc_01_aj_sound_fr.forge",3030806,3030806,1274501,3
"D4BA7554117440E91172F98D0D1F5A9856FE45F7","gameassetpc_01_ak_sound_fr.forge",3924775,3924775,2376003,3
"D4BA7554117440E91172F98D0D1F5A9856FE45F7","gameassetpc_01_al_sound_fr.forge",1652883,1652883,770777,3
"D4BA7554117440E91172F98D0D1F5A9856FE45F7","gameassetpc_01_am_sound_fr.forge",1823293,1823293,839347,3
"D4BA7554117440E91172F98D0D1F5A9856FE45F7","gameassetpc_01_an_sound_fr.forge",2235059,2235059,1001490,3
"D4BA7554117440E91172F98D0D1F5A9856FE45F7","gameassetpc_01_ao_sound_fr.forge",2858456,2858456,1183805,3
"D4BA7554117440E91172F98D0D1F5A9856FE45F7","gameassetpc_01_ap_sound_fr.forge",2094795,2094795,774766,3
"D4BA7554117440E91172F98D0D1F5A9856FE45F7","gameassetpc_01_aq_sound_fr.forge",78302,78302,27044,3
"D4BA7554117440E91172F98D0D1F5A9856FE45F7","gameassetpc_01_ar_sound_fr.forge",2417586,2417586,1946825,3
"D4BA7554117440E91172F98D0D1F5A9856FE45F7","gameassetpc_01_as_sound_fr.forge",1215697,1215697,473297,3
"D4BA7554117440E91172F98D0D1F5A9856FE45F7","gameassetpc_01_at_sound_fr.forge",437108,437108,172498,3
"D4BA7554117440E91172F98D0D1F5A9856FE45F7","gameassetpc_01_au_sound_fr.forge",1289879,1289879,472488,3
"D4BA7554117440E91172F98D0D1F5A9856FE45F7","gameassetpc_01_av_sound_fr.forge",90199,90199,34955,3
"D4BA7554117440E91172F98D0D1F5A9856FE45F7","gameassetpc_01_aw_sound_fr.forge",571164,571164,193619,3
"D4BA7554117440E91172F98D0D1F5A9856FE45F7","Support\Readme\Readme_es-ES.txt",17666,17666,6014,4
"D4BA7554117440E91172F98D0D1F5A9856FE45F7","SoundPackages\soundpc_00_vo_es.pck",10030479,10030479,8687280,4
"D4BA7554117440E91172F98D0D1F5A9856FE45F7","SoundPackages\soundpc_01_vo_es.pck",14246624,14246624,12126757,4
"D4BA7554117440E91172F98D0D1F5A9856FE45F7","gameassetpc_00_aa_sound_es.forge",309737821,309737821,302873480,4
"D4BA7554117440E91172F98D0D1F5A9856FE45F7","gameassetpc_00_ab_sound_es.forge",37195722,37195722,35388499,4
"D4BA7554117440E91172F98D0D1F5A9856FE45F7","gameassetpc_00_ac_sound_es.forge",1626405,1626405,1047011,4
"D4BA7554117440E91172F98D0D1F5A9856FE45F7","gameassetpc_00_ad_sound_es.forge",7421176,7421176,6760156,4
"D4BA7554117440E91172F98D0D1F5A9856FE45F7","gameassetpc_00_ae_sound_es.forge",2549000,2549000,1165498,4
"D4BA7554117440E91172F98D0D1F5A9856FE45F7","gameassetpc_00_af_sound_es.forge",344187,344187,144654,4
"D4BA7554117440E91172F98D0D1F5A9856FE45F7","gameassetpc_00_ag_sound_es.forge",1021166,1021166,465310,4
"D4BA7554117440E91172F98D0D1F5A9856FE45F7","gameassetpc_00_ah_sound_es.forge",1939982,1939982,1326451,4
"D4BA7554117440E91172F98D0D1F5A9856FE45F7","gameassetpc_00_ai_sound_es.forge",3459396,3459396,1637940,4
"D4BA7554117440E91172F98D0D1F5A9856FE45F7","gameassetpc_00_aj_sound_es.forge",2121377,2121377,1072997,4
"D4BA7554117440E91172F98D0D1F5A9856FE45F7","gameassetpc_00_ak_sound_es.forge",3026703,3026703,1346741,4
"D4BA7554117440E91172F98D0D1F5A9856FE45F7","gameassetpc_00_al_sound_es.forge",868484,868484,369326,4
"D4BA7554117440E91172F98D0D1F5A9856FE45F7","gameassetpc_00_am_sound_es.forge",3146873,3146873,1655612,4
"D4BA7554117440E91172F98D0D1F5A9856FE45F7","gameassetpc_00_an_sound_es.forge",1119701,1119701,768974,4
"D4BA7554117440E91172F98D0D1F5A9856FE45F7","gameassetpc_00_ao_sound_es.forge",3548656,3548656,1930993,4
"D4BA7554117440E91172F98D0D1F5A9856FE45F7","gameassetpc_00_ap_sound_es.forge",3000456,3000456,1413495,4
"D4BA7554117440E91172F98D0D1F5A9856FE45F7","gameassetpc_00_aq_sound_es.forge",176659,176659,75903,4
"D4BA7554117440E91172F98D0D1F5A9856FE45F7","gameassetpc_00_ar_sound_es.forge",1544903,1544903,889770,4
"D4BA7554117440E91172F98D0D1F5A9856FE45F7","gameassetpc_00_as_sound_es.forge",1663053,1663053,746520,4
"D4BA7554117440E91172F98D0D1F5A9856FE45F7","gameassetpc_00_at_sound_es.forge",43592,43592,17348,4
"D4BA7554117440E91172F98D0D1F5A9856FE45F7","gameassetpc_00_au_sound_es.forge",1408038,1408038,604616,4
"D4BA7554117440E91172F98D0D1F5A9856FE45F7","gameassetpc_00_av_sound_es.forge",48533,48533,19133,4
"D4BA7554117440E91172F98D0D1F5A9856FE45F7","gameassetpc_00_aw_sound_es.forge",51722,51722,20342,4
"D4BA7554117440E91172F98D0D1F5A9856FE45F7","gameassetpc_00_ax_sound_es.forge",54280,54280,21242,4
"D4BA7554117440E91172F98D0D1F5A9856FE45F7","gameassetpc_00_ay_sound_es.forge",55327,55327,21652,4
"D4BA7554117440E91172F98D0D1F5A9856FE45F7","gameassetpc_00_az_sound_es.forge",75754,75754,30046,4
"D4BA7554117440E91172F98D0D1F5A9856FE45F7","gameassetpc_00_ba_sound_es.forge",59136,59136,23172,4
"D4BA7554117440E91172F98D0D1F5A9856FE45F7","gameassetpc_01_aa_sound_es.forge",136005066,136005066,133261563,4
"D4BA7554117440E91172F98D0D1F5A9856FE45F7","gameassetpc_01_ab_sound_es.forge",73350969,73350969,69958482,4
"D4BA7554117440E91172F98D0D1F5A9856FE45F7","gameassetpc_01_ac_sound_es.forge",907990,907990,378569,4
"D4BA7554117440E91172F98D0D1F5A9856FE45F7","gameassetpc_01_ad_sound_es.forge",1248348,1248348,620512,4
"D4BA7554117440E91172F98D0D1F5A9856FE45F7","gameassetpc_01_ae_sound_es.forge",2179037,2179037,1076810,4
"D4BA7554117440E91172F98D0D1F5A9856FE45F7","gameassetpc_01_af_sound_es.forge",74485,74485,25636,4
"D4BA7554117440E91172F98D0D1F5A9856FE45F7","gameassetpc_01_ag_sound_es.forge",839982,839982,323402,4
"D4BA7554117440E91172F98D0D1F5A9856FE45F7","gameassetpc_01_ah_sound_es.forge",892785,892785,340702,4
"D4BA7554117440E91172F98D0D1F5A9856FE45F7","gameassetpc_01_ai_sound_es.forge",5957485,5957485,3605062,4
"D4BA7554117440E91172F98D0D1F5A9856FE45F7","gameassetpc_01_aj_sound_es.forge",3029009,3029009,1273378,4
"D4BA7554117440E91172F98D0D1F5A9856FE45F7","gameassetpc_01_ak_sound_es.forge",3902561,3902561,2352918,4
"D4BA7554117440E91172F98D0D1F5A9856FE45F7","gameassetpc_01_al_sound_es.forge",1656094,1656094,773291,4
"D4BA7554117440E91172F98D0D1F5A9856FE45F7","gameassetpc_01_am_sound_es.forge",1834775,1834775,850897,4
"D4BA7554117440E91172F98D0D1F5A9856FE45F7","gameassetpc_01_an_sound_es.forge",2235059,2235059,1002451,4
"D4BA7554117440E91172F98D0D1F5A9856FE45F7","gameassetpc_01_ao_sound_es.forge",2750456,2750456,1075030,4
"D4BA7554117440E91172F98D0D1F5A9856FE45F7","gameassetpc_01_ap_sound_es.forge",2092998,2092998,772679,4
"D4BA7554117440E91172F98D0D1F5A9856FE45F7","gameassetpc_01_aq_sound_es.forge",78302,78302,27037,4
"D4BA7554117440E91172F98D0D1F5A9856FE45F7","gameassetpc_01_ar_sound_es.forge",2403767,2403767,1933197,4
"D4BA7554117440E91172F98D0D1F5A9856FE45F7","gameassetpc_01_as_sound_es.forge",1213900,1213900,471573,4
"D4BA7554117440E91172F98D0D1F5A9856FE45F7","gameassetpc_01_at_sound_es.forge",439156,439156,174487,4
"D4BA7554117440E91172F98D0D1F5A9856FE45F7","gameassetpc_01_au_sound_es.forge",1288082,1288082,470584,4
"D4BA7554117440E91172F98D0D1F5A9856FE45F7","gameassetpc_01_av_sound_es.forge",90199,90199,34924,4
"D4BA7554117440E91172F98D0D1F5A9856FE45F7","gameassetpc_01_aw_sound_es.forge",571164,571164,193611,4
"D4BA7554117440E91172F98D0D1F5A9856FE45F7","Support\Readme\Readme_pl-PL.txt",17268,17268,6202,5
"D4BA7554117440E91172F98D0D1F5A9856FE45F7","Support\Readme\Readme_de-DE.txt",17781,17781,6499,6
"D4BA7554117440E91172F98D0D1F5A9856FE45F7","SoundPackages\soundpc_00_vo_de.pck",9918518,9918518,8549668,6
"D4BA7554117440E91172F98D0D1F5A9856FE45F7","SoundPackages\soundpc_01_vo_de.pck",13897013,13897013,11754354,6
"D4BA7554117440E91172F98D0D1F5A9856FE45F7","gameassetpc_00_aa_sound_de.forge",310084671,310084671,303222705,6
"D4BA7554117440E91172F98D0D1F5A9856FE45F7","gameassetpc_00_ab_sound_de.forge",36955157,36955157,35137342,6
"D4BA7554117440E91172F98D0D1F5A9856FE45F7","gameassetpc_00_ac_sound_de.forge",1603707,1603707,1025941,6
"D4BA7554117440E91172F98D0D1F5A9856FE45F7","gameassetpc_00_ad_sound_de.forge",7313831,7313831,6648127,6
"D4BA7554117440E91172F98D0D1F5A9856FE45F7","gameassetpc_00_ae_sound_de.forge",2548488,2548488,1165833,6
"D4BA7554117440E91172F98D0D1F5A9856FE45F7","gameassetpc_00_af_sound_de.forge",344187,344187,145029,6
"D4BA7554117440E91172F98D0D1F5A9856FE45F7","gameassetpc_00_ag_sound_de.forge",1021166,1021166,466052,6
"D4BA7554117440E91172F98D0D1F5A9856FE45F7","gameassetpc_00_ah_sound_de.forge",1874220,1874220,1262536,6
"D4BA7554117440E91172F98D0D1F5A9856FE45F7","gameassetpc_00_ai_sound_de.forge",3428168,3428168,1609469,6
"D4BA7554117440E91172F98D0D1F5A9856FE45F7","gameassetpc_00_aj_sound_de.forge",2113477,2113477,1066980,6
"D4BA7554117440E91172F98D0D1F5A9856FE45F7","gameassetpc_00_ak_sound_de.forge",3027511,3027511,1348620,6
"D4BA7554117440E91172F98D0D1F5A9856FE45F7","gameassetpc_00_al_sound_de.forge",869118,869118,370397,6
"D4BA7554117440E91172F98D0D1F5A9856FE45F7","gameassetpc_00_am_sound_de.forge",3120562,3120562,1630824,6
"D4BA7554117440E91172F98D0D1F5A9856FE45F7","gameassetpc_00_an_sound_de.forge",1081236,1081236,731747,6
"D4BA7554117440E91172F98D0D1F5A9856FE45F7","gameassetpc_00_ao_sound_de.forge",3662534,3662534,2042853,6
"D4BA7554117440E91172F98D0D1F5A9856FE45F7","gameassetpc_00_ap_sound_de.forge",2999341,2999341,1412951,6
"D4BA7554117440E91172F98D0D1F5A9856FE45F7","gameassetpc_00_aq_sound_de.forge",176659,176659,75979,6
"D4BA7554117440E91172F98D0D1F5A9856FE45F7","gameassetpc_00_ar_sound_de.forge",1536725,1536725,881795,6
"D4BA7554117440E91172F98D0D1F5A9856FE45F7","gameassetpc_00_as_sound_de.forge",1663687,1663687,747286,6
"D4BA7554117440E91172F98D0D1F5A9856FE45F7","gameassetpc_00_at_sound_de.forge",43592,43592,17353,6
"D4BA7554117440E91172F98D0D1F5A9856FE45F7","gameassetpc_00_au_sound_de.forge",1408672,1408672,605787,6
"D4BA7554117440E91172F98D0D1F5A9856FE45F7","gameassetpc_00_av_sound_de.forge",48533,48533,19137,6
"D4BA7554117440E91172F98D0D1F5A9856FE45F7","gameassetpc_00_aw_sound_de.forge",51722,51722,20342,6
"D4BA7554117440E91172F98D0D1F5A9856FE45F7","gameassetpc_00_ax_sound_de.forge",54280,54280,21240,6
"D4BA7554117440E91172F98D0D1F5A9856FE45F7","gameassetpc_00_ay_sound_de.forge",55327,55327,21645,6
"D4BA7554117440E91172F98D0D1F5A9856FE45F7","gameassetpc_00_az_sound_de.forge",75754,75754,30044,6
"D4BA7554117440E91172F98D0D1F5A9856FE45F7","gameassetpc_00_ba_sound_de.forge",59136,59136,23173,6
"D4BA7554117440E91172F98D0D1F5A9856FE45F7","gameassetpc_01_aa_sound_de.forge",133140432,133140432,130421125,6
"D4BA7554117440E91172F98D0D1F5A9856FE45F7","gameassetpc_01_ab_sound_de.forge",72116026,72116026,68692699,6
"D4BA7554117440E91172F98D0D1F5A9856FE45F7","gameassetpc_01_ac_sound_de.forge",907990,907990,378499,6
"D4BA7554117440E91172F98D0D1F5A9856FE45F7","gameassetpc_01_ad_sound_de.forge",1260067,1260067,631637,6
"D4BA7554117440E91172F98D0D1F5A9856FE45F7","gameassetpc_01_ae_sound_de.forge",2208862,2208862,1106922,6
"D4BA7554117440E91172F98D0D1F5A9856FE45F7","gameassetpc_01_af_sound_de.forge",74485,74485,25623,6
"D4BA7554117440E91172F98D0D1F5A9856FE45F7","gameassetpc_01_ag_sound_de.forge",839982,839982,323354,6
"D4BA7554117440E91172F98D0D1F5A9856FE45F7","gameassetpc_01_ah_sound_de.forge",892785,892785,340637,6
"D4BA7554117440E91172F98D0D1F5A9856FE45F7","gameassetpc_01_ai_sound_de.forge",5825345,5825345,3476411,6
"D4BA7554117440E91172F98D0D1F5A9856FE45F7","gameassetpc_01_aj_sound_de.forge",3030339,3030339,1276996,6
"D4BA7554117440E91172F98D0D1F5A9856FE45F7","gameassetpc_01_ak_sound_de.forge",3913863,3913863,2364691,6
"D4BA7554117440E91172F98D0D1F5A9856FE45F7","gameassetpc_01_al_sound_de.forge",1658181,1658181,775938,6
"D4BA7554117440E91172F98D0D1F5A9856FE45F7","gameassetpc_01_am_sound_de.forge",1836197,1836197,852066,6
"D4BA7554117440E91172F98D0D1F5A9856FE45F7","gameassetpc_01_an_sound_de.forge",2235059,2235059,1004469,6
"D4BA7554117440E91172F98D0D1F5A9856FE45F7","gameassetpc_01_ao_sound_de.forge",2760515,2760515,1084492,6
"D4BA7554117440E91172F98D0D1F5A9856FE45F7","gameassetpc_01_ap_sound_de.forge",2094328,2094328,774123,6
"D4BA7554117440E91172F98D0D1F5A9856FE45F7","gameassetpc_01_aq_sound_de.forge",78302,78302,27023,6
"D4BA7554117440E91172F98D0D1F5A9856FE45F7","gameassetpc_01_ar_sound_de.forge",2344654,2344654,1873468,6
"D4BA7554117440E91172F98D0D1F5A9856FE45F7","gameassetpc_01_as_sound_de.forge",1215230,1215230,472883,6
"D4BA7554117440E91172F98D0D1F5A9856FE45F7","gameassetpc_01_at_sound_de.forge",441784,441784,177045,6
"D4BA7554117440E91172F98D0D1F5A9856FE45F7","gameassetpc_01_au_sound_de.forge",1289412,1289412,472026,6
"D4BA7554117440E91172F98D0D1F5A9856FE45F7","gameassetpc_01_av_sound_de.forge",90199,90199,34908,6
"D4BA7554117440E91172F98D0D1F5A9856FE45F7","gameassetpc_01_aw_sound_de.forge",571164,571164,193602,6
"D4BA7554117440E91172F98D0D1F5A9856FE45F7","Support\Readme\Readme_zh-TW.txt",14303,14303,5464,7
"D4BA7554117440E91172F98D0D1F5A9856FE45F7","Support\Readme\Readme_zh-CN.txt",17474,17474,5408,8
"D4BA7554117440E91172F98D0D1F5A9856FE45F7","Support\Readme\Readme_it-IT.txt",16630,16630,5878,9
"D4BA7554117440E91172F98D0D1F5A9856FE45F7","SoundPackages\soundpc_00_vo_it.pck",9840579,9840579,8463825,9
"D4BA7554117440E91172F98D0D1F5A9856FE45F7","SoundPackages\soundpc_01_vo_it.pck",13980333,13980333,11848914,9
"D4BA7554117440E91172F98D0D1F5A9856FE45F7","gameassetpc_00_aa_sound_it.forge",319117886,319117886,312284790,9
"D4BA7554117440E91172F98D0D1F5A9856FE45F7","gameassetpc_00_ab_sound_it.forge",46937365,46937365,45066933,9
"D4BA7554117440E91172F98D0D1F5A9856FE45F7","gameassetpc_00_ac_sound_it.forge",1757268,1757268,1180716,9
"D4BA7554117440E91172F98D0D1F5A9856FE45F7","gameassetpc_00_ad_sound_it.forge",7658658,7658658,6996762,9
"D4BA7554117440E91172F98D0D1F5A9856FE45F7","gameassetpc_00_ae_sound_it.forge",2548495,2548495,1165908,9
"D4BA7554117440E91172F98D0D1F5A9856FE45F7","gameassetpc_00_af_sound_it.forge",344187,344187,145085,9
"D4BA7554117440E91172F98D0D1F5A9856FE45F7","gameassetpc_00_ag_sound_it.forge",1021166,1021166,466232,9
"D4BA7554117440E91172F98D0D1F5A9856FE45F7","gameassetpc_00_ah_sound_it.forge",1864676,1864676,1252951,9
"D4BA7554117440E91172F98D0D1F5A9856FE45F7","gameassetpc_00_ai_sound_it.forge",3450437,3450437,1631131,9
"D4BA7554117440E91172F98D0D1F5A9856FE45F7","gameassetpc_00_aj_sound_it.forge",2128816,2128816,1082280,9
"D4BA7554117440E91172F98D0D1F5A9856FE45F7","gameassetpc_00_ak_sound_it.forge",3026447,3026447,1347110,9
"D4BA7554117440E91172F98D0D1F5A9856FE45F7","gameassetpc_00_al_sound_it.forge",867970,867970,369625,9
"D4BA7554117440E91172F98D0D1F5A9856FE45F7","gameassetpc_00_am_sound_it.forge",3116827,3116827,1627309,9
"D4BA7554117440E91172F98D0D1F5A9856FE45F7","gameassetpc_00_an_sound_it.forge",1112327,1112327,762824,9
"D4BA7554117440E91172F98D0D1F5A9856FE45F7","gameassetpc_00_ao_sound_it.forge",3857029,3857029,2235921,9
"D4BA7554117440E91172F98D0D1F5A9856FE45F7","gameassetpc_00_ap_sound_it.forge",3007548,3007548,1421421,9
"D4BA7554117440E91172F98D0D1F5A9856FE45F7","gameassetpc_00_aq_sound_it.forge",176659,176659,76079,9
"D4BA7554117440E91172F98D0D1F5A9856FE45F7","gameassetpc_00_ar_sound_it.forge",1549023,1549023,894231,9
"D4BA7554117440E91172F98D0D1F5A9856FE45F7","gameassetpc_00_as_sound_it.forge",1662539,1662539,746221,9
"D4BA7554117440E91172F98D0D1F5A9856FE45F7","gameassetpc_00_at_sound_it.forge",43592,43592,17356,9
"D4BA7554117440E91172F98D0D1F5A9856FE45F7","gameassetpc_00_au_sound_it.forge",1407524,1407524,604990,9
"D4BA7554117440E91172F98D0D1F5A9856FE45F7","gameassetpc_00_av_sound_it.forge",48533,48533,19131,9
"D4BA7554117440E91172F98D0D1F5A9856FE45F7","gameassetpc_00_aw_sound_it.forge",51722,51722,20340,9
"D4BA7554117440E91172F98D0D1F5A9856FE45F7","gameassetpc_00_ax_sound_it.forge",54280,54280,21247,9
"D4BA7554117440E91172F98D0D1F5A9856FE45F7","gameassetpc_00_ay_sound_it.forge",55327,55327,21643,9
"D4BA7554117440E91172F98D0D1F5A9856FE45F7","gameassetpc_00_az_sound_it.forge",75754,75754,30038,9
"D4BA7554117440E91172F98D0D1F5A9856FE45F7","gameassetpc_00_ba_sound_it.forge",59136,59136,23177,9
"D4BA7554117440E91172F98D0D1F5A9856FE45F7","gameassetpc_01_aa_sound_it.forge",141750616,141750616,139098643,9
"D4BA7554117440E91172F98D0D1F5A9856FE45F7","gameassetpc_01_ab_sound_it.forge",84163330,84163330,80737095,9
"D4BA7554117440E91172F98D0D1F5A9856FE45F7","gameassetpc_01_ac_sound_it.forge",907990,907990,378520,9
"D4BA7554117440E91172F98D0D1F5A9856FE45F7","gameassetpc_01_ad_sound_it.forge",1251173,1251173,623467,9
"D4BA7554117440E91172F98D0D1F5A9856FE45F7","gameassetpc_01_ae_sound_it.forge",2104962,2104962,1002956,9
"D4BA7554117440E91172F98D0D1F5A9856FE45F7","gameassetpc_01_af_sound_it.forge",74485,74485,25632,9
"D4BA7554117440E91172F98D0D1F5A9856FE45F7","gameassetpc_01_ag_sound_it.forge",839982,839982,323345,9
"D4BA7554117440E91172F98D0D1F5A9856FE45F7","gameassetpc_01_ah_sound_it.forge",892785,892785,340607,9
"D4BA7554117440E91172F98D0D1F5A9856FE45F7","gameassetpc_01_ai_sound_it.forge",5915939,5915939,3566247,9
"D4BA7554117440E91172F98D0D1F5A9856FE45F7","gameassetpc_01_aj_sound_it.forge",3028679,3028679,1273815,9
"D4BA7554117440E91172F98D0D1F5A9856FE45F7","gameassetpc_01_ak_sound_it.forge",3947941,3947941,2399288,9
"D4BA7554117440E91172F98D0D1F5A9856FE45F7","gameassetpc_01_al_sound_it.forge",1657153,1657153,774188,9
"D4BA7554117440E91172F98D0D1F5A9856FE45F7","gameassetpc_01_am_sound_it.forge",1833466,1833466,849026,9
"D4BA7554117440E91172F98D0D1F5A9856FE45F7","gameassetpc_01_an_sound_it.forge",2235059,2235059,1003295,9
"D4BA7554117440E91172F98D0D1F5A9856FE45F7","gameassetpc_01_ao_sound_it.forge",2752011,2752011,1076586,9
"D4BA7554117440E91172F98D0D1F5A9856FE45F7","gameassetpc_01_ap_sound_it.forge",2092668,2092668,772313,9
"D4BA7554117440E91172F98D0D1F5A9856FE45F7","gameassetpc_01_aq_sound_it.forge",78302,78302,27036,9
"D4BA7554117440E91172F98D0D1F5A9856FE45F7","gameassetpc_01_ar_sound_it.forge",2443870,2443870,1974636,9
"D4BA7554117440E91172F98D0D1F5A9856FE45F7","gameassetpc_01_as_sound_it.forge",1213570,1213570,471193,9
"D4BA7554117440E91172F98D0D1F5A9856FE45F7","gameassetpc_01_at_sound_it.forge",438479,438479,173739,9
"D4BA7554117440E91172F98D0D1F5A9856FE45F7","gameassetpc_01_au_sound_it.forge",1287752,1287752,470095,9
"D4BA7554117440E91172F98D0D1F5A9856FE45F7","gameassetpc_01_av_sound_it.forge",90199,90199,34931,9
"D4BA7554117440E91172F98D0D1F5A9856FE45F7","gameassetpc_01_aw_sound_it.forge",571164,571164,193608,9
"D4BA7554117440E91172F98D0D1F5A9856FE45F7","Support\Readme\Readme_ja-JP.txt",18082,18082,6164,10
"D4BA7554117440E91172F98D0D1F5A9856FE45F7","SoundPackages\soundpc_00_vo_ja.pck",10605528,10605528,9312265,10
"D4BA7554117440E91172F98D0D1F5A9856FE45F7","SoundPackages\soundpc_01_vo_ja.pck",14815566,14815566,12786545,10
"D4BA7554117440E91172F98D0D1F5A9856FE45F7","gameassetpc_00_aa_sound_ja.forge",276238321,276238321,269463980,10
"D4BA7554117440E91172F98D0D1F5A9856FE45F7","gameassetpc_00_ab_sound_ja.forge",30079942,30079942,28326643,10
"D4BA7554117440E91172F98D0D1F5A9856FE45F7","gameassetpc_00_ac_sound_ja.forge",1584512,1584512,1007304,10
"D4BA7554117440E91172F98D0D1F5A9856FE45F7","gameassetpc_00_ad_sound_ja.forge",6759340,6759340,6119423,10
"D4BA7554117440E91172F98D0D1F5A9856FE45F7","gameassetpc_00_ae_sound_ja.forge",2547086,2547086,1164045,10
"D4BA7554117440E91172F98D0D1F5A9856FE45F7","gameassetpc_00_af_sound_ja.forge",344187,344187,144943,10
"D4BA7554117440E91172F98D0D1F5A9856FE45F7","gameassetpc_00_ag_sound_ja.forge",1021166,1021166,465783,10
"D4BA7554117440E91172F98D0D1F5A9856FE45F7","gameassetpc_00_ah_sound_ja.forge",1833935,1833935,1221828,10
"D4BA7554117440E91172F98D0D1F5A9856FE45F7","gameassetpc_00_ai_sound_ja.forge",3386037,3386037,1565335,10
"D4BA7554117440E91172F98D0D1F5A9856FE45F7","gameassetpc_00_aj_sound_ja.forge",2111946,2111946,1062906,10
"D4BA7554117440E91172F98D0D1F5A9856FE45F7","gameassetpc_00_ak_sound_ja.forge",3025166,3025166,1345284,10
"D4BA7554117440E91172F98D0D1F5A9856FE45F7","gameassetpc_00_al_sound_ja.forge",867818,867818,369152,10
"D4BA7554117440E91172F98D0D1F5A9856FE45F7","gameassetpc_00_am_sound_ja.forge",3111753,3111753,1621230,10
"D4BA7554117440E91172F98D0D1F5A9856FE45F7","gameassetpc_00_an_sound_ja.forge",1084209,1084209,732737,10
"D4BA7554117440E91172F98D0D1F5A9856FE45F7","gameassetpc_00_ao_sound_ja.forge",3620744,3620744,2002781,10
"D4BA7554117440E91172F98D0D1F5A9856FE45F7","gameassetpc_00_ap_sound_ja.forge",3000757,3000757,1414434,10
"D4BA7554117440E91172F98D0D1F5A9856FE45F7","gameassetpc_00_aq_sound_ja.forge",176659,176659,75937,10
"D4BA7554117440E91172F98D0D1F5A9856FE45F7","gameassetpc_00_ar_sound_ja.forge",1548535,1548535,893918,10
"D4BA7554117440E91172F98D0D1F5A9856FE45F7","gameassetpc_00_as_sound_ja.forge",1662387,1662387,746309,10
"D4BA7554117440E91172F98D0D1F5A9856FE45F7","gameassetpc_00_at_sound_ja.forge",43592,43592,17346,10
"D4BA7554117440E91172F98D0D1F5A9856FE45F7","gameassetpc_00_au_sound_ja.forge",1407372,1407372,604453,10
"D4BA7554117440E91172F98D0D1F5A9856FE45F7","gameassetpc_00_av_sound_ja.forge",48533,48533,19124,10
"D4BA7554117440E91172F98D0D1F5A9856FE45F7","gameassetpc_00_aw_sound_ja.forge",51722,51722,20339,10
"D4BA7554117440E91172F98D0D1F5A9856FE45F7","gameassetpc_00_ax_sound_ja.forge",54280,54280,21242,10
"D4BA7554117440E91172F98D0D1F5A9856FE45F7","gameassetpc_00_ay_sound_ja.forge",55327,55327,21644,10
"D4BA7554117440E91172F98D0D1F5A9856FE45F7","gameassetpc_00_az_sound_ja.forge",75754,75754,30037,10
"D4BA7554117440E91172F98D0D1F5A9856FE45F7","gameassetpc_00_ba_sound_ja.forge",59136,59136,23179,10
"D4BA7554117440E91172F98D0D1F5A9856FE45F7","gameassetpc_01_aa_sound_ja.forge",125089417,125089417,122489400,10
"D4BA7554117440E91172F98D0D1F5A9856FE45F7","gameassetpc_01_ab_sound_ja.forge",60183115,60183115,56930526,10
"D4BA7554117440E91172F98D0D1F5A9856FE45F7","gameassetpc_01_ac_sound_ja.forge",907990,907990,378545,10
"D4BA7554117440E91172F98D0D1F5A9856FE45F7","gameassetpc_01_ad_sound_ja.forge",1244259,1244259,616074,10
"D4BA7554117440E91172F98D0D1F5A9856FE45F7","gameassetpc_01_ae_sound_ja.forge",1971877,1971877,871105,10
"D4BA7554117440E91172F98D0D1F5A9856FE45F7","gameassetpc_01_af_sound_ja.forge",74485,74485,25634,10
"D4BA7554117440E91172F98D0D1F5A9856FE45F7","gameassetpc_01_ag_sound_ja.forge",839982,839982,323367,10
"D4BA7554117440E91172F98D0D1F5A9856FE45F7","gameassetpc_01_ah_sound_ja.forge",892785,892785,340646,10
"D4BA7554117440E91172F98D0D1F5A9856FE45F7","gameassetpc_01_ai_sound_ja.forge",5819272,5819272,3465953,10
"D4BA7554117440E91172F98D0D1F5A9856FE45F7","gameassetpc_01_aj_sound_ja.forge",3030939,3030939,1274319,10
"D4BA7554117440E91172F98D0D1F5A9856FE45F7","gameassetpc_01_ak_sound_ja.forge",3894976,3894976,2345427,10
"D4BA7554117440E91172F98D0D1F5A9856FE45F7","gameassetpc_01_al_sound_ja.forge",1654982,1654982,772832,10
"D4BA7554117440E91172F98D0D1F5A9856FE45F7","gameassetpc_01_am_sound_ja.forge",1803757,1803757,819627,10
"D4BA7554117440E91172F98D0D1F5A9856FE45F7","gameassetpc_01_an_sound_ja.forge",2235059,2235059,1001118,10
"D4BA7554117440E91172F98D0D1F5A9856FE45F7","gameassetpc_01_ao_sound_ja.forge",2807756,2807756,1131476,10
"D4BA7554117440E91172F98D0D1F5A9856FE45F7","gameassetpc_01_ap_sound_ja.forge",2094928,2094928,774752,10
"D4BA7554117440E91172F98D0D1F5A9856FE45F7","gameassetpc_01_aq_sound_ja.forge",78302,78302,27025,10
"D4BA7554117440E91172F98D0D1F5A9856FE45F7","gameassetpc_01_ar_sound_ja.forge",2375595,2375595,1906396,10
"D4BA7554117440E91172F98D0D1F5A9856FE45F7","gameassetpc_01_as_sound_ja.forge",1215830,1215830,473303,10
"D4BA7554117440E91172F98D0D1F5A9856FE45F7","gameassetpc_01_at_sound_ja.forge",438275,438275,173588,10
"D4BA7554117440E91172F98D0D1F5A9856FE45F7","gameassetpc_01_au_sound_ja.forge",1290012,1290012,472579,10
"D4BA7554117440E91172F98D0D1F5A9856FE45F7","gameassetpc_01_av_sound_ja.forge",90199,90199,34914,10
"D4BA7554117440E91172F98D0D1F5A9856FE45F7","gameassetpc_01_aw_sound_ja.forge",571164,571164,193596,10
"D4BA7554117440E91172F98D0D1F5A9856FE45F7","Support\Readme\Readme_cs-CZ.txt",15575,15575,5943,11
"D4BA7554117440E91172F98D0D1F5A9856FE45F7","Support\Readme\Readme_ko-KO.txt",14119,14119,5395,12
"D4BA7554117440E91172F98D0D1F5A9856FE45F7","Support\Readme\Readme_ru-RU.txt",15725,15725,5885,13
"D4BA7554117440E91172F98D0D1F5A9856FE45F7","SoundPackages\soundpc_00_vo_ru.pck",10313346,10313346,9019394,13
"D4BA7554117440E91172F98D0D1F5A9856FE45F7","SoundPackages\soundpc_01_vo_ru.pck",14538581,14538581,12530637,13
"D4BA7554117440E91172F98D0D1F5A9856FE45F7","gameassetpc_00_aa_sound_ru.forge",271149332,271149332,264451315,13
"D4BA7554117440E91172F98D0D1F5A9856FE45F7","gameassetpc_00_ab_sound_ru.forge",28806604,28806604,27041996,13
"D4BA7554117440E91172F98D0D1F5A9856FE45F7","gameassetpc_00_ac_sound_ru.forge",1427654,1427654,848661,13
"D4BA7554117440E91172F98D0D1F5A9856FE45F7","gameassetpc_00_ad_sound_ru.forge",7620315,7620315,6966474,13
"D4BA7554117440E91172F98D0D1F5A9856FE45F7","gameassetpc_00_ae_sound_ru.forge",2548259,2548259,1165493,13
"D4BA7554117440E91172F98D0D1F5A9856FE45F7","gameassetpc_00_af_sound_ru.forge",344187,344187,144746,13
"D4BA7554117440E91172F98D0D1F5A9856FE45F7","gameassetpc_00_ag_sound_ru.forge",1021166,1021166,465539,13
"D4BA7554117440E91172F98D0D1F5A9856FE45F7","gameassetpc_00_ah_sound_ru.forge",1816286,1816286,1204181,13
"D4BA7554117440E91172F98D0D1F5A9856FE45F7","gameassetpc_00_ai_sound_ru.forge",3434255,3434255,1611111,13
"D4BA7554117440E91172F98D0D1F5A9856FE45F7","gameassetpc_00_aj_sound_ru.forge",2102392,2102392,1053278,13
"D4BA7554117440E91172F98D0D1F5A9856FE45F7","gameassetpc_00_ak_sound_ru.forge",3026859,3026859,1347932,13
"D4BA7554117440E91172F98D0D1F5A9856FE45F7","gameassetpc_00_al_sound_ru.forge",868870,868870,369991,13
"D4BA7554117440E91172F98D0D1F5A9856FE45F7","gameassetpc_00_am_sound_ru.forge",3056855,3056855,1567105,13
"D4BA7554117440E91172F98D0D1F5A9856FE45F7","gameassetpc_00_an_sound_ru.forge",1060332,1060332,708601,13
"D4BA7554117440E91172F98D0D1F5A9856FE45F7","gameassetpc_00_ao_sound_ru.forge",3694118,3694118,2072123,13
"D4BA7554117440E91172F98D0D1F5A9856FE45F7","gameassetpc_00_ap_sound_ru.forge",3002767,3002767,1416817,13
"D4BA7554117440E91172F98D0D1F5A9856FE45F7","gameassetpc_00_aq_sound_ru.forge",176659,176659,75948,13
"D4BA7554117440E91172F98D0D1F5A9856FE45F7","gameassetpc_00_ar_sound_ru.forge",1538572,1538572,883897,13
"D4BA7554117440E91172F98D0D1F5A9856FE45F7","gameassetpc_00_as_sound_ru.forge",1663439,1663439,747619,13
"D4BA7554117440E91172F98D0D1F5A9856FE45F7","gameassetpc_00_at_sound_ru.forge",43592,43592,17346,13
"D4BA7554117440E91172F98D0D1F5A9856FE45F7","gameassetpc_00_au_sound_ru.forge",1408424,1408424,605352,13
"D4BA7554117440E91172F98D0D1F5A9856FE45F7","gameassetpc_00_av_sound_ru.forge",48533,48533,19131,13
"D4BA7554117440E91172F98D0D1F5A9856FE45F7","gameassetpc_00_aw_sound_ru.forge",51722,51722,20348,13
"D4BA7554117440E91172F98D0D1F5A9856FE45F7","gameassetpc_00_ax_sound_ru.forge",54280,54280,21240,13
"D4BA7554117440E91172F98D0D1F5A9856FE45F7","gameassetpc_00_ay_sound_ru.forge",55327,55327,21644,13
"D4BA7554117440E91172F98D0D1F5A9856FE45F7","gameassetpc_00_az_sound_ru.forge",75754,75754,30035,13
"D4BA7554117440E91172F98D0D1F5A9856FE45F7","gameassetpc_00_ba_sound_ru.forge",59136,59136,23171,13
"D4BA7554117440E91172F98D0D1F5A9856FE45F7","gameassetpc_01_aa_sound_ru.forge",120941588,120941588,118290231,13
"D4BA7554117440E91172F98D0D1F5A9856FE45F7","gameassetpc_01_ab_sound_ru.forge",59874381,59874381,56588668,13
"D4BA7554117440E91172F98D0D1F5A9856FE45F7","gameassetpc_01_ac_sound_ru.forge",907990,907990,378654,13
"D4BA7554117440E91172F98D0D1F5A9856FE45F7","gameassetpc_01_ad_sound_ru.forge",1262422,1262422,634263,13
"D4BA7554117440E91172F98D0D1F5A9856FE45F7","gameassetpc_01_ae_sound_ru.forge",2023397,2023397,922506,13
"D4BA7554117440E91172F98D0D1F5A9856FE45F7","gameassetpc_01_af_sound_ru.forge",74485,74485,25642,13
"D4BA7554117440E91172F98D0D1F5A9856FE45F7","gameassetpc_01_ag_sound_ru.forge",839982,839982,323515,13
"D4BA7554117440E91172F98D0D1F5A9856FE45F7","gameassetpc_01_ah_sound_ru.forge",892785,892785,340797,13
"D4BA7554117440E91172F98D0D1F5A9856FE45F7","gameassetpc_01_ai_sound_ru.forge",5943836,5943836,3587022,13
"D4BA7554117440E91172F98D0D1F5A9856FE45F7","gameassetpc_01_aj_sound_ru.forge",3029011,3029011,1271159,13
"D4BA7554117440E91172F98D0D1F5A9856FE45F7","gameassetpc_01_ak_sound_ru.forge",3765942,3765942,2214807,13
"D4BA7554117440E91172F98D0D1F5A9856FE45F7","gameassetpc_01_al_sound_ru.forge",1655753,1655753,773236,13
"D4BA7554117440E91172F98D0D1F5A9856FE45F7","gameassetpc_01_am_sound_ru.forge",1821989,1821989,838333,13
"D4BA7554117440E91172F98D0D1F5A9856FE45F7","gameassetpc_01_an_sound_ru.forge",2235059,2235059,1000307,13
"D4BA7554117440E91172F98D0D1F5A9856FE45F7","gameassetpc_01_ao_sound_ru.forge",2806680,2806680,1128610,13
"D4BA7554117440E91172F98D0D1F5A9856FE45F7","gameassetpc_01_ap_sound_ru.forge",2093000,2093000,773000,13
"D4BA7554117440E91172F98D0D1F5A9856FE45F7","gameassetpc_01_aq_sound_ru.forge",78302,78302,27005,13
"D4BA7554117440E91172F98D0D1F5A9856FE45F7","gameassetpc_01_ar_sound_ru.forge",2298705,2298705,1826277,13
"D4BA7554117440E91172F98D0D1F5A9856FE45F7","gameassetpc_01_as_sound_ru.forge",1213902,1213902,471898,13
"D4BA7554117440E91172F98D0D1F5A9856FE45F7","gameassetpc_01_at_sound_ru.forge",438144,438144,173486,13
"D4BA7554117440E91172F98D0D1F5A9856FE45F7","gameassetpc_01_au_sound_ru.forge",1288084,1288084,470751,13
"D4BA7554117440E91172F98D0D1F5A9856FE45F7","gameassetpc_01_av_sound_ru.forge",90199,90199,34951,13
"D4BA7554117440E91172F98D0D1F5A9856FE45F7","gameassetpc_01_aw_sound_ru.forge",571164,571164,193573,13
"D4BA7554117440E91172F98D0D1F5A9856FE45F7","Support\Readme\Readme_nl-NL.txt",16770,16770,5826,14
"D4BA7554117440E91172F98D0D1F5A9856FE45F7","Support\Readme\Readme_pt-BR.txt",16944,16944,5943,15
"D4BA7554117440E91172F98D0D1F5A9856FE45F7","SoundPackages\soundpc_00_vo_pt-br.pck",9976740,9976740,8583009,15
"D4BA7554117440E91172F98D0D1F5A9856FE45F7","SoundPackages\soundpc_01_vo_pt-br.pck",14600936,14600936,12442726,15
"D4BA7554117440E91172F98D0D1F5A9856FE45F7","gameassetpc_00_aa_sound_pt-br.forge",322465215,322465215,315482238,15
"D4BA7554117440E91172F98D0D1F5A9856FE45F7","gameassetpc_00_ab_sound_pt-br.forge",37811333,37811333,35998902,15
"D4BA7554117440E91172F98D0D1F5A9856FE45F7","gameassetpc_00_ac_sound_pt-br.forge",1661004,1661004,1082151,15
"D4BA7554117440E91172F98D0D1F5A9856FE45F7","gameassetpc_00_ad_sound_pt-br.forge",7873054,7873054,7208151,15
"D4BA7554117440E91172F98D0D1F5A9856FE45F7","gameassetpc_00_ae_sound_pt-br.forge",2548929,2548929,1166462,15
"D4BA7554117440E91172F98D0D1F5A9856FE45F7","gameassetpc_00_af_sound_pt-br.forge",344187,344187,145111,15
"D4BA7554117440E91172F98D0D1F5A9856FE45F7","gameassetpc_00_ag_sound_pt-br.forge",1021166,1021166,466177,15
"D4BA7554117440E91172F98D0D1F5A9856FE45F7","gameassetpc_00_ah_sound_pt-br.forge",1890088,1890088,1277944,15
"D4BA7554117440E91172F98D0D1F5A9856FE45F7","gameassetpc_00_ai_sound_pt-br.forge",3388274,3388274,1571482,15
"D4BA7554117440E91172F98D0D1F5A9856FE45F7","gameassetpc_00_aj_sound_pt-br.forge",2105012,2105012,1059296,15
"D4BA7554117440E91172F98D0D1F5A9856FE45F7","gameassetpc_00_ak_sound_pt-br.forge",3026493,3026493,1347799,15
"D4BA7554117440E91172F98D0D1F5A9856FE45F7","gameassetpc_00_al_sound_pt-br.forge",868530,868530,370018,15
"D4BA7554117440E91172F98D0D1F5A9856FE45F7","gameassetpc_00_am_sound_pt-br.forge",3141509,3141509,1651586,15
"D4BA7554117440E91172F98D0D1F5A9856FE45F7","gameassetpc_00_an_sound_pt-br.forge",1094777,1094777,745953,15
"D4BA7554117440E91172F98D0D1F5A9856FE45F7","gameassetpc_00_ao_sound_pt-br.forge",3668387,3668387,2050082,15
"D4BA7554117440E91172F98D0D1F5A9856FE45F7","gameassetpc_00_ap_sound_pt-br.forge",2999398,2999398,1413283,15
"D4BA7554117440E91172F98D0D1F5A9856FE45F7","gameassetpc_00_aq_sound_pt-br.forge",176659,176659,75987,15
"D4BA7554117440E91172F98D0D1F5A9856FE45F7","gameassetpc_00_ar_sound_pt-br.forge",1565431,1565431,910758,15
"D4BA7554117440E91172F98D0D1F5A9856FE45F7","gameassetpc_00_as_sound_pt-br.forge",1663099,1663099,746801,15
"D4BA7554117440E91172F98D0D1F5A9856FE45F7","gameassetpc_00_at_sound_pt-br.forge",43592,43592,17349,15
"D4BA7554117440E91172F98D0D1F5A9856FE45F7","gameassetpc_00_au_sound_pt-br.forge",1408084,1408084,605390,15
"D4BA7554117440E91172F98D0D1F5A9856FE45F7","gameassetpc_00_av_sound_pt-br.forge",48533,48533,19128,15
"D4BA7554117440E91172F98D0D1F5A9856FE45F7","gameassetpc_00_aw_sound_pt-br.forge",51722,51722,20338,15
"D4BA7554117440E91172F98D0D1F5A9856FE45F7","gameassetpc_00_ax_sound_pt-br.forge",54280,54280,21246,15
"D4BA7554117440E91172F98D0D1F5A9856FE45F7","gameassetpc_00_ay_sound_pt-br.forge",55327,55327,21645,15
"D4BA7554117440E91172F98D0D1F5A9856FE45F7","gameassetpc_00_az_sound_pt-br.forge",75754,75754,30034,15
"D4BA7554117440E91172F98D0D1F5A9856FE45F7","gameassetpc_00_ba_sound_pt-br.forge",59136,59136,23176,15
"D4BA7554117440E91172F98D0D1F5A9856FE45F7","gameassetpc_01_aa_sound_pt-br.forge",134309521,134309521,131620003,15
"D4BA7554117440E91172F98D0D1F5A9856FE45F7","gameassetpc_01_ab_sound_pt-br.forge",73351268,73351268,69953113,15
"D4BA7554117440E91172F98D0D1F5A9856FE45F7","gameassetpc_01_ac_sound_pt-br.forge",907990,907990,378539,15
"D4BA7554117440E91172F98D0D1F5A9856FE45F7","gameassetpc_01_ad_sound_pt-br.forge",1280472,1280472,651934,15
"D4BA7554117440E91172F98D0D1F5A9856FE45F7","gameassetpc_01_ae_sound_pt-br.forge",2114933,2114933,1013303,15
"D4BA7554117440E91172F98D0D1F5A9856FE45F7","gameassetpc_01_af_sound_pt-br.forge",74485,74485,25629,15
"D4BA7554117440E91172F98D0D1F5A9856FE45F7","gameassetpc_01_ag_sound_pt-br.forge",839982,839982,323401,15
"D4BA7554117440E91172F98D0D1F5A9856FE45F7","gameassetpc_01_ah_sound_pt-br.forge",892785,892785,340685,15
"D4BA7554117440E91172F98D0D1F5A9856FE45F7","gameassetpc_01_ai_sound_pt-br.forge",5849997,5849997,3502523,15
"D4BA7554117440E91172F98D0D1F5A9856FE45F7","gameassetpc_01_aj_sound_pt-br.forge",3028952,3028952,1276847,15
"D4BA7554117440E91172F98D0D1F5A9856FE45F7","gameassetpc_01_ak_sound_pt-br.forge",3887420,3887420,2338182,15
"D4BA7554117440E91172F98D0D1F5A9856FE45F7","gameassetpc_01_al_sound_pt-br.forge",1648705,1648705,765854,15
"D4BA7554117440E91172F98D0D1F5A9856FE45F7","gameassetpc_01_am_sound_pt-br.forge",1829635,1829635,845879,15
"D4BA7554117440E91172F98D0D1F5A9856FE45F7","gameassetpc_01_an_sound_pt-br.forge",2235059,2235059,1005835,15
"D4BA7554117440E91172F98D0D1F5A9856FE45F7","gameassetpc_01_ao_sound_pt-br.forge",2751758,2751758,1076996,15
"D4BA7554117440E91172F98D0D1F5A9856FE45F7","gameassetpc_01_ap_sound_pt-br.forge",2092941,2092941,772657,15
"D4BA7554117440E91172F98D0D1F5A9856FE45F7","gameassetpc_01_aq_sound_pt-br.forge",78302,78302,27034,15
"D4BA7554117440E91172F98D0D1F5A9856FE45F7","gameassetpc_01_ar_sound_pt-br.forge",2441937,2441937,1970295,15
"D4BA7554117440E91172F98D0D1F5A9856FE45F7","gameassetpc_01_as_sound_pt-br.forge",1213843,1213843,471529,15
"D4BA7554117440E91172F98D0D1F5A9856FE45F7","gameassetpc_01_at_sound_pt-br.forge",440001,440001,175305,15
"D4BA7554117440E91172F98D0D1F5A9856FE45F7","gameassetpc_01_au_sound_pt-br.forge",1288025,1288025,470524,15
"D4BA7554117440E91172F98D0D1F5A9856FE45F7","gameassetpc_01_av_sound_pt-br.forge",90199,90199,34901,15
"D4BA7554117440E91172F98D0D1F5A9856FE45F7","gameassetpc_01_aw_sound_pt-br.forge",571164,571164,193608,15
"D4BA7554117440E91172F98D0D1F5A9856FE45F7","Support\Readme\Readme_ar-SA.txt",15535,15535,5607,16
"D4BA7554117440E91172F98D0D1F5A9856FE45F7","Support\Readme\Readme_es-MX.txt",17758,17758,6034,17
"D4BA7554117440E91172F98D0D1F5A9856FE45F7","SoundPackages\soundpc_00_vo_es-la.pck",9917407,9917407,8554004,17
"D4BA7554117440E91172F98D0D1F5A9856FE45F7","SoundPackages\soundpc_01_vo_es-la.pck",13991947,13991947,11848620,17
"D4BA7554117440E91172F98D0D1F5A9856FE45F7","gameassetpc_00_aa_sound_es-la.forge",315012414,315012414,308084825,17
"D4BA7554117440E91172F98D0D1F5A9856FE45F7","gameassetpc_00_ab_sound_es-la.forge",36684818,36684818,34843258,17
"D4BA7554117440E91172F98D0D1F5A9856FE45F7","gameassetpc_00_ac_sound_es-la.forge",1789814,1789814,1211589,17
"D4BA7554117440E91172F98D0D1F5A9856FE45F7","gameassetpc_00_ad_sound_es-la.forge",8027555,8027555,7363184,17
"D4BA7554117440E91172F98D0D1F5A9856FE45F7","gameassetpc_00_ae_sound_es-la.forge",2549108,2549108,1166010,17
"D4BA7554117440E91172F98D0D1F5A9856FE45F7","gameassetpc_00_af_sound_es-la.forge",344187,344187,144886,17
"D4BA7554117440E91172F98D0D1F5A9856FE45F7","gameassetpc_00_ag_sound_es-la.forge",1021166,1021166,465495,17
"D4BA7554117440E91172F98D0D1F5A9856FE45F7","gameassetpc_00_ah_sound_es-la.forge",1906207,1906207,1292458,17
"D4BA7554117440E91172F98D0D1F5A9856FE45F7","gameassetpc_00_ai_sound_es-la.forge",3409778,3409778,1590965,17
"D4BA7554117440E91172F98D0D1F5A9856FE45F7","gameassetpc_00_aj_sound_es-la.forge",2113513,2113513,1066368,17
"D4BA7554117440E91172F98D0D1F5A9856FE45F7","gameassetpc_00_ak_sound_es-la.forge",3027174,3027174,1347790,17
"D4BA7554117440E91172F98D0D1F5A9856FE45F7","gameassetpc_00_al_sound_es-la.forge",868712,868712,369720,17
"D4BA7554117440E91172F98D0D1F5A9856FE45F7","gameassetpc_00_am_sound_es-la.forge",3092391,3092391,1602048,17
"D4BA7554117440E91172F98D0D1F5A9856FE45F7","gameassetpc_00_an_sound_es-la.forge",1103197,1103197,753431,17
"D4BA7554117440E91172F98D0D1F5A9856FE45F7","gameassetpc_00_ao_sound_es-la.forge",3646437,3646437,2026884,17
"D4BA7554117440E91172F98D0D1F5A9856FE45F7","gameassetpc_00_ap_sound_es-la.forge",3004472,3004472,1417851,17
"D4BA7554117440E91172F98D0D1F5A9856FE45F7","gameassetpc_00_aq_sound_es-la.forge",176659,176659,75878,17
"D4BA7554117440E91172F98D0D1F5A9856FE45F7","gameassetpc_00_ar_sound_es-la.forge",1547293,1547293,892191,17
"D4BA7554117440E91172F98D0D1F5A9856FE45F7","gameassetpc_00_as_sound_es-la.forge",1663281,1663281,746983,17
"D4BA7554117440E91172F98D0D1F5A9856FE45F7","gameassetpc_00_at_sound_es-la.forge",43592,43592,17348,17
"D4BA7554117440E91172F98D0D1F5A9856FE45F7","gameassetpc_00_au_sound_es-la.forge",1408266,1408266,604960,17
"D4BA7554117440E91172F98D0D1F5A9856FE45F7","gameassetpc_00_av_sound_es-la.forge",48533,48533,19135,17
"D4BA7554117440E91172F98D0D1F5A9856FE45F7","gameassetpc_00_aw_sound_es-la.forge",51722,51722,20344,17
"D4BA7554117440E91172F98D0D1F5A9856FE45F7","gameassetpc_00_ax_sound_es-la.forge",54280,54280,21243,17
"D4BA7554117440E91172F98D0D1F5A9856FE45F7","gameassetpc_00_ay_sound_es-la.forge",55327,55327,21646,17
"D4BA7554117440E91172F98D0D1F5A9856FE45F7","gameassetpc_00_az_sound_es-la.forge",75754,75754,30038,17
"D4BA7554117440E91172F98D0D1F5A9856FE45F7","gameassetpc_00_ba_sound_es-la.forge",59136,59136,23175,17
"D4BA7554117440E91172F98D0D1F5A9856FE45F7","gameassetpc_01_aa_sound_es-la.forge",136155912,136155912,133391029,17
"D4BA7554117440E91172F98D0D1F5A9856FE45F7","gameassetpc_01_ab_sound_es-la.forge",71265886,71265886,67841526,17
"D4BA7554117440E91172F98D0D1F5A9856FE45F7","gameassetpc_01_ac_sound_es-la.forge",907990,907990,378509,17
"D4BA7554117440E91172F98D0D1F5A9856FE45F7","gameassetpc_01_ad_sound_es-la.forge",1239625,1239625,611679,17
"D4BA7554117440E91172F98D0D1F5A9856FE45F7","gameassetpc_01_ae_sound_es-la.forge",2028592,2028592,927014,17
"D4BA7554117440E91172F98D0D1F5A9856FE45F7","gameassetpc_01_af_sound_es-la.forge",74485,74485,25630,17
"D4BA7554117440E91172F98D0D1F5A9856FE45F7","gameassetpc_01_ag_sound_es-la.forge",839982,839982,323344,17
"D4BA7554117440E91172F98D0D1F5A9856FE45F7","gameassetpc_01_ah_sound_es-la.forge",892785,892785,340602,17
"D4BA7554117440E91172F98D0D1F5A9856FE45F7","gameassetpc_01_ai_sound_es-la.forge",5855885,5855885,3505925,17
"D4BA7554117440E91172F98D0D1F5A9856FE45F7","gameassetpc_01_aj_sound_es-la.forge",3029056,3029056,1275051,17
"D4BA7554117440E91172F98D0D1F5A9856FE45F7","gameassetpc_01_ak_sound_es-la.forge",3864791,3864791,2314152,17
"D4BA7554117440E91172F98D0D1F5A9856FE45F7","gameassetpc_01_al_sound_es-la.forge",1653766,1653766,770937,17
"D4BA7554117440E91172F98D0D1F5A9856FE45F7","gameassetpc_01_am_sound_es-la.forge",1836923,1836923,853021,17
"D4BA7554117440E91172F98D0D1F5A9856FE45F7","gameassetpc_01_an_sound_es-la.forge",2235059,2235059,1003947,17
"D4BA7554117440E91172F98D0D1F5A9856FE45F7","gameassetpc_01_ao_sound_es-la.forge",2755998,2755998,1080818,17
"D4BA7554117440E91172F98D0D1F5A9856FE45F7","gameassetpc_01_ap_sound_es-la.forge",2093045,2093045,772782,17
"D4BA7554117440E91172F98D0D1F5A9856FE45F7","gameassetpc_01_aq_sound_es-la.forge",78302,78302,27038,17
"D4BA7554117440E91172F98D0D1F5A9856FE45F7","gameassetpc_01_ar_sound_es-la.forge",2374939,2374939,1903372,17
"D4BA7554117440E91172F98D0D1F5A9856FE45F7","gameassetpc_01_as_sound_es-la.forge",1213947,1213947,471632,17
"D4BA7554117440E91172F98D0D1F5A9856FE45F7","gameassetpc_01_at_sound_es-la.forge",438886,438886,174219,17
"D4BA7554117440E91172F98D0D1F5A9856FE45F7","gameassetpc_01_au_sound_es-la.forge",1288129,1288129,470617,17
"D4BA7554117440E91172F98D0D1F5A9856FE45F7","gameassetpc_01_av_sound_es-la.forge",90199,90199,34958,17
"D4BA7554117440E91172F98D0D1F5A9856FE45F7","gameassetpc_01_aw_sound_es-la.forge",571164,571164,193602,17
"D4BA7554117440E91172F98D0D1F5A9856FE45F7","gameassetpc_01_aa.forge",3341142924,3341142924,3336873489,18
"D4BA7554117440E91172F98D0D1F5A9856FE45F7","gameassetpc_01_aa_campaign.forge",1349499644,1349499644,1344871946,18
"D4BA7554117440E91172F98D0D1F5A9856FE45F7","gameassetpc_01_aa_high.forge",2503231447,2503231447,2503760178,18
"D4BA7554117440E91172F98D0D1F5A9856FE45F7","gameassetpc_01_aa_sound.forge",2261192852,2261192852,2246808018,18
"D4BA7554117440E91172F98D0D1F5A9856FE45F7","gameassetpc_01_ab.forge",2983907444,2983907444,2983180701,18
"D4BA7554117440E91172F98D0D1F5A9856FE45F7","gameassetpc_01_ab_high.forge",2117952456,2117952456,2118367677,18
"D4BA7554117440E91172F98D0D1F5A9856FE45F7","gameassetpc_01_ab_sound.forge",87639723,87639723,84454843,18
"D4BA7554117440E91172F98D0D1F5A9856FE45F7","gameassetpc_01_ac.forge",2658974799,2658974799,2659250808,18
"D4BA7554117440E91172F98D0D1F5A9856FE45F7","gameassetpc_01_ac_high.forge",2116996669,2116996669,2117379527,18
"D4BA7554117440E91172F98D0D1F5A9856FE45F7","gameassetpc_01_ac_sound.forge",60971021,60971021,58640222,18
"D4BA7554117440E91172F98D0D1F5A9856FE45F7","gameassetpc_01_ad.forge",3070008747,3070008747,3070472313,18
"D4BA7554117440E91172F98D0D1F5A9856FE45F7","gameassetpc_01_ad_high.forge",3058067952,3058067952,3058610350,18
"D4BA7554117440E91172F98D0D1F5A9856FE45F7","gameassetpc_01_ad_sound.forge",116925474,116925474,115017198,18
"D4BA7554117440E91172F98D0D1F5A9856FE45F7","gameassetpc_01_ae.forge",213089178,213089178,213079520,18
"D4BA7554117440E91172F98D0D1F5A9856FE45F7","gameassetpc_01_ae_high.forge",2519605396,2519605396,2520092245,18
"D4BA7554117440E91172F98D0D1F5A9856FE45F7","gameassetpc_01_ae_sound.forge",1103882425,1103882425,1094476397,18
"D4BA7554117440E91172F98D0D1F5A9856FE45F7","gameassetpc_01_af.forge",392273988,392273988,392152365,18
"D4BA7554117440E91172F98D0D1F5A9856FE45F7","gameassetpc_01_af_high.forge",1301239688,1301239688,1301516120,18
"D4BA7554117440E91172F98D0D1F5A9856FE45F7","gameassetpc_01_af_sound.forge",430630759,430630759,427336075,18
"D4BA7554117440E91172F98D0D1F5A9856FE45F7","gameassetpc_01_ag.forge",1033942327,1033942327,1032277055,18
"D4BA7554117440E91172F98D0D1F5A9856FE45F7","gameassetpc_01_ag_high.forge",402288497,402288497,402351856,18
"D4BA7554117440E91172F98D0D1F5A9856FE45F7","gameassetpc_01_ag_sound.forge",69339813,69339813,66617856,18
"D4BA7554117440E91172F98D0D1F5A9856FE45F7","gameassetpc_01_ah.forge",797750219,797750219,797635762,18
"D4BA7554117440E91172F98D0D1F5A9856FE45F7","gameassetpc_01_ah_high.forge",150461134,150461134,150483368,18
"D4BA7554117440E91172F98D0D1F5A9856FE45F7","gameassetpc_01_ah_sound.forge",89008291,89008291,85851699,18
"D4BA7554117440E91172F98D0D1F5A9856FE45F7","gameassetpc_01_ai.forge",1087570377,1087570377,1087677017,18
"D4BA7554117440E91172F98D0D1F5A9856FE45F7","gameassetpc_01_ai_high.forge",895774932,895774932,895941309,18
"D4BA7554117440E91172F98D0D1F5A9856FE45F7","gameassetpc_01_ai_sound.forge",24539096,24539096,24236395,18
"D4BA7554117440E91172F98D0D1F5A9856FE45F7","gameassetpc_01_aj.forge",23932,23932,23937,18
"D4BA7554117440E91172F98D0D1F5A9856FE45F7","gameassetpc_01_aj_high.forge",1504814522,1504814522,1505083390,18
"D4BA7554117440E91172F98D0D1F5A9856FE45F7","gameassetpc_01_aj_sound.forge",73276717,73276717,71354359,18
"D4BA7554117440E91172F98D0D1F5A9856FE45F7","gameassetpc_01_ak.forge",765979297,765979297,765739521,18
"D4BA7554117440E91172F98D0D1F5A9856FE45F7","gameassetpc_01_ak_high.forge",58853812,58853812,58861922,18
"D4BA7554117440E91172F98D0D1F5A9856FE45F7","gameassetpc_01_ak_sound.forge",52595468,52595468,50512085,18
"D4BA7554117440E91172F98D0D1F5A9856FE45F7","gameassetpc_01_al.forge",181967048,181967048,181911280,18
"D4BA7554117440E91172F98D0D1F5A9856FE45F7","gameassetpc_01_al_high.forge",15503310,15503310,15506646,18
"D4BA7554117440E91172F98D0D1F5A9856FE45F7","gameassetpc_01_al_sound.forge",36323147,36323147,32891517,18
"D4BA7554117440E91172F98D0D1F5A9856FE45F7","gameassetpc_01_am.forge",904285485,904285485,904170272,18
"D4BA7554117440E91172F98D0D1F5A9856FE45F7","gameassetpc_01_am_high.forge",670835129,670835129,670939411,18
"D4BA7554117440E91172F98D0D1F5A9856FE45F7","gameassetpc_01_am_sound.forge",52809276,52809276,50182104,18
"D4BA7554117440E91172F98D0D1F5A9856FE45F7","gameassetpc_01_an.forge",307282237,307282237,307275783,18
"D4BA7554117440E91172F98D0D1F5A9856FE45F7","gameassetpc_01_an_high.forge",159945354,159945354,159977056,18
"D4BA7554117440E91172F98D0D1F5A9856FE45F7","gameassetpc_01_an_sound.forge",78932089,78932089,76396050,18
"D4BA7554117440E91172F98D0D1F5A9856FE45F7","gameassetpc_01_ao.forge",108536178,108536178,108539302,18
"D4BA7554117440E91172F98D0D1F5A9856FE45F7","gameassetpc_01_ao_high.forge",832149973,832149973,832255343,18
"D4BA7554117440E91172F98D0D1F5A9856FE45F7","gameassetpc_01_ao_sound.forge",18757601,18757601,17288294,18
"D4BA7554117440E91172F98D0D1F5A9856FE45F7","gameassetpc_01_ap.forge",888925954,888925954,888556343,18
"D4BA7554117440E91172F98D0D1F5A9856FE45F7","gameassetpc_01_ap_high.forge",242705378,242705378,242739967,18
"D4BA7554117440E91172F98D0D1F5A9856FE45F7","gameassetpc_01_ap_sound.forge",43425828,43425828,41683674,18
"D4BA7554117440E91172F98D0D1F5A9856FE45F7","gameassetpc_01_aq.forge",213676005,213676005,213604977,18
"D4BA7554117440E91172F98D0D1F5A9856FE45F7","gameassetpc_01_aq_high.forge",128356685,128356685,128367874,18
"D4BA7554117440E91172F98D0D1F5A9856FE45F7","gameassetpc_01_aq_sound.forge",38305397,38305397,36087864,18
"D4BA7554117440E91172F98D0D1F5A9856FE45F7","gameassetpc_01_ar.forge",629120766,629120766,629184313,18
"D4BA7554117440E91172F98D0D1F5A9856FE45F7","gameassetpc_01_ar_high.forge",789126863,789126863,789229725,18
"D4BA7554117440E91172F98D0D1F5A9856FE45F7","gameassetpc_01_ar_sound.forge",76226307,76226307,72544969,18
"D4BA7554117440E91172F98D0D1F5A9856FE45F7","gameassetpc_01_as.forge",261502752,261502752,261513837,18
"D4BA7554117440E91172F98D0D1F5A9856FE45F7","gameassetpc_01_as_high.forge",147262566,147262566,147277416,18
"D4BA7554117440E91172F98D0D1F5A9856FE45F7","gameassetpc_01_as_sound.forge",24595421,24595421,23021327,18
"D4BA7554117440E91172F98D0D1F5A9856FE45F7","gameassetpc_01_at.forge",761518099,761518099,761533968,18
"D4BA7554117440E91172F98D0D1F5A9856FE45F7","gameassetpc_01_at_high.forge",1075577125,1075577125,1075763565,18
"D4BA7554117440E91172F98D0D1F5A9856FE45F7","gameassetpc_01_at_sound.forge",37065142,37065142,36616076,18
"D4BA7554117440E91172F98D0D1F5A9856FE45F7","gameassetpc_01_au.forge",309589641,309589641,309596064,18
"D4BA7554117440E91172F98D0D1F5A9856FE45F7","gameassetpc_01_au_high.forge",145423030,145423030,145439749,18
"D4BA7554117440E91172F98D0D1F5A9856FE45F7","gameassetpc_01_au_sound.forge",28346695,28346695,27505969,18
"D4BA7554117440E91172F98D0D1F5A9856FE45F7","gameassetpc_01_av.forge",784688873,784688873,784585173,18
"D4BA7554117440E91172F98D0D1F5A9856FE45F7","gameassetpc_01_av_high.forge",1334385948,1334385948,1334610898,18
"D4BA7554117440E91172F98D0D1F5A9856FE45F7","gameassetpc_01_av_sound.forge",55920278,55920278,54739801,18
"D4BA7554117440E91172F98D0D1F5A9856FE45F7","gameassetpc_01_aw.forge",236885575,236885575,236894659,18
"D4BA7554117440E91172F98D0D1F5A9856FE45F7","gameassetpc_01_aw_high.forge",456379219,456379219,456461157,18
"D4BA7554117440E91172F98D0D1F5A9856FE45F7","gameassetpc_01_aw_sound.forge",35649555,35649555,34401744,18
"D4BA7554117440E91172F98D0D1F5A9856FE45F7","gameassetpc_01_ax.forge",809956864,809956864,809947236,18
"D4BA7554117440E91172F98D0D1F5A9856FE45F7","gameassetpc_01_ax_high.forge",1194819126,1194819126,1195023799,18
"D4BA7554117440E91172F98D0D1F5A9856FE45F7","gameassetpc_01_ax_sound.forge",37376299,37376299,36010175,18
"D4BA7554117440E91172F98D0D1F5A9856FE45F7","gameassetpc_01_ay.forge",339325411,339325411,339275724,18
"D4BA7554117440E91172F98D0D1F5A9856FE45F7","gameassetpc_01_ay_high.forge",268652758,268652758,268700875,18
"D4BA7554117440E91172F98D0D1F5A9856FE45F7","gameassetpc_01_ay_sound.forge",30539804,30539804,30314301,18
"D4BA7554117440E91172F98D0D1F5A9856FE45F7","gameassetpc_01_az.forge",275752673,275752673,275766754,18
"D4BA7554117440E91172F98D0D1F5A9856FE45F7","gameassetpc_01_az_high.forge",1395480381,1395480381,1395741641,18
"D4BA7554117440E91172F98D0D1F5A9856FE45F7","gameassetpc_01_az_sound.forge",32598300,32598300,32372338,18
"D4BA7554117440E91172F98D0D1F5A9856FE45F7","gameassetpc_01_ba.forge",806459585,806459585,806231231,18
"D4BA7554117440E91172F98D0D1F5A9856FE45F7","gameassetpc_01_ba_high.forge",265283765,265283765,265339350,18
"D4BA7554117440E91172F98D0D1F5A9856FE45F7","gameassetpc_01_ba_sound.forge",45935471,45935471,45333879,18
"D4BA7554117440E91172F98D0D1F5A9856FE45F7","gameassetpc_01_bb.forge",306656,306656,306725,18
"D4BA7554117440E91172F98D0D1F5A9856FE45F7","gameassetpc_01_bb_high.forge",320434079,320434079,320494858,18
"D4BA7554117440E91172F98D0D1F5A9856FE45F7","gameassetpc_01_bb_sound.forge",38593988,38593988,37589078,18
"D4BA7554117440E91172F98D0D1F5A9856FE45F7","gameassetpc_01_bc.forge",317108082,317108082,317130782,18
"D4BA7554117440E91172F98D0D1F5A9856FE45F7","gameassetpc_01_bc_high.forge",1031253220,1031253220,1031471886,18
"D4BA7554117440E91172F98D0D1F5A9856FE45F7","gameassetpc_01_bc_sound.forge",16534243,16534243,16080498,18
"D4BA7554117440E91172F98D0D1F5A9856FE45F7","gameassetpc_01_bd.forge",763831035,763831035,763793627,18
"D4BA7554117440E91172F98D0D1F5A9856FE45F7","gameassetpc_01_bd_high.forge",306370459,306370459,306420792,18
"D4BA7554117440E91172F98D0D1F5A9856FE45F7","gameassetpc_01_bd_sound.forge",16648233,16648233,15996578,18
"D4BA7554117440E91172F98D0D1F5A9856FE45F7","gameassetpc_01_be.forge",247450918,247450918,247448371,18
"D4BA7554117440E91172F98D0D1F5A9856FE45F7","gameassetpc_01_be_high.forge",1432487123,1432487123,1432774695,18
"D4BA7554117440E91172F98D0D1F5A9856FE45F7","gameassetpc_01_bf.forge",535669648,535669648,535684827,18
"D4BA7554117440E91172F98D0D1F5A9856FE45F7","gameassetpc_01_bf_high.forge",325846457,325846457,325898894,18
"D4BA7554117440E91172F98D0D1F5A9856FE45F7","gameassetpc_01_bg.forge",276800758,276800758,276747373,18
"D4BA7554117440E91172F98D0D1F5A9856FE45F7","gameassetpc_01_bg_high.forge",1015632920,1015632920,1015863881,18
"D4BA7554117440E91172F98D0D1F5A9856FE45F7","gameassetpc_01_bh.forge",777435309,777435309,777498907,18
"D4BA7554117440E91172F98D0D1F5A9856FE45F7","gameassetpc_01_bh_high.forge",326557775,326557775,326607493,18
"D4BA7554117440E91172F98D0D1F5A9856FE45F7","gameassetpc_01_bi.forge",239073096,239073096,239072366,18
"D4BA7554117440E91172F98D0D1F5A9856FE45F7","gameassetpc_01_bi_high.forge",1415362215,1415362215,1415640255,18
"D4BA7554117440E91172F98D0D1F5A9856FE45F7","gameassetpc_01_bj.forge",476027664,476027664,476086229,18
"D4BA7554117440E91172F98D0D1F5A9856FE45F7","gameassetpc_01_bj_high.forge",360702655,360702655,360778318,18
"D4BA7554117440E91172F98D0D1F5A9856FE45F7","gameassetpc_01_bk.forge",234550517,234550517,234568618,18
"D4BA7554117440E91172F98D0D1F5A9856FE45F7","gameassetpc_01_bk_high.forge",935653244,935653244,935825587,18
"D4BA7554117440E91172F98D0D1F5A9856FE45F7","gameassetpc_01_bl_high.forge",365428464,365428464,365487456,18
"D4BA7554117440E91172F98D0D1F5A9856FE45F7","gamedatapc_01.forge",57828996,57828996,21316158,18
"D4BA7554117440E91172F98D0D1F5A9856FE45F7","gameobjectpc_01.forge",480316853,480316853,477305090,18
"D4BA7554117440E91172F98D0D1F5A9856FE45F7","SoundPackages\soundpc_01_sfx.pck",25806356,25806356,22875303,18
"D4BA7554117440E91172F98D0D1F5A9856FE45F7","SoundPackages\soundpc_01_vo_en.pck",14197764,14197764,12139438,18
"D4BA7554117440E91172F98D0D1F5A9856FE45F7","Videos\cp_k01_c01_sc020_bik_unitintro_warden.bik",68860112,68860112,68535320,18
"D4BA7554117440E91172F98D0D1F5A9856FE45F7","Videos\cp_k01_c01_sc110_bik_mapintro_underattack.bik",104847340,104847340,104785364,18
"D4BA7554117440E91172F98D0D1F5A9856FE45F7","Videos\cp_k05_c02_sc020_bik_unitintro_lawbringer.bik",75806660,75806660,75578701,18
"D4BA7554117440E91172F98D0D1F5A9856FE45F7","Videos\cp_k05_c02_sc860_cin_mapoutro_moppingup.bik",239338744,239338744,239094001,18
"D4BA7554117440E91172F98D0D1F5A9856FE45F7","Videos\cp_k07_h02_sc020_bik_unitintro_peacekeeper.bik",80682324,80682324,80378092,18
"D4BA7554117440E91172F98D0D1F5A9856FE45F7","Videos\cp_k08_c03_sc260_bik_mapintro_assaultplanspart1.bik",14948088,14948088,14910063,18
"D4BA7554117440E91172F98D0D1F5A9856FE45F7","Videos\cp_k08_c03_sc900_bik_mapoutro_notheretokillthem.bik",165445504,165445504,165368817,18
"D4BA7554117440E91172F98D0D1F5A9856FE45F7","Videos\cp_s01_c06_sc020_bik_unitintro_kensei.bik",75825980,75825980,75399913,18
"D4BA7554117440E91172F98D0D1F5A9856FE45F7","Videos\cp_s01_c06_sc260_bik_mapintro_jailbreak_part1.bik",40645848,40645848,40604047,18
"D4BA7554117440E91172F98D0D1F5A9856FE45F7","Videos\cp_s01_c06_sc870_bik_mapoutro_apollyonshonor.bik",165637296,165637296,165497221,18
"D4BA7554117440E91172F98D0D1F5A9856FE45F7","Videos\cp_s02_h03_sc020_bik_unitintro_orochi.bik",73983048,73983048,73637450,18
"D4BA7554117440E91172F98D0D1F5A9856FE45F7","Videos\cp_s04_c07_sc260_bik_mapintro_palacegates.bik",91675520,91675520,91598476,18
"D4BA7554117440E91172F98D0D1F5A9856FE45F7","Videos\cp_s07_c08_sc260_bik_mapintro_holdensbetrayal.bik",126276768,126276768,126180235,18
"D4BA7554117440E91172F98D0D1F5A9856FE45F7","Videos\cp_s07_c08_sc862_bik_mapoutro_deathofapollyon_part2.bik",127869516,127869516,127825256,18
"D4BA7554117440E91172F98D0D1F5A9856FE45F7","Videos\cp_s08_s01_sc100_bik_epilogue.bik",270403344,270403344,270166649,18
"D4BA7554117440E91172F98D0D1F5A9856FE45F7","Videos\cp_v01_c05_sc020_bik_unitintro_raiders.bik",71604380,71604380,71271989,18
"D4BA7554117440E91172F98D0D1F5A9856FE45F7","Videos\cp_v01_c05_sc260_bik_mapintro_longwinter_part1.bik",119677760,119677760,119616513,18
"D4BA7554117440E91172F98D0D1F5A9856FE45F7","Videos\cp_v03_w01_sc020_bik_unitintro_warlord.bik",78050792,78050792,77716346,18
"D4BA7554117440E91172F98D0D1F5A9856FE45F7","Videos\cp_v05_c04_sc110_bik_mapintro_vikingbeachlanding.bik",165894364,165894364,165750007,18
"D4BA7554117440E91172F98D0D1F5A9856FE45F7","Videos\cp_v07_w02_sc020_bik_unitintro_valkyrie.bik",70836724,70836724,70603159,18
"D4BA7554117440E91172F98D0D1F5A9856FE45F7","Videos\cp_v08_s06_sc411_bik_bossintro_bridgeambush_pt2.bik",50072104,50072104,49956380,18
"D4BA7554117440E91172F98D0D1F5A9856FE45F7","Videos\cp_v08_s06_sc861_bik_mapoutro_openingthecity_pt2.bik",44101124,44101124,43868718,18
"D4BA7554117440E91172F98D0D1F5A9856FE45F7","Videos\cp_v08_s06_sc890_bik_nowwemayspeakfreely.bik",154822484,154822484,154711167,18
"D4BA7554117440E91172F98D0D1F5A9856FE45F7","Videos\fh_tuto_dominion_vf1.bik",68290224,68290224,67823758,18
"D4BA7554117440E91172F98D0D1F5A9856FE45F7","Videos\fh_videotuto_1vs1_vf1.bik",13091892,13091892,13025097,18
"D4BA7554117440E91172F98D0D1F5A9856FE45F7","Videos\fh_videotuto_2vs2_vf1.bik",24446856,24446856,24319136,18
"D4BA7554117440E91172F98D0D1F5A9856FE45F7","Videos\fh_videotuto_extermination.bik",37838056,37838056,37737917,18
"D4BA7554117440E91172F98D0D1F5A9856FE45F7","Videos\fh_videotuto_skirmish.bik",43018344,43018344,42887258,18
"D4BA7554117440E91172F98D0D1F5A9856FE45F7","Videos\tuto_adventure_1080.bik",143641448,143641448,142946630,18
"D4BA7554117440E91172F98D0D1F5A9856FE45F7","Videos\tuto_adventure_480.bik",22184140,22184140,22066952,18
"D4BA7554117440E91172F98D0D1F5A9856FE45F7","Videos\tuto_breach_1080.bik",253246736,253246736,251270504,18
"D4BA7554117440E91172F98D0D1F5A9856FE45F7","Videos\tuto_breach_480.bik",41052968,41052968,40845505,18
"D4BA7554117440E91172F98D0D1F5A9856FE45F7","Videos\tuto_tribute.bik",54164120,54164120,53925575,18
"D4BA7554117440E91172F98D0D1F5A9856FE45F7","patchsrc\gameassetpc_00_aa_patch.forge",5044010,5044010,4990287,19
"D4BA7554117440E91172F98D0D1F5A9856FE45F7","patchsrc\gameassetpc_01_aa_patch.forge",1934935,1934935,1902200,19
"D4BA7554117440E91172F98D0D1F5A9856FE45F7","patchsrc\gamedatapc_00_patch.forge",52262,52262,49716,19
"D4BA7554117440E91172F98D0D1F5A9856FE45F7","patchsrc\gamedatapc_01_patch.forge",112701,112701,85575,19
"D4BA7554117440E91172F98D0D1F5A9856FE45F7","patchsrc\manifest.in",696,696,325,19
