"8000","775F141AEA3FEE068167BEB51252DDC7C81177AE","0000-00-00",270,18571544556,1391675372,214265037,3
"775F141AEA3FEE068167BEB51252DDC7C81177AE","TheDivision.exe",422392,422392,245372,0
"775F141AEA3FEE068167BEB51252DDC7C81177AE","Engine\Binaries\ThirdParty\DbgHelp\dbghelp.dll",1868736,1868736,706625,1
"775F141AEA3FEE068167BEB51252DDC7C81177AE","Engine\Binaries\ThirdParty\PhysX3\Win64\VS2015\PxFoundation_x64.dll",69624,69624,31394,1
"775F141AEA3FEE068167BEB51252DDC7C81177AE","Engine\Binaries\ThirdParty\PhysX3\Win64\VS2015\PxPvdSDK_x64.dll",203256,203256,72920,1
"775F141AEA3FEE068167BEB51252DDC7C81177AE","Engine\Binaries\ThirdParty\PhysX3\Win64\VS2015\PhysX3_x64.dll",2124792,2124792,727436,1
"775F141AEA3FEE068167BEB51252DDC7C81177AE","Engine\Binaries\ThirdParty\PhysX3\Win64\VS2015\PhysX3Cooking_x64.dll",259064,259064,117368,1
"775F141AEA3FEE068167BEB51252DDC7C81177AE","Engine\Binaries\ThirdParty\PhysX3\Win64\VS2015\PhysX3Common_x64.dll",1613304,1613304,549536,1
"775F141AEA3FEE068167BEB51252DDC7C81177AE","Engine\Binaries\ThirdParty\PhysX3\Win64\VS2015\APEX_Clothing_x64.dll",1227768,1227768,440663,1
"775F141AEA3FEE068167BEB51252DDC7C81177AE","Engine\Binaries\ThirdParty\PhysX3\Win64\VS2015\APEX_Legacy_x64.dll",3323384,3323384,555804,1
"775F141AEA3FEE068167BEB51252DDC7C81177AE","Engine\Binaries\ThirdParty\PhysX3\Win64\VS2015\ApexFramework_x64.dll",1052664,1052664,338716,1
"775F141AEA3FEE068167BEB51252DDC7C81177AE","Engine\Binaries\ThirdParty\PhysX3\Win64\VS2015\NvCloth_x64.dll",280568,280568,118468,1
"775F141AEA3FEE068167BEB51252DDC7C81177AE","Engine\Binaries\ThirdParty\NVIDIA\NVaftermath\Win64\GFSDK_Aftermath_Lib.x64.dll",132600,132600,63065,1
"775F141AEA3FEE068167BEB51252DDC7C81177AE","Engine\Binaries\ThirdParty\Ogg\Win64\VS2015\libogg_64.dll",63992,63992,21775,1
"775F141AEA3FEE068167BEB51252DDC7C81177AE","Engine\Binaries\ThirdParty\Vorbis\Win64\VS2015\libvorbis_64.dll",1729016,1729016,199340,1
"775F141AEA3FEE068167BEB51252DDC7C81177AE","Engine\Binaries\ThirdParty\Vorbis\Win64\VS2015\libvorbisfile_64.dll",52728,52728,27185,1
"775F141AEA3FEE068167BEB51252DDC7C81177AE","Engine\Binaries\ThirdParty\Windows\XAudio2_9\x64\xaudio2_9redist.dll",847440,847440,387895,1
"775F141AEA3FEE068167BEB51252DDC7C81177AE","Engine\Extras\Redist\en-us\UE4PrereqSetup_x64.exe",41033784,41033784,38971096,2
"775F141AEA3FEE068167BEB51252DDC7C81177AE","TheDivision\Binaries\Win64\locales\am.pak",334344,334344,78882,3
"775F141AEA3FEE068167BEB51252DDC7C81177AE","TheDivision\Binaries\Win64\locales\am.pak.info",463171,463171,47705,3
"775F141AEA3FEE068167BEB51252DDC7C81177AE","TheDivision\Binaries\Win64\locales\ar.pak",335514,335514,77565,3
"775F141AEA3FEE068167BEB51252DDC7C81177AE","TheDivision\Binaries\Win64\locales\ar.pak.info",463171,463171,47705,3
"775F141AEA3FEE068167BEB51252DDC7C81177AE","TheDivision\Binaries\Win64\locales\bg.pak",382400,382400,78455,3
"775F141AEA3FEE068167BEB51252DDC7C81177AE","TheDivision\Binaries\Win64\locales\bg.pak.info",463171,463171,47705,3
"775F141AEA3FEE068167BEB51252DDC7C81177AE","TheDivision\Binaries\Win64\locales\bn.pak",491323,491323,80454,3
"775F141AEA3FEE068167BEB51252DDC7C81177AE","TheDivision\Binaries\Win64\locales\bn.pak.info",463171,463171,47705,3
"775F141AEA3FEE068167BEB51252DDC7C81177AE","TheDivision\Binaries\Win64\locales\ca.pak",238400,238400,73369,3
"775F141AEA3FEE068167BEB51252DDC7C81177AE","TheDivision\Binaries\Win64\locales\ca.pak.info",463171,463171,47705,3
"775F141AEA3FEE068167BEB51252DDC7C81177AE","TheDivision\Binaries\Win64\locales\cs.pak",241893,241893,78042,3
"775F141AEA3FEE068167BEB51252DDC7C81177AE","TheDivision\Binaries\Win64\locales\cs.pak.info",463171,463171,47705,3
"775F141AEA3FEE068167BEB51252DDC7C81177AE","TheDivision\Binaries\Win64\locales\da.pak",217448,217448,71561,3
"775F141AEA3FEE068167BEB51252DDC7C81177AE","TheDivision\Binaries\Win64\locales\da.pak.info",463171,463171,47705,3
"775F141AEA3FEE068167BEB51252DDC7C81177AE","TheDivision\Binaries\Win64\locales\de.pak",237453,237453,74661,3
"775F141AEA3FEE068167BEB51252DDC7C81177AE","TheDivision\Binaries\Win64\locales\de.pak.info",463171,463171,47705,3
"775F141AEA3FEE068167BEB51252DDC7C81177AE","TheDivision\Binaries\Win64\locales\el.pak",420291,420291,82201,3
"775F141AEA3FEE068167BEB51252DDC7C81177AE","TheDivision\Binaries\Win64\locales\el.pak.info",463171,463171,47705,3
"775F141AEA3FEE068167BEB51252DDC7C81177AE","TheDivision\Binaries\Win64\locales\en-GB.pak",195553,195553,67949,3
"775F141AEA3FEE068167BEB51252DDC7C81177AE","TheDivision\Binaries\Win64\locales\en-GB.pak.info",463171,463171,47705,3
"775F141AEA3FEE068167BEB51252DDC7C81177AE","TheDivision\Binaries\Win64\locales\en-US.pak",289918,289918,95419,3
"775F141AEA3FEE068167BEB51252DDC7C81177AE","TheDivision\Binaries\Win64\locales\en-US.pak.info",463171,463171,47705,3
"775F141AEA3FEE068167BEB51252DDC7C81177AE","TheDivision\Binaries\Win64\locales\es-419.pak",234675,234675,73392,3
"775F141AEA3FEE068167BEB51252DDC7C81177AE","TheDivision\Binaries\Win64\locales\es-419.pak.info",463171,463171,47705,3
"775F141AEA3FEE068167BEB51252DDC7C81177AE","TheDivision\Binaries\Win64\locales\es.pak",238029,238029,72596,3
"775F141AEA3FEE068167BEB51252DDC7C81177AE","TheDivision\Binaries\Win64\locales\es.pak.info",463171,463171,47705,3
"775F141AEA3FEE068167BEB51252DDC7C81177AE","TheDivision\Binaries\Win64\locales\et.pak",212465,212465,73079,3
"775F141AEA3FEE068167BEB51252DDC7C81177AE","TheDivision\Binaries\Win64\locales\et.pak.info",463171,463171,47705,3
"775F141AEA3FEE068167BEB51252DDC7C81177AE","TheDivision\Binaries\Win64\locales\fa.pak",336963,336963,75975,3
"775F141AEA3FEE068167BEB51252DDC7C81177AE","TheDivision\Binaries\Win64\locales\fa.pak.info",463171,463171,47705,3
"775F141AEA3FEE068167BEB51252DDC7C81177AE","TheDivision\Binaries\Win64\locales\fi.pak",218888,218888,73063,3
"775F141AEA3FEE068167BEB51252DDC7C81177AE","TheDivision\Binaries\Win64\locales\fi.pak.info",463171,463171,47705,3
"775F141AEA3FEE068167BEB51252DDC7C81177AE","TheDivision\Binaries\Win64\locales\fil.pak",241314,241314,73202,3
"775F141AEA3FEE068167BEB51252DDC7C81177AE","TheDivision\Binaries\Win64\locales\fil.pak.info",463171,463171,47705,3
"775F141AEA3FEE068167BEB51252DDC7C81177AE","TheDivision\Binaries\Win64\locales\fr.pak",254636,254636,75075,3
"775F141AEA3FEE068167BEB51252DDC7C81177AE","TheDivision\Binaries\Win64\locales\fr.pak.info",463171,463171,47705,3
"775F141AEA3FEE068167BEB51252DDC7C81177AE","TheDivision\Binaries\Win64\locales\gu.pak",471623,471623,79999,3
"775F141AEA3FEE068167BEB51252DDC7C81177AE","TheDivision\Binaries\Win64\locales\gu.pak.info",463171,463171,47705,3
"775F141AEA3FEE068167BEB51252DDC7C81177AE","TheDivision\Binaries\Win64\locales\he.pak",286163,286163,74818,3
"775F141AEA3FEE068167BEB51252DDC7C81177AE","TheDivision\Binaries\Win64\locales\he.pak.info",463171,463171,47705,3
"775F141AEA3FEE068167BEB51252DDC7C81177AE","TheDivision\Binaries\Win64\locales\hi.pak",484982,484982,80524,3
"775F141AEA3FEE068167BEB51252DDC7C81177AE","TheDivision\Binaries\Win64\locales\hi.pak.info",463171,463171,47705,3
"775F141AEA3FEE068167BEB51252DDC7C81177AE","TheDivision\Binaries\Win64\locales\hr.pak",229781,229781,75418,3
"775F141AEA3FEE068167BEB51252DDC7C81177AE","TheDivision\Binaries\Win64\locales\hr.pak.info",463171,463171,47705,3
"775F141AEA3FEE068167BEB51252DDC7C81177AE","TheDivision\Binaries\Win64\locales\hu.pak",251095,251095,77888,3
"775F141AEA3FEE068167BEB51252DDC7C81177AE","TheDivision\Binaries\Win64\locales\hu.pak.info",463171,463171,47705,3
"775F141AEA3FEE068167BEB51252DDC7C81177AE","TheDivision\Binaries\Win64\locales\id.pak",210886,210886,68387,3
"775F141AEA3FEE068167BEB51252DDC7C81177AE","TheDivision\Binaries\Win64\locales\id.pak.info",463171,463171,47705,3
"775F141AEA3FEE068167BEB51252DDC7C81177AE","TheDivision\Binaries\Win64\locales\it.pak",230092,230092,72074,3
"775F141AEA3FEE068167BEB51252DDC7C81177AE","TheDivision\Binaries\Win64\locales\it.pak.info",463171,463171,47705,3
"775F141AEA3FEE068167BEB51252DDC7C81177AE","TheDivision\Binaries\Win64\locales\ja.pak",285120,285120,70726,3
"775F141AEA3FEE068167BEB51252DDC7C81177AE","TheDivision\Binaries\Win64\locales\ja.pak.info",463171,463171,47705,3
"775F141AEA3FEE068167BEB51252DDC7C81177AE","TheDivision\Binaries\Win64\locales\kn.pak",549654,549654,80792,3
"775F141AEA3FEE068167BEB51252DDC7C81177AE","TheDivision\Binaries\Win64\locales\kn.pak.info",463171,463171,47705,3
"775F141AEA3FEE068167BEB51252DDC7C81177AE","TheDivision\Binaries\Win64\locales\ko.pak",240318,240318,68504,3
"775F141AEA3FEE068167BEB51252DDC7C81177AE","TheDivision\Binaries\Win64\locales\ko.pak.info",463171,463171,47705,3
"775F141AEA3FEE068167BEB51252DDC7C81177AE","TheDivision\Binaries\Win64\locales\lt.pak",245872,245872,76246,3
"775F141AEA3FEE068167BEB51252DDC7C81177AE","TheDivision\Binaries\Win64\locales\lt.pak.info",463171,463171,47705,3
"775F141AEA3FEE068167BEB51252DDC7C81177AE","TheDivision\Binaries\Win64\locales\lv.pak",244911,244911,76259,3
"775F141AEA3FEE068167BEB51252DDC7C81177AE","TheDivision\Binaries\Win64\locales\lv.pak.info",463171,463171,47705,3
"775F141AEA3FEE068167BEB51252DDC7C81177AE","TheDivision\Binaries\Win64\locales\ml.pak",589260,589260,83809,3
"775F141AEA3FEE068167BEB51252DDC7C81177AE","TheDivision\Binaries\Win64\locales\ml.pak.info",463171,463171,47705,3
"775F141AEA3FEE068167BEB51252DDC7C81177AE","TheDivision\Binaries\Win64\locales\mr.pak",470120,470120,79120,3
"775F141AEA3FEE068167BEB51252DDC7C81177AE","TheDivision\Binaries\Win64\locales\mr.pak.info",463171,463171,47705,3
"775F141AEA3FEE068167BEB51252DDC7C81177AE","TheDivision\Binaries\Win64\locales\ms.pak",218211,218211,68499,3
"775F141AEA3FEE068167BEB51252DDC7C81177AE","TheDivision\Binaries\Win64\locales\ms.pak.info",463171,463171,47705,3
"775F141AEA3FEE068167BEB51252DDC7C81177AE","TheDivision\Binaries\Win64\locales\nb.pak",214620,214620,70933,3
"775F141AEA3FEE068167BEB51252DDC7C81177AE","TheDivision\Binaries\Win64\locales\nb.pak.info",463171,463171,47705,3
"775F141AEA3FEE068167BEB51252DDC7C81177AE","TheDivision\Binaries\Win64\locales\nl.pak",224545,224545,72458,3
"775F141AEA3FEE068167BEB51252DDC7C81177AE","TheDivision\Binaries\Win64\locales\nl.pak.info",463171,463171,47705,3
"775F141AEA3FEE068167BEB51252DDC7C81177AE","TheDivision\Binaries\Win64\locales\pl.pak",238263,238263,77094,3
"775F141AEA3FEE068167BEB51252DDC7C81177AE","TheDivision\Binaries\Win64\locales\pl.pak.info",463171,463171,47705,3
"775F141AEA3FEE068167BEB51252DDC7C81177AE","TheDivision\Binaries\Win64\locales\pt-BR.pak",231071,231071,72753,3
"775F141AEA3FEE068167BEB51252DDC7C81177AE","TheDivision\Binaries\Win64\locales\pt-BR.pak.info",463171,463171,47705,3
"775F141AEA3FEE068167BEB51252DDC7C81177AE","TheDivision\Binaries\Win64\locales\pt-PT.pak",233820,233820,72700,3
"775F141AEA3FEE068167BEB51252DDC7C81177AE","TheDivision\Binaries\Win64\locales\pt-PT.pak.info",463171,463171,47705,3
"775F141AEA3FEE068167BEB51252DDC7C81177AE","TheDivision\Binaries\Win64\locales\ro.pak",239045,239045,74449,3
"775F141AEA3FEE068167BEB51252DDC7C81177AE","TheDivision\Binaries\Win64\locales\ro.pak.info",463171,463171,47705,3
"775F141AEA3FEE068167BEB51252DDC7C81177AE","TheDivision\Binaries\Win64\locales\ru.pak",369448,369448,79685,3
"775F141AEA3FEE068167BEB51252DDC7C81177AE","TheDivision\Binaries\Win64\locales\ru.pak.info",463171,463171,47705,3
"775F141AEA3FEE068167BEB51252DDC7C81177AE","TheDivision\Binaries\Win64\locales\sk.pak",245003,245003,78956,3
"775F141AEA3FEE068167BEB51252DDC7C81177AE","TheDivision\Binaries\Win64\locales\sk.pak.info",463171,463171,47705,3
"775F141AEA3FEE068167BEB51252DDC7C81177AE","TheDivision\Binaries\Win64\locales\sl.pak",230579,230579,74871,3
"775F141AEA3FEE068167BEB51252DDC7C81177AE","TheDivision\Binaries\Win64\locales\sl.pak.info",463171,463171,47705,3
"775F141AEA3FEE068167BEB51252DDC7C81177AE","TheDivision\Binaries\Win64\locales\sr.pak",358400,358400,78372,3
"775F141AEA3FEE068167BEB51252DDC7C81177AE","TheDivision\Binaries\Win64\locales\sr.pak.info",463171,463171,47705,3
"775F141AEA3FEE068167BEB51252DDC7C81177AE","TheDivision\Binaries\Win64\locales\sv.pak",216109,216109,71244,3
"775F141AEA3FEE068167BEB51252DDC7C81177AE","TheDivision\Binaries\Win64\locales\sv.pak.info",463171,463171,47705,3
"775F141AEA3FEE068167BEB51252DDC7C81177AE","TheDivision\Binaries\Win64\locales\sw.pak",221587,221587,71874,3
"775F141AEA3FEE068167BEB51252DDC7C81177AE","TheDivision\Binaries\Win64\locales\sw.pak.info",463171,463171,47705,3
"775F141AEA3FEE068167BEB51252DDC7C81177AE","TheDivision\Binaries\Win64\locales\ta.pak",557671,557671,79209,3
"775F141AEA3FEE068167BEB51252DDC7C81177AE","TheDivision\Binaries\Win64\locales\ta.pak.info",463171,463171,47705,3
"775F141AEA3FEE068167BEB51252DDC7C81177AE","TheDivision\Binaries\Win64\locales\te.pak",529364,529364,80064,3
"775F141AEA3FEE068167BEB51252DDC7C81177AE","TheDivision\Binaries\Win64\locales\te.pak.info",463171,463171,47705,3
"775F141AEA3FEE068167BEB51252DDC7C81177AE","TheDivision\Binaries\Win64\locales\th.pak",449418,449418,72590,3
"775F141AEA3FEE068167BEB51252DDC7C81177AE","TheDivision\Binaries\Win64\locales\th.pak.info",463171,463171,47705,3
"775F141AEA3FEE068167BEB51252DDC7C81177AE","TheDivision\Binaries\Win64\locales\tr.pak",231124,231124,73310,3
"775F141AEA3FEE068167BEB51252DDC7C81177AE","TheDivision\Binaries\Win64\locales\tr.pak.info",463171,463171,47705,3
"775F141AEA3FEE068167BEB51252DDC7C81177AE","TheDivision\Binaries\Win64\locales\uk.pak",374449,374449,79519,3
"775F141AEA3FEE068167BEB51252DDC7C81177AE","TheDivision\Binaries\Win64\locales\uk.pak.info",463171,463171,47705,3
"775F141AEA3FEE068167BEB51252DDC7C81177AE","TheDivision\Binaries\Win64\locales\vi.pak",266384,266384,70983,3
"775F141AEA3FEE068167BEB51252DDC7C81177AE","TheDivision\Binaries\Win64\locales\vi.pak.info",463171,463171,47705,3
"775F141AEA3FEE068167BEB51252DDC7C81177AE","TheDivision\Binaries\Win64\locales\zh-CN.pak",293213,293213,95334,3
"775F141AEA3FEE068167BEB51252DDC7C81177AE","TheDivision\Binaries\Win64\locales\zh-CN.pak.info",463171,463171,47705,3
"775F141AEA3FEE068167BEB51252DDC7C81177AE","TheDivision\Binaries\Win64\locales\zh-TW.pak",199618,199618,68155,3
"775F141AEA3FEE068167BEB51252DDC7C81177AE","TheDivision\Binaries\Win64\locales\zh-TW.pak.info",463171,463171,47705,3
"775F141AEA3FEE068167BEB51252DDC7C81177AE","TheDivision\Binaries\Win64\webview_bitmap\dark\back_64.bmp",16790,16790,310,4
"775F141AEA3FEE068167BEB51252DDC7C81177AE","TheDivision\Binaries\Win64\webview_bitmap\dark\bg_64.bmp",16534,16534,65,4
"775F141AEA3FEE068167BEB51252DDC7C81177AE","TheDivision\Binaries\Win64\webview_bitmap\dark\click_64.bmp",16534,16534,87,4
"775F141AEA3FEE068167BEB51252DDC7C81177AE","TheDivision\Binaries\Win64\webview_bitmap\dark\close_64.bmp",16534,16534,310,4
"775F141AEA3FEE068167BEB51252DDC7C81177AE","TheDivision\Binaries\Win64\webview_bitmap\dark\external_64.bmp",16534,16534,1347,4
"775F141AEA3FEE068167BEB51252DDC7C81177AE","TheDivision\Binaries\Win64\webview_bitmap\dark\font.json",98,98,80,4
"775F141AEA3FEE068167BEB51252DDC7C81177AE","TheDivision\Binaries\Win64\webview_bitmap\dark\forward_64.bmp",16534,16534,323,4
"775F141AEA3FEE068167BEB51252DDC7C81177AE","TheDivision\Binaries\Win64\webview_bitmap\dark\loading_64.bmp",18106,18106,1926,4
"775F141AEA3FEE068167BEB51252DDC7C81177AE","TheDivision\Binaries\Win64\webview_bitmap\dark\over_64.bmp",16534,16534,65,4
"775F141AEA3FEE068167BEB51252DDC7C81177AE","TheDivision\Binaries\Win64\webview_bitmap\dark\reload_64.bmp",16534,16534,1476,4
"775F141AEA3FEE068167BEB51252DDC7C81177AE","TheDivision\Binaries\Win64\webview_bitmap\light\back_64.bmp",16790,16790,310,4
"775F141AEA3FEE068167BEB51252DDC7C81177AE","TheDivision\Binaries\Win64\webview_bitmap\light\bg_64.bmp",16534,16534,65,4
"775F141AEA3FEE068167BEB51252DDC7C81177AE","TheDivision\Binaries\Win64\webview_bitmap\light\click_64.bmp",16534,16534,65,4
"775F141AEA3FEE068167BEB51252DDC7C81177AE","TheDivision\Binaries\Win64\webview_bitmap\light\close_64.bmp",16534,16534,310,4
"775F141AEA3FEE068167BEB51252DDC7C81177AE","TheDivision\Binaries\Win64\webview_bitmap\light\external_64.bmp",16534,16534,1346,4
"775F141AEA3FEE068167BEB51252DDC7C81177AE","TheDivision\Binaries\Win64\webview_bitmap\light\font.json",95,95,84,4
"775F141AEA3FEE068167BEB51252DDC7C81177AE","TheDivision\Binaries\Win64\webview_bitmap\light\forward_64.bmp",16534,16534,323,4
"775F141AEA3FEE068167BEB51252DDC7C81177AE","TheDivision\Binaries\Win64\webview_bitmap\light\loading_64.bmp",18106,18106,1916,4
"775F141AEA3FEE068167BEB51252DDC7C81177AE","TheDivision\Binaries\Win64\webview_bitmap\light\over_64.bmp",16534,16534,87,4
"775F141AEA3FEE068167BEB51252DDC7C81177AE","TheDivision\Binaries\Win64\webview_bitmap\light\reload_64.bmp",16534,16534,1481,4
"775F141AEA3FEE068167BEB51252DDC7C81177AE","TheDivision\Plugins\Wwise\ThirdParty\x64_vc160\Release\bin\AkAudioInput.dll",118264,118264,59303,5
"775F141AEA3FEE068167BEB51252DDC7C81177AE","TheDivision\Plugins\Wwise\ThirdParty\x64_vc160\Release\bin\AkCompressor.dll",121848,121848,61204,5
"775F141AEA3FEE068167BEB51252DDC7C81177AE","TheDivision\Plugins\Wwise\ThirdParty\x64_vc160\Release\bin\AkConvolutionReverb.dll",235512,235512,90835,5
"775F141AEA3FEE068167BEB51252DDC7C81177AE","TheDivision\Plugins\Wwise\ThirdParty\x64_vc160\Release\bin\AkDelay.dll",123384,123384,62411,5
"775F141AEA3FEE068167BEB51252DDC7C81177AE","TheDivision\Plugins\Wwise\ThirdParty\x64_vc160\Release\bin\AkExpander.dll",123896,123896,61557,5
"775F141AEA3FEE068167BEB51252DDC7C81177AE","TheDivision\Plugins\Wwise\ThirdParty\x64_vc160\Release\bin\AkFlanger.dll",144888,144888,72161,5
"775F141AEA3FEE068167BEB51252DDC7C81177AE","TheDivision\Plugins\Wwise\ThirdParty\x64_vc160\Release\bin\AkGain.dll",118264,118264,59338,5
"775F141AEA3FEE068167BEB51252DDC7C81177AE","TheDivision\Plugins\Wwise\ThirdParty\x64_vc160\Release\bin\AkGuitarDistortion.dll",156664,156664,75040,5
"775F141AEA3FEE068167BEB51252DDC7C81177AE","TheDivision\Plugins\Wwise\ThirdParty\x64_vc160\Release\bin\AkHarmonizer.dll",252920,252920,96735,5
"775F141AEA3FEE068167BEB51252DDC7C81177AE","TheDivision\Plugins\Wwise\ThirdParty\x64_vc160\Release\bin\AkMatrixReverb.dll",184312,184312,85315,5
"775F141AEA3FEE068167BEB51252DDC7C81177AE","TheDivision\Plugins\Wwise\ThirdParty\x64_vc160\Release\bin\AkMotion.dll",182776,182776,91026,5
"775F141AEA3FEE068167BEB51252DDC7C81177AE","TheDivision\Plugins\Wwise\ThirdParty\x64_vc160\Release\bin\AkParametricEQ.dll",146424,146424,71219,5
"775F141AEA3FEE068167BEB51252DDC7C81177AE","TheDivision\Plugins\Wwise\ThirdParty\x64_vc160\Release\bin\AkPeakLimiter.dll",125944,125944,63358,5
"775F141AEA3FEE068167BEB51252DDC7C81177AE","TheDivision\Plugins\Wwise\ThirdParty\x64_vc160\Release\bin\AkPitchShifter.dll",152056,152056,73944,5
"775F141AEA3FEE068167BEB51252DDC7C81177AE","TheDivision\Plugins\Wwise\ThirdParty\x64_vc160\Release\bin\AkRecorder.dll",118776,118776,58714,5
"775F141AEA3FEE068167BEB51252DDC7C81177AE","TheDivision\Plugins\Wwise\ThirdParty\x64_vc160\Release\bin\AkReflect.dll",181752,181752,88748,5
"775F141AEA3FEE068167BEB51252DDC7C81177AE","TheDivision\Plugins\Wwise\ThirdParty\x64_vc160\Release\bin\AkRoomVerb.dll",242168,242168,117884,5
"775F141AEA3FEE068167BEB51252DDC7C81177AE","TheDivision\Plugins\Wwise\ThirdParty\x64_vc160\Release\bin\AkSilenceGenerator.dll",109560,109560,54030,5
"775F141AEA3FEE068167BEB51252DDC7C81177AE","TheDivision\Plugins\Wwise\ThirdParty\x64_vc160\Release\bin\AkSineTone.dll",119288,119288,59619,5
"775F141AEA3FEE068167BEB51252DDC7C81177AE","TheDivision\Plugins\Wwise\ThirdParty\x64_vc160\Release\bin\AkSoundEngineDLL.dll",1505784,1505784,668308,5
"775F141AEA3FEE068167BEB51252DDC7C81177AE","TheDivision\Plugins\Wwise\ThirdParty\x64_vc160\Release\bin\AkSoundSeedAir.dll",185848,185848,91122,5
"775F141AEA3FEE068167BEB51252DDC7C81177AE","TheDivision\Plugins\Wwise\ThirdParty\x64_vc160\Release\bin\AkSoundSeedImpact.dll",147960,147960,74349,5
"775F141AEA3FEE068167BEB51252DDC7C81177AE","TheDivision\Plugins\Wwise\ThirdParty\x64_vc160\Release\bin\AkStereoDelay.dll",158200,158200,77251,5
"775F141AEA3FEE068167BEB51252DDC7C81177AE","TheDivision\Plugins\Wwise\ThirdParty\x64_vc160\Release\bin\AkSynthOne.dll",164856,164856,80952,5
"775F141AEA3FEE068167BEB51252DDC7C81177AE","TheDivision\Plugins\Wwise\ThirdParty\x64_vc160\Release\bin\AkTimeStretch.dll",219128,219128,82604,5
"775F141AEA3FEE068167BEB51252DDC7C81177AE","TheDivision\Plugins\Wwise\ThirdParty\x64_vc160\Release\bin\AkToneGen.dll",138744,138744,69771,5
"775F141AEA3FEE068167BEB51252DDC7C81177AE","TheDivision\Plugins\Wwise\ThirdParty\x64_vc160\Release\bin\AkTremolo.dll",143352,143352,70094,5
"775F141AEA3FEE068167BEB51252DDC7C81177AE","TheDivision\Plugins\Wwise\ThirdParty\x64_vc160\Release\bin\Auro.dll",2552824,2552824,321902,5
"775F141AEA3FEE068167BEB51252DDC7C81177AE","TheDivision\Plugins\Wwise\ThirdParty\x64_vc160\Release\bin\iZotope.dll",572408,572408,244496,5
"775F141AEA3FEE068167BEB51252DDC7C81177AE","TheDivision\Plugins\Wwise\ThirdParty\x64_vc160\Release\bin\MasteringSuite.dll",185336,185336,90903,5
"775F141AEA3FEE068167BEB51252DDC7C81177AE","TheDivision\Plugins\Wwise\ThirdParty\x64_vc160\Release\bin\McDSP.dll",299000,299000,144380,5
"775F141AEA3FEE068167BEB51252DDC7C81177AE","TheDivision\Content\Config\MainResVersionConfig.json",0,0,0,6
"775F141AEA3FEE068167BEB51252DDC7C81177AE","TheDivision\Content\Config\OptionalResVersionConfig.json",0,0,0,6
"775F141AEA3FEE068167BEB51252DDC7C81177AE","TheDivision\Content\Config\PufferPakInfo.json",0,0,0,6
"775F141AEA3FEE068167BEB51252DDC7C81177AE","TheDivision\Content\Config\PufferResVersionConfig.json",0,0,0,6
"775F141AEA3FEE068167BEB51252DDC7C81177AE","TheDivision\Content\Config\ResConfig.json",0,0,0,6
"775F141AEA3FEE068167BEB51252DDC7C81177AE","TheDivision\Binaries\Win64\TheDivision-Win64-Shipping.exe",121948152,121948152,93839469,7
"775F141AEA3FEE068167BEB51252DDC7C81177AE","TheDivision\Binaries\Win64\ubiservices.dll",11008504,11008504,9589910,7
"775F141AEA3FEE068167BEB51252DDC7C81177AE","TheDivision\Binaries\Win64\GCloudCore.dll",3424760,3424760,772488,7
"775F141AEA3FEE068167BEB51252DDC7C81177AE","TheDivision\Binaries\Win64\GCloud.dll",14688760,14688760,4702252,7
"775F141AEA3FEE068167BEB51252DDC7C81177AE","TheDivision\Binaries\Win64\cacert.pem",212549,212549,115346,7
"775F141AEA3FEE068167BEB51252DDC7C81177AE","TheDivision\Binaries\Win64\TDataMaster.dll",856576,856576,362442,7
"775F141AEA3FEE068167BEB51252DDC7C81177AE","TheDivision\Binaries\Win64\libcrosCurl.dll",700408,700408,327441,7
"775F141AEA3FEE068167BEB51252DDC7C81177AE","TheDivision\Binaries\Win64\libcrypto-1_1-x64.dll",2875384,2875384,946524,7
"775F141AEA3FEE068167BEB51252DDC7C81177AE","TheDivision\Binaries\Win64\libssl-1_1-x64.dll",700920,700920,221372,7
"775F141AEA3FEE068167BEB51252DDC7C81177AE","TheDivision\Binaries\Win64\PluginCrosCurl.dll",18432,18432,6676,7
"775F141AEA3FEE068167BEB51252DDC7C81177AE","TheDivision\Binaries\Win64\GCloudVoice.dll",7844512,7844512,2931874,7
"775F141AEA3FEE068167BEB51252DDC7C81177AE","TheDivision\Binaries\Win64\config.json",554,554,229,7
"775F141AEA3FEE068167BEB51252DDC7C81177AE","TheDivision\Binaries\Win64\decoder_v4_small.nn",2472220,2472220,2280695,7
"775F141AEA3FEE068167BEB51252DDC7C81177AE","TheDivision\Binaries\Win64\encoder_v4_small.nn",2592572,2592572,2399799,7
"775F141AEA3FEE068167BEB51252DDC7C81177AE","TheDivision\Binaries\Win64\libgvoicensmodel.bin",2312680,2312680,1897996,7
"775F141AEA3FEE068167BEB51252DDC7C81177AE","TheDivision\Binaries\Win64\Gbspy64.dll",3643824,3643824,1507524,7
"775F141AEA3FEE068167BEB51252DDC7C81177AE","TheDivision\Binaries\Win64\GameBabyConfig64.dat",315,315,200,7
"775F141AEA3FEE068167BEB51252DDC7C81177AE","TheDivision\Binaries\Win64\TQM64\dbghelp.dll",1508016,1508016,566141,7
"775F141AEA3FEE068167BEB51252DDC7C81177AE","TheDivision\Binaries\Win64\TQM64\TQMCenter_64.exe",3436976,3436976,1439293,7
"775F141AEA3FEE068167BEB51252DDC7C81177AE","TheDivision\Binaries\Win64\TQM64\GameBabyConfig64.dat",315,315,200,7
"775F141AEA3FEE068167BEB51252DDC7C81177AE","TheDivision\Binaries\Win64\APASConfig.ini",408,408,247,7
"775F141AEA3FEE068167BEB51252DDC7C81177AE","TheDivision\Binaries\Win64\INTLConfig.ini.new",944,944,954,7
"775F141AEA3FEE068167BEB51252DDC7C81177AE","TheDivision\Binaries\Win64\INTLFoundation.dll",2308512,2308512,935498,7
"775F141AEA3FEE068167BEB51252DDC7C81177AE","TheDivision\Binaries\Win64\intl_cacert.pem",212549,212549,115346,7
"775F141AEA3FEE068167BEB51252DDC7C81177AE","TheDivision\Binaries\Win64\INTLResultMsg.Json",1848,1848,762,7
"775F141AEA3FEE068167BEB51252DDC7C81177AE","TheDivision\Binaries\Win64\INTLCore.dll",7726496,7726496,2424370,7
"775F141AEA3FEE068167BEB51252DDC7C81177AE","TheDivision\Binaries\Win64\INTLRuntime.dll",12195744,12195744,4289091,7
"775F141AEA3FEE068167BEB51252DDC7C81177AE","TheDivision\Binaries\Win64\INTLWebView.dll",1985440,1985440,718218,7
"775F141AEA3FEE068167BEB51252DDC7C81177AE","TheDivision\Binaries\Win64\INTLWebViewHelper.exe",154016,154016,69855,7
"775F141AEA3FEE068167BEB51252DDC7C81177AE","TheDivision\Binaries\Win64\chrome_elf.dll",1165216,1165216,436663,7
"775F141AEA3FEE068167BEB51252DDC7C81177AE","TheDivision\Binaries\Win64\d3dcompiler_47.dll",4526496,4526496,1652562,7
"775F141AEA3FEE068167BEB51252DDC7C81177AE","TheDivision\Binaries\Win64\libGLESv2.dll",6691232,6691232,2252830,7
"775F141AEA3FEE068167BEB51252DDC7C81177AE","TheDivision\Binaries\Win64\libEGL.dll",418208,418208,174951,7
"775F141AEA3FEE068167BEB51252DDC7C81177AE","TheDivision\Binaries\Win64\vulkan-1.dll",697248,697248,268380,7
"775F141AEA3FEE068167BEB51252DDC7C81177AE","TheDivision\Binaries\Win64\vk_swiftshader.dll",3810208,3810208,1275777,7
"775F141AEA3FEE068167BEB51252DDC7C81177AE","TheDivision\Binaries\Win64\vk_swiftshader_icd.json",106,106,99,7
"775F141AEA3FEE068167BEB51252DDC7C81177AE","TheDivision\Binaries\Win64\qbcore.dll",161651104,161651104,58558988,7
"775F141AEA3FEE068167BEB51252DDC7C81177AE","TheDivision\Binaries\Win64\resources.pak",7704556,7704556,7582221,7
"775F141AEA3FEE068167BEB51252DDC7C81177AE","TheDivision\Binaries\Win64\chrome_100_percent.pak",628996,628996,598662,7
"775F141AEA3FEE068167BEB51252DDC7C81177AE","TheDivision\Binaries\Win64\chrome_200_percent.pak",941195,941195,897103,7
"775F141AEA3FEE068167BEB51252DDC7C81177AE","TheDivision\Binaries\Win64\icudtl.dat",10215904,10215904,3925597,7
"775F141AEA3FEE068167BEB51252DDC7C81177AE","TheDivision\Binaries\Win64\snapshot_blob.bin",49262,49262,48652,7
"775F141AEA3FEE068167BEB51252DDC7C81177AE","TheDivision\Binaries\Win64\v8_context_snapshot.bin",164303,164303,160748,7
"775F141AEA3FEE068167BEB51252DDC7C81177AE","TheDivision\Binaries\Win64\devtools_resources.pak",6306942,6306942,1143035,7
"775F141AEA3FEE068167BEB51252DDC7C81177AE","TheDivision\Binaries\Win64\upc_r2_loader64.dll",151736,151736,71329,7
"775F141AEA3FEE068167BEB51252DDC7C81177AE","TheDivision\Binaries\Win64\libSDOC.qti.dll",187384,187384,74228,7
"775F141AEA3FEE068167BEB51252DDC7C81177AE","TheDivision\Binaries\Win64\turbojpeg.dll",740856,740856,202946,7
"775F141AEA3FEE068167BEB51252DDC7C81177AE","TheDivision\Content\Splash\Splash.bmp",693054,693054,372342,7
"775F141AEA3FEE068167BEB51252DDC7C81177AE","TheDivision\Content\Paks\pakchunk0-WindowsNoEditor.pak",1565238326,1565238326,1477722476,8
"775F141AEA3FEE068167BEB51252DDC7C81177AE","TheDivision\Content\Paks\pakchunk0-WindowsNoEditor.sig",96064,96064,96076,8
"775F141AEA3FEE068167BEB51252DDC7C81177AE","TheDivision\Content\Paks\pakchunk10-WindowsNoEditor.pak",4587772392,292805096,146068349,8
"775F141AEA3FEE068167BEB51252DDC7C81177AE","TheDivision\Content\Paks\pakchunk10-WindowsNoEditor.sig",280544,280544,280562,8
"775F141AEA3FEE068167BEB51252DDC7C81177AE","TheDivision\Content\Paks\pakchunk14-WindowsNoEditor.pak",984740787,984740787,938623969,8
"775F141AEA3FEE068167BEB51252DDC7C81177AE","TheDivision\Content\Paks\pakchunk14-WindowsNoEditor.sig",60632,60632,60642,8
"775F141AEA3FEE068167BEB51252DDC7C81177AE","TheDivision\Content\Paks\pakchunk20-WindowsNoEditor.pak",3226948295,3226948295,3014922720,8
"775F141AEA3FEE068167BEB51252DDC7C81177AE","TheDivision\Content\Paks\pakchunk20-WindowsNoEditor.sig",197488,197488,197503,8
"775F141AEA3FEE068167BEB51252DDC7C81177AE","TheDivision\Content\Paks\pakchunk24-WindowsNoEditor.pak",3913356213,3913356213,3707692082,8
"775F141AEA3FEE068167BEB51252DDC7C81177AE","TheDivision\Content\Paks\pakchunk24-WindowsNoEditor.sig",239384,239384,239399,8
"775F141AEA3FEE068167BEB51252DDC7C81177AE","TheDivision\Content\Paks\pakchunk5-WindowsNoEditor.pak",27631723,27631723,22163014,8
"775F141AEA3FEE068167BEB51252DDC7C81177AE","TheDivision\Content\Paks\pakchunk5-WindowsNoEditor.sig",2216,2216,2226,8
"775F141AEA3FEE068167BEB51252DDC7C81177AE","TheDivision\Content\Paks\pakchunk100-WindowsNoEditor.pak",66432267,66432267,63767142,9
"775F141AEA3FEE068167BEB51252DDC7C81177AE","TheDivision\Content\Paks\pakchunk100-WindowsNoEditor.sig",4584,4584,4594,9
"775F141AEA3FEE068167BEB51252DDC7C81177AE","TheDivision\Content\Paks\pakchunk104-WindowsNoEditor.pak",54712197,54712197,52865269,9
"775F141AEA3FEE068167BEB51252DDC7C81177AE","TheDivision\Content\Paks\pakchunk104-WindowsNoEditor.sig",3868,3868,3878,9
"775F141AEA3FEE068167BEB51252DDC7C81177AE","TheDivision\Content\Paks\pakchunk108-WindowsNoEditor.pak",169877320,169877320,160633793,9
"775F141AEA3FEE068167BEB51252DDC7C81177AE","TheDivision\Content\Paks\pakchunk108-WindowsNoEditor.sig",10900,10900,10910,9
"775F141AEA3FEE068167BEB51252DDC7C81177AE","TheDivision\Content\Paks\pakchunk112-WindowsNoEditor.pak",1002625688,1002625688,934737460,9
"775F141AEA3FEE068167BEB51252DDC7C81177AE","TheDivision\Content\Paks\pakchunk112-WindowsNoEditor.sig",61724,61724,61734,9
"775F141AEA3FEE068167BEB51252DDC7C81177AE","TheDivision\Content\Paks\pakchunk116-WindowsNoEditor.pak",56006484,56006484,52970400,9
"775F141AEA3FEE068167BEB51252DDC7C81177AE","TheDivision\Content\Paks\pakchunk116-WindowsNoEditor.sig",3948,3948,3958,9
"775F141AEA3FEE068167BEB51252DDC7C81177AE","TheDivision\Content\Paks\pakchunk120-WindowsNoEditor.pak",451226702,451226702,430432482,9
"775F141AEA3FEE068167BEB51252DDC7C81177AE","TheDivision\Content\Paks\pakchunk120-WindowsNoEditor.sig",28072,28072,27454,9
"775F141AEA3FEE068167BEB51252DDC7C81177AE","TheDivision\Content\Paks\pakchunk9000-WindowsNoEditor.pak",51693660,51693660,51142890,10
"775F141AEA3FEE068167BEB51252DDC7C81177AE","TheDivision\Content\Paks\pakchunk9000-WindowsNoEditor.sig",3684,3684,3694,10
"775F141AEA3FEE068167BEB51252DDC7C81177AE","TheDivision\Content\Paks\pakchunk9001-WindowsNoEditor.pak",42656982,42656982,42184978,10
"775F141AEA3FEE068167BEB51252DDC7C81177AE","TheDivision\Content\Paks\pakchunk9001-WindowsNoEditor.sig",3132,3132,3142,10
"775F141AEA3FEE068167BEB51252DDC7C81177AE","TheDivision\Content\Paks\pakchunk9002-WindowsNoEditor.pak",851389751,851389751,834410741,10
"775F141AEA3FEE068167BEB51252DDC7C81177AE","TheDivision\Content\Paks\pakchunk9002-WindowsNoEditor.sig",52496,52496,52506,10
"775F141AEA3FEE068167BEB51252DDC7C81177AE","TheDivision\Content\Paks\pakchunk9003-WindowsNoEditor.pak",870231727,870231727,859799500,10
"775F141AEA3FEE068167BEB51252DDC7C81177AE","TheDivision\Content\Paks\pakchunk9003-WindowsNoEditor.sig",53644,53644,53654,10
"775F141AEA3FEE068167BEB51252DDC7C81177AE","TheDivision\Binaries\Win64\AntiCheatExpert\ACE-Base.dat",71332,71332,71344,11
"775F141AEA3FEE068167BEB51252DDC7C81177AE","TheDivision\Binaries\Win64\AntiCheatExpert\ACE-BASE.sys",4125432,4125432,1567799,11
"775F141AEA3FEE068167BEB51252DDC7C81177AE","TheDivision\Binaries\Win64\AntiCheatExpert\ACE-Base64.dll",70591888,70591888,25394093,11
"775F141AEA3FEE068167BEB51252DDC7C81177AE","TheDivision\Binaries\Win64\AntiCheatExpert\ACE-CORE.sys",3885704,3885704,1500742,11
"775F141AEA3FEE068167BEB51252DDC7C81177AE","TheDivision\Binaries\Win64\AntiCheatExpert\ACE-CORE.sys2",3235392,3235392,1270655,11
"775F141AEA3FEE068167BEB51252DDC7C81177AE","TheDivision\Binaries\Win64\AntiCheatExpert\ACE-CORE.sysa",1704168,1704168,703506,11
"775F141AEA3FEE068167BEB51252DDC7C81177AE","TheDivision\Binaries\Win64\AntiCheatExpert\ACE-CORE.sysa2",1596640,1596640,687897,11
"775F141AEA3FEE068167BEB51252DDC7C81177AE","TheDivision\Binaries\Win64\AntiCheatExpert\ACE-IDS64.dll",4617616,4617616,1338990,11
"775F141AEA3FEE068167BEB51252DDC7C81177AE","TheDivision\Binaries\Win64\AntiCheatExpert\ACE-Service64.exe",3251080,3251080,1339012,11
"775F141AEA3FEE068167BEB51252DDC7C81177AE","TheDivision\Binaries\Win64\AntiCheatExpert\ACE-Setup64.exe",899984,899984,235976,11
"775F141AEA3FEE068167BEB51252DDC7C81177AE","TheDivision\Binaries\Win64\TheDivision-Win64-ShippingBase.dll",35905936,35905936,8102261,12
