"8005","FFD7C54EC5B289D492D36E0F56302E6906082871","0000-00-00",480,1169056920,1169056920,828133377,3
"FFD7C54EC5B289D492D36E0F56302E6906082871",".\baselib.dll",419560,419560,190307,0
"FFD7C54EC5B289D492D36E0F56302E6906082871",".\GameAssembly.dll",109993704,109993704,27845217,0
"FFD7C54EC5B289D492D36E0F56302E6906082871",".\The Rogue Prince of Persia.exe",677096,677096,138691,0
"FFD7C54EC5B289D492D36E0F56302E6906082871",".\UnityCrashHandler64.exe",1185008,1185008,402455,0
"FFD7C54EC5B289D492D36E0F56302E6906082871",".\UnityPlayer.dll",31005936,31005936,11108507,0
"FFD7C54EC5B289D492D36E0F56302E6906082871",".\Support\VC_redist_2015-22\VC_redist.x64.exe",25642048,25642048,24518684,0
"FFD7C54EC5B289D492D36E0F56302E6906082871",".\Support\VC_redist_2015-22\VC_redist.x86.exe",13949696,13949696,12830506,0
"FFD7C54EC5B289D492D36E0F56302E6906082871",".\The Rogue Prince of Persia_Data\app.info",37,37,46,0
"FFD7C54EC5B289D492D36E0F56302E6906082871",".\The Rogue Prince of Persia_Data\boot.config",151,151,118,0
"FFD7C54EC5B289D492D36E0F56302E6906082871",".\The Rogue Prince of Persia_Data\globalgamemanagers",422460,422460,198078,0
"FFD7C54EC5B289D492D36E0F56302E6906082871",".\The Rogue Prince of Persia_Data\globalgamemanagers.assets",1843584,1843584,352285,0
"FFD7C54EC5B289D492D36E0F56302E6906082871",".\The Rogue Prince of Persia_Data\globalgamemanagers.assets.resS",4410896,4410896,1744186,0
"FFD7C54EC5B289D492D36E0F56302E6906082871",".\The Rogue Prince of Persia_Data\level0",8816,8816,2402,0
"FFD7C54EC5B289D492D36E0F56302E6906082871",".\The Rogue Prince of Persia_Data\resources.assets",4303596,4303596,1150150,0
"FFD7C54EC5B289D492D36E0F56302E6906082871",".\The Rogue Prince of Persia_Data\resources.assets.resS",34000720,34000720,8434996,0
"FFD7C54EC5B289D492D36E0F56302E6906082871",".\The Rogue Prince of Persia_Data\RuntimeInitializeOnLoads.json",7945,7945,1238,0
"FFD7C54EC5B289D492D36E0F56302E6906082871",".\The Rogue Prince of Persia_Data\ScriptingAssemblies.json",6761,6761,1665,0
"FFD7C54EC5B289D492D36E0F56302E6906082871",".\The Rogue Prince of Persia_Data\sharedassets0.assets",67676,67676,26525,0
"FFD7C54EC5B289D492D36E0F56302E6906082871",".\The Rogue Prince of Persia_Data\sharedassets0.assets.resS",1048576,1048576,45456,0
"FFD7C54EC5B289D492D36E0F56302E6906082871",".\The Rogue Prince of Persia_Data\il2cpp_data\Metadata\global-metadata.dat",24161516,24161516,4698802,0
"FFD7C54EC5B289D492D36E0F56302E6906082871",".\The Rogue Prince of Persia_Data\il2cpp_data\Resources\mscorlib.dll-resources.dat",337563,337563,123146,0
"FFD7C54EC5B289D492D36E0F56302E6906082871",".\The Rogue Prince of Persia_Data\il2cpp_data\Resources\Newtonsoft.Json.dll-resources.dat",900,900,335,0
"FFD7C54EC5B289D492D36E0F56302E6906082871",".\The Rogue Prince of Persia_Data\il2cpp_data\Resources\System.Data.dll-resources.dat",93718,93718,7291,0
"FFD7C54EC5B289D492D36E0F56302E6906082871",".\The Rogue Prince of Persia_Data\il2cpp_data\Resources\System.Drawing.dll-resources.dat",25453,25453,9441,0
"FFD7C54EC5B289D492D36E0F56302E6906082871",".\The Rogue Prince of Persia_Data\il2cpp_data\Resources\Yarn.System.Buffers.dll-resources.dat",394,394,296,0
"FFD7C54EC5B289D492D36E0F56302E6906082871",".\The Rogue Prince of Persia_Data\il2cpp_data\Resources\Yarn.System.Memory.dll-resources.dat",1811,1811,995,0
"FFD7C54EC5B289D492D36E0F56302E6906082871",".\The Rogue Prince of Persia_Data\il2cpp_data\Resources\Yarn.System.Numerics.Vectors.dll-resources.dat",856,856,557,0
"FFD7C54EC5B289D492D36E0F56302E6906082871",".\The Rogue Prince of Persia_Data\Plugins\x86_64\brotlicommon.dll",147688,147688,70240,0
"FFD7C54EC5B289D492D36E0F56302E6906082871",".\The Rogue Prince of Persia_Data\Plugins\x86_64\brotlidec.dll",57576,57576,28484,0
"FFD7C54EC5B289D492D36E0F56302E6906082871",".\The Rogue Prince of Persia_Data\Plugins\x86_64\bz2.dll",85224,85224,40407,0
"FFD7C54EC5B289D492D36E0F56302E6906082871",".\The Rogue Prince of Persia_Data\Plugins\x86_64\discord_game_sdk.dll",3885808,3885808,1273742,0
"FFD7C54EC5B289D492D36E0F56302E6906082871",".\The Rogue Prince of Persia_Data\Plugins\x86_64\fmodstudio.dll",3167984,3167984,1141370,0
"FFD7C54EC5B289D492D36E0F56302E6906082871",".\The Rogue Prince of Persia_Data\Plugins\x86_64\freetype.dll",667888,667888,334722,0
"FFD7C54EC5B289D492D36E0F56302E6906082871",".\The Rogue Prince of Persia_Data\Plugins\x86_64\libpng16.dll",205552,205552,101794,0
"FFD7C54EC5B289D492D36E0F56302E6906082871",".\The Rogue Prince of Persia_Data\Plugins\x86_64\lib_burst_generated.dll",1152232,1152232,416539,0
"FFD7C54EC5B289D492D36E0F56302E6906082871",".\The Rogue Prince of Persia_Data\Plugins\x86_64\resonanceaudio.dll",827112,827112,367651,0
"FFD7C54EC5B289D492D36E0F56302E6906082871",".\The Rogue Prince of Persia_Data\Plugins\x86_64\ubiservices.dll",15256296,15256296,12658158,0
"FFD7C54EC5B289D492D36E0F56302E6906082871",".\The Rogue Prince of Persia_Data\Plugins\x86_64\upc_r2_loader64.dll",146672,146672,69571,0
"FFD7C54EC5B289D492D36E0F56302E6906082871",".\The Rogue Prince of Persia_Data\Plugins\x86_64\uplay_aux_r1_loader64.dll",144616,144616,69215,0
"FFD7C54EC5B289D492D36E0F56302E6906082871",".\The Rogue Prince of Persia_Data\Plugins\x86_64\zlib1.dll",97000,97000,52178,0
"FFD7C54EC5B289D492D36E0F56302E6906082871",".\The Rogue Prince of Persia_Data\Resources\unity default resources",1564240,1564240,222964,0
"FFD7C54EC5B289D492D36E0F56302E6906082871",".\The Rogue Prince of Persia_Data\Resources\unity_builtin_extra",457432,457432,72690,0
"FFD7C54EC5B289D492D36E0F56302E6906082871",".\The Rogue Prince of Persia_Data\StreamingAssets\Alarm.bank",296928,296928,285334,0
"FFD7C54EC5B289D492D36E0F56302E6906082871",".\The Rogue Prince of Persia_Data\StreamingAssets\Altan.bank",1259552,1259552,1208382,0
"FFD7C54EC5B289D492D36E0F56302E6906082871",".\The Rogue Prince of Persia_Data\StreamingAssets\AltanTool.bank",75392,75392,70462,0
"FFD7C54EC5B289D492D36E0F56302E6906082871",".\The Rogue Prince of Persia_Data\StreamingAssets\Archer.bank",108896,108896,100852,0
"FFD7C54EC5B289D492D36E0F56302E6906082871",".\The Rogue Prince of Persia_Data\StreamingAssets\Assassin.bank",97152,97152,91833,0
"FFD7C54EC5B289D492D36E0F56302E6906082871",".\The Rogue Prince of Persia_Data\StreamingAssets\Baatar.bank",2847264,2847264,2757169,0
"FFD7C54EC5B289D492D36E0F56302E6906082871",".\The Rogue Prince of Persia_Data\StreamingAssets\BaatarHorns.bank",319616,319616,290912,0
"FFD7C54EC5B289D492D36E0F56302E6906082871",".\The Rogue Prince of Persia_Data\StreamingAssets\BaghNakh.bank",154016,154016,134399,0
"FFD7C54EC5B289D492D36E0F56302E6906082871",".\The Rogue Prince of Persia_Data\StreamingAssets\BareHands.bank",70784,70784,60664,0
"FFD7C54EC5B289D492D36E0F56302E6906082871",".\The Rogue Prince of Persia_Data\StreamingAssets\BattleAxe.bank",273440,273440,257638,0
"FFD7C54EC5B289D492D36E0F56302E6906082871",".\The Rogue Prince of Persia_Data\StreamingAssets\Berude.bank",1158432,1158432,1087653,0
"FFD7C54EC5B289D492D36E0F56302E6906082871",".\The Rogue Prince of Persia_Data\StreamingAssets\BerudeGauntlet.bank",152032,152032,143286,0
"FFD7C54EC5B289D492D36E0F56302E6906082871",".\The Rogue Prince of Persia_Data\StreamingAssets\Blowgun.bank",18368,18368,16662,0
"FFD7C54EC5B289D492D36E0F56302E6906082871",".\The Rogue Prince of Persia_Data\StreamingAssets\Bomber.bank",134368,134368,125168,0
"FFD7C54EC5B289D492D36E0F56302E6906082871",".\The Rogue Prince of Persia_Data\StreamingAssets\Bootstrap.bank",62939232,62939232,61422602,0
"FFD7C54EC5B289D492D36E0F56302E6906082871",".\The Rogue Prince of Persia_Data\StreamingAssets\Bow.bank",150560,150560,130429,0
"FFD7C54EC5B289D492D36E0F56302E6906082871",".\The Rogue Prince of Persia_Data\StreamingAssets\Broadsword.bank",416480,416480,368829,0
"FFD7C54EC5B289D492D36E0F56302E6906082871",".\The Rogue Prince of Persia_Data\StreamingAssets\Censer.bank",223776,223776,200322,0
"FFD7C54EC5B289D492D36E0F56302E6906082871",".\The Rogue Prince of Persia_Data\StreamingAssets\Cests.bank",239168,239168,220655,0
"FFD7C54EC5B289D492D36E0F56302E6906082871",".\The Rogue Prince of Persia_Data\StreamingAssets\Chakram.bank",58240,58240,53492,0
"FFD7C54EC5B289D492D36E0F56302E6906082871",".\The Rogue Prince of Persia_Data\StreamingAssets\CorruptedNogai.bank",254752,254752,217405,0
"FFD7C54EC5B289D492D36E0F56302E6906082871",".\The Rogue Prince of Persia_Data\StreamingAssets\CorruptedOrbs.bank",69056,69056,65962,0
"FFD7C54EC5B289D492D36E0F56302E6906082871",".\The Rogue Prince of Persia_Data\StreamingAssets\CorruptedSword.bank",388928,388928,343054,0
"FFD7C54EC5B289D492D36E0F56302E6906082871",".\The Rogue Prince of Persia_Data\StreamingAssets\Crossbow.bank",142400,142400,132852,0
"FFD7C54EC5B289D492D36E0F56302E6906082871",".\The Rogue Prince of Persia_Data\StreamingAssets\DaggerHarpoon.bank",243264,243264,218306,0
"FFD7C54EC5B289D492D36E0F56302E6906082871",".\The Rogue Prince of Persia_Data\StreamingAssets\Digger.bank",140800,140800,124089,0
"FFD7C54EC5B289D492D36E0F56302E6906082871",".\The Rogue Prince of Persia_Data\StreamingAssets\DoubleDagger.bank",201664,201664,174941,0
"FFD7C54EC5B289D492D36E0F56302E6906082871",".\The Rogue Prince of Persia_Data\StreamingAssets\DualAxes.bank",270848,270848,242951,0
"FFD7C54EC5B289D492D36E0F56302E6906082871",".\The Rogue Prince of Persia_Data\StreamingAssets\FireVial.bank",27840,27840,26617,0
"FFD7C54EC5B289D492D36E0F56302E6906082871",".\The Rogue Prince of Persia_Data\StreamingAssets\HammerKnife.bank",352480,352480,316293,0
"FFD7C54EC5B289D492D36E0F56302E6906082871",".\The Rogue Prince of Persia_Data\StreamingAssets\HandedAxe.bank",151232,151232,134938,0
"FFD7C54EC5B289D492D36E0F56302E6906082871",".\The Rogue Prince of Persia_Data\StreamingAssets\Hook.bank",133856,133856,119231,0
"FFD7C54EC5B289D492D36E0F56302E6906082871",".\The Rogue Prince of Persia_Data\StreamingAssets\Hornet.bank",88032,88032,83166,0
"FFD7C54EC5B289D492D36E0F56302E6906082871",".\The Rogue Prince of Persia_Data\StreamingAssets\Inquisitor.bank",148000,148000,141331,0
"FFD7C54EC5B289D492D36E0F56302E6906082871",".\The Rogue Prince of Persia_Data\StreamingAssets\Invocator.bank",199872,199872,181819,0
"FFD7C54EC5B289D492D36E0F56302E6906082871",".\The Rogue Prince of Persia_Data\StreamingAssets\Javelin.bank",240160,240160,210309,0
"FFD7C54EC5B289D492D36E0F56302E6906082871",".\The Rogue Prince of Persia_Data\StreamingAssets\Kaali.bank",1585312,1585312,1546632,0
"FFD7C54EC5B289D492D36E0F56302E6906082871",".\The Rogue Prince of Persia_Data\StreamingAssets\KaaliWeapon.bank",258400,258400,233834,0
"FFD7C54EC5B289D492D36E0F56302E6906082871",".\The Rogue Prince of Persia_Data\StreamingAssets\Kamikaze.bank",215008,215008,202723,0
"FFD7C54EC5B289D492D36E0F56302E6906082871",".\The Rogue Prince of Persia_Data\StreamingAssets\KnifeThrower.bank",141120,141120,129897,0
"FFD7C54EC5B289D492D36E0F56302E6906082871",".\The Rogue Prince of Persia_Data\StreamingAssets\Lancer.bank",60000,60000,56064,0
"FFD7C54EC5B289D492D36E0F56302E6906082871",".\The Rogue Prince of Persia_Data\StreamingAssets\Lizard.bank",95648,95648,89460,0
"FFD7C54EC5B289D492D36E0F56302E6906082871",".\The Rogue Prince of Persia_Data\StreamingAssets\LongSword.bank",246144,246144,221004,0
"FFD7C54EC5B289D492D36E0F56302E6906082871",".\The Rogue Prince of Persia_Data\StreamingAssets\Mace.bank",139104,139104,119309,0
"FFD7C54EC5B289D492D36E0F56302E6906082871",".\The Rogue Prince of Persia_Data\StreamingAssets\Master.bank",555712,555712,441936,0
"FFD7C54EC5B289D492D36E0F56302E6906082871",".\The Rogue Prince of Persia_Data\StreamingAssets\Master.strings.bank",55760,55760,38774,0
"FFD7C54EC5B289D492D36E0F56302E6906082871",".\The Rogue Prince of Persia_Data\StreamingAssets\MonkStaff.bank",252672,252672,228455,0
"FFD7C54EC5B289D492D36E0F56302E6906082871",".\The Rogue Prince of Persia_Data\StreamingAssets\Music.bank",80154400,80154400,79682612,0
"FFD7C54EC5B289D492D36E0F56302E6906082871",".\The Rogue Prince of Persia_Data\StreamingAssets\NarrowStomper.bank",186368,186368,148361,0
"FFD7C54EC5B289D492D36E0F56302E6906082871",".\The Rogue Prince of Persia_Data\StreamingAssets\NinjaSpirit.bank",133856,133856,119278,0
"FFD7C54EC5B289D492D36E0F56302E6906082871",".\The Rogue Prince of Persia_Data\StreamingAssets\Nogai.bank",1378752,1378752,1340286,0
"FFD7C54EC5B289D492D36E0F56302E6906082871",".\The Rogue Prince of Persia_Data\StreamingAssets\NogaiWeapon.bank",239488,239488,212405,0
"FFD7C54EC5B289D492D36E0F56302E6906082871",".\The Rogue Prince of Persia_Data\StreamingAssets\Pan.bank",185376,185376,167437,0
"FFD7C54EC5B289D492D36E0F56302E6906082871",".\The Rogue Prince of Persia_Data\StreamingAssets\Pangolin.bank",86592,86592,79222,0
"FFD7C54EC5B289D492D36E0F56302E6906082871",".\The Rogue Prince of Persia_Data\StreamingAssets\PoisonClaw.bank",123872,123872,103671,0
"FFD7C54EC5B289D492D36E0F56302E6906082871",".\The Rogue Prince of Persia_Data\StreamingAssets\Rewind.bank",89312,89312,87663,0
"FFD7C54EC5B289D492D36E0F56302E6906082871",".\The Rogue Prince of Persia_Data\StreamingAssets\Saw.bank",47456,47456,43304,0
"FFD7C54EC5B289D492D36E0F56302E6906082871",".\The Rogue Prince of Persia_Data\StreamingAssets\SawNew.bank",191424,191424,179490,0
"FFD7C54EC5B289D492D36E0F56302E6906082871",".\The Rogue Prince of Persia_Data\StreamingAssets\Scavenger.bank",156096,156096,146474,0
"FFD7C54EC5B289D492D36E0F56302E6906082871",".\The Rogue Prince of Persia_Data\StreamingAssets\Shamshir.bank",155488,155488,133786,0
"FFD7C54EC5B289D492D36E0F56302E6906082871",".\The Rogue Prince of Persia_Data\StreamingAssets\ShieldedWarrior.bank",235488,235488,206409,0
"FFD7C54EC5B289D492D36E0F56302E6906082871",".\The Rogue Prince of Persia_Data\StreamingAssets\SkyStalker.bank",197728,197728,191636,0
"FFD7C54EC5B289D492D36E0F56302E6906082871",".\The Rogue Prince of Persia_Data\StreamingAssets\Smoker.bank",287872,287872,275724,0
"FFD7C54EC5B289D492D36E0F56302E6906082871",".\The Rogue Prince of Persia_Data\StreamingAssets\Spear.bank",568032,568032,509610,0
"FFD7C54EC5B289D492D36E0F56302E6906082871",".\The Rogue Prince of Persia_Data\StreamingAssets\Spinner.bank",237248,237248,215723,0
"FFD7C54EC5B289D492D36E0F56302E6906082871",".\The Rogue Prince of Persia_Data\StreamingAssets\Stomper.bank",127936,127936,122987,0
"FFD7C54EC5B289D492D36E0F56302E6906082871",".\The Rogue Prince of Persia_Data\StreamingAssets\Sword.bank",169824,169824,139691,0
"FFD7C54EC5B289D492D36E0F56302E6906082871",".\The Rogue Prince of Persia_Data\StreamingAssets\Swordman.bank",118560,118560,112326,0
"FFD7C54EC5B289D492D36E0F56302E6906082871",".\The Rogue Prince of Persia_Data\StreamingAssets\SwordWarrior.bank",82944,82944,75617,0
"FFD7C54EC5B289D492D36E0F56302E6906082871",".\The Rogue Prince of Persia_Data\StreamingAssets\Tabar.bank",973248,973248,902928,0
"FFD7C54EC5B289D492D36E0F56302E6906082871",".\The Rogue Prince of Persia_Data\StreamingAssets\Trapper.bank",176000,176000,139073,0
"FFD7C54EC5B289D492D36E0F56302E6906082871",".\The Rogue Prince of Persia_Data\StreamingAssets\Trashman.bank",92448,92448,86201,0
"FFD7C54EC5B289D492D36E0F56302E6906082871",".\The Rogue Prince of Persia_Data\StreamingAssets\Trashword.bank",72128,72128,65472,0
"FFD7C54EC5B289D492D36E0F56302E6906082871",".\The Rogue Prince of Persia_Data\StreamingAssets\UnityServicesProjectConfiguration.json",1051,1051,322,0
"FFD7C54EC5B289D492D36E0F56302E6906082871",".\The Rogue Prince of Persia_Data\StreamingAssets\Warrior.bank",121024,121024,113195,0
"FFD7C54EC5B289D492D36E0F56302E6906082871",".\The Rogue Prince of Persia_Data\StreamingAssets\aa\catalog.json",10435428,10435428,1656565,0
"FFD7C54EC5B289D492D36E0F56302E6906082871",".\The Rogue Prince of Persia_Data\StreamingAssets\aa\settings.json",1606,1606,728,0
"FFD7C54EC5B289D492D36E0F56302E6906082871",".\The Rogue Prince of Persia_Data\StreamingAssets\aa\AddressablesLink\link.xml",239646,239646,22187,0
"FFD7C54EC5B289D492D36E0F56302E6906082871",".\The Rogue Prince of Persia_Data\StreamingAssets\aa\StandaloneWindows64\8ada62f5d207d50403efac81bcfcc64e_unitybuiltinshaders.bundle",43470,43470,31065,0
"FFD7C54EC5B289D492D36E0F56302E6906082871",".\The Rogue Prince of Persia_Data\StreamingAssets\aa\StandaloneWindows64\academy_biome_assets_all.bundle",12640485,12640485,9860653,0
"FFD7C54EC5B289D492D36E0F56302E6906082871",".\The Rogue Prince of Persia_Data\StreamingAssets\aa\StandaloneWindows64\academy_rooms_assets_all.bundle",5974031,5974031,3957427,0
"FFD7C54EC5B289D492D36E0F56302E6906082871",".\The Rogue Prince of Persia_Data\StreamingAssets\aa\StandaloneWindows64\afm_assets_all.bundle",21369,21369,18194,0
"FFD7C54EC5B289D492D36E0F56302E6906082871",".\The Rogue Prince of Persia_Data\StreamingAssets\aa\StandaloneWindows64\afm_scenes_scenes_academyoverlay.bundle",141242,141242,109972,0
"FFD7C54EC5B289D492D36E0F56302E6906082871",".\The Rogue Prince of Persia_Data\StreamingAssets\aa\StandaloneWindows64\afm_scenes_scenes_altanarena.bundle",7728,7728,5899,0
"FFD7C54EC5B289D492D36E0F56302E6906082871",".\The Rogue Prince of Persia_Data\StreamingAssets\aa\StandaloneWindows64\afm_scenes_scenes_analyticsservice.bundle",7004,7004,5415,0
"FFD7C54EC5B289D492D36E0F56302E6906082871",".\The Rogue Prince of Persia_Data\StreamingAssets\aa\StandaloneWindows64\afm_scenes_scenes_aqueducoverlay.bundle",157651,157651,107705,0
"FFD7C54EC5B289D492D36E0F56302E6906082871",".\The Rogue Prince of Persia_Data\StreamingAssets\aa\StandaloneWindows64\afm_scenes_scenes_archivistuiscreen.bundle",112905,112905,105978,0
"FFD7C54EC5B289D492D36E0F56302E6906082871",".\The Rogue Prince of Persia_Data\StreamingAssets\aa\StandaloneWindows64\afm_scenes_scenes_awakeningselectionhub.bundle",92962,92962,85325,0
"FFD7C54EC5B289D492D36E0F56302E6906082871",".\The Rogue Prince of Persia_Data\StreamingAssets\aa\StandaloneWindows64\afm_scenes_scenes_blackloadingscreen.bundle",53986,53986,44831,0
"FFD7C54EC5B289D492D36E0F56302E6906082871",".\The Rogue Prince of Persia_Data\StreamingAssets\aa\StandaloneWindows64\afm_scenes_scenes_bolaawakeningselection.bundle",489917,489917,384407,0
"FFD7C54EC5B289D492D36E0F56302E6906082871",".\The Rogue Prince of Persia_Data\StreamingAssets\aa\StandaloneWindows64\afm_scenes_scenes_bolaoverlay.bundle",7738,7738,5934,0
"FFD7C54EC5B289D492D36E0F56302E6906082871",".\The Rogue Prince of Persia_Data\StreamingAssets\aa\StandaloneWindows64\afm_scenes_scenes_boot.bundle",297357,297357,233005,0
"FFD7C54EC5B289D492D36E0F56302E6906082871",".\The Rogue Prince of Persia_Data\StreamingAssets\aa\StandaloneWindows64\afm_scenes_scenes_bosshud.bundle",41012,41012,27977,0
"FFD7C54EC5B289D492D36E0F56302E6906082871",".\The Rogue Prince of Persia_Data\StreamingAssets\aa\StandaloneWindows64\afm_scenes_scenes_camera.bundle",51052,51052,42662,0
"FFD7C54EC5B289D492D36E0F56302E6906082871",".\The Rogue Prince of Persia_Data\StreamingAssets\aa\StandaloneWindows64\afm_scenes_scenes_craftuiscreen.bundle",142966,142966,133282,0
"FFD7C54EC5B289D492D36E0F56302E6906082871",".\The Rogue Prince of Persia_Data\StreamingAssets\aa\StandaloneWindows64\afm_scenes_scenes_currencyviewer.bundle",57142,57142,39062,0
"FFD7C54EC5B289D492D36E0F56302E6906082871",".\The Rogue Prince of Persia_Data\StreamingAssets\aa\StandaloneWindows64\afm_scenes_scenes_cutscenemanager.bundle",34855,34855,32534,0
"FFD7C54EC5B289D492D36E0F56302E6906082871",".\The Rogue Prince of Persia_Data\StreamingAssets\aa\StandaloneWindows64\afm_scenes_scenes_deathhud.bundle",408860,408860,337517,0
"FFD7C54EC5B289D492D36E0F56302E6906082871",".\The Rogue Prince of Persia_Data\StreamingAssets\aa\StandaloneWindows64\afm_scenes_scenes_debugservice.bundle",309854,309854,270863,0
"FFD7C54EC5B289D492D36E0F56302E6906082871",".\The Rogue Prince of Persia_Data\StreamingAssets\aa\StandaloneWindows64\afm_scenes_scenes_dialoguehud.bundle",471341,471341,383271,0
"FFD7C54EC5B289D492D36E0F56302E6906082871",".\The Rogue Prince of Persia_Data\StreamingAssets\aa\StandaloneWindows64\afm_scenes_scenes_districtoverlay.bundle",238231,238231,156381,0
"FFD7C54EC5B289D492D36E0F56302E6906082871",".\The Rogue Prince of Persia_Data\StreamingAssets\aa\StandaloneWindows64\afm_scenes_scenes_ecsgameplaysystems.bundle",95537,95537,87067,0
"FFD7C54EC5B289D492D36E0F56302E6906082871",".\The Rogue Prince of Persia_Data\StreamingAssets\aa\StandaloneWindows64\afm_scenes_scenes_ecsstaticsettings.bundle",5620,5620,4240,0
"FFD7C54EC5B289D492D36E0F56302E6906082871",".\The Rogue Prince of Persia_Data\StreamingAssets\aa\StandaloneWindows64\afm_scenes_scenes_end_earlyaccess.bundle",90915,90915,64464,0
"FFD7C54EC5B289D492D36E0F56302E6906082871",".\The Rogue Prince of Persia_Data\StreamingAssets\aa\StandaloneWindows64\afm_scenes_scenes_fadeloadingscreen.bundle",7880,7880,6172,0
"FFD7C54EC5B289D492D36E0F56302E6906082871",".\The Rogue Prince of Persia_Data\StreamingAssets\aa\StandaloneWindows64\afm_scenes_scenes_finalrunprompt.bundle",74598,74598,43428,0
"FFD7C54EC5B289D492D36E0F56302E6906082871",".\The Rogue Prince of Persia_Data\StreamingAssets\aa\StandaloneWindows64\afm_scenes_scenes_forgeuiscreen.bundle",110253,110253,101486,0
"FFD7C54EC5B289D492D36E0F56302E6906082871",".\The Rogue Prince of Persia_Data\StreamingAssets\aa\StandaloneWindows64\afm_scenes_scenes_fpscounter.bundle",288217,288217,223842,0
"FFD7C54EC5B289D492D36E0F56302E6906082871",".\The Rogue Prince of Persia_Data\StreamingAssets\aa\StandaloneWindows64\afm_scenes_scenes_gamecommandmenu.bundle",433628,433628,356135,0
"FFD7C54EC5B289D492D36E0F56302E6906082871",".\The Rogue Prince of Persia_Data\StreamingAssets\aa\StandaloneWindows64\afm_scenes_scenes_gamesettingsservice.bundle",17564,17564,12529,0
"FFD7C54EC5B289D492D36E0F56302E6906082871",".\The Rogue Prince of Persia_Data\StreamingAssets\aa\StandaloneWindows64\afm_scenes_scenes_gamestatestackservice.bundle",8321,8321,6164,0
"FFD7C54EC5B289D492D36E0F56302E6906082871",".\The Rogue Prince of Persia_Data\StreamingAssets\aa\StandaloneWindows64\afm_scenes_scenes_gardenoverlay.bundle",102304,102304,66842,0
"FFD7C54EC5B289D492D36E0F56302E6906082871",".\The Rogue Prince of Persia_Data\StreamingAssets\aa\StandaloneWindows64\afm_scenes_scenes_gcmanagerservice.bundle",5579,5579,4203,0
"FFD7C54EC5B289D492D36E0F56302E6906082871",".\The Rogue Prince of Persia_Data\StreamingAssets\aa\StandaloneWindows64\afm_scenes_scenes_generationloadingscreen.bundle",53603,53603,44459,0
"FFD7C54EC5B289D492D36E0F56302E6906082871",".\The Rogue Prince of Persia_Data\StreamingAssets\aa\StandaloneWindows64\afm_scenes_scenes_goatarena.bundle",94507,94507,70696,0
"FFD7C54EC5B289D492D36E0F56302E6906082871",".\The Rogue Prince of Persia_Data\StreamingAssets\aa\StandaloneWindows64\afm_scenes_scenes_hubscene.bundle",8494,8494,6655,0
"FFD7C54EC5B289D492D36E0F56302E6906082871",".\The Rogue Prince of Persia_Data\StreamingAssets\aa\StandaloneWindows64\afm_scenes_scenes_hunsoverlay.bundle",194470,194470,131796,0
"FFD7C54EC5B289D492D36E0F56302E6906082871",".\The Rogue Prince of Persia_Data\StreamingAssets\aa\StandaloneWindows64\afm_scenes_scenes_initialscreen.bundle",30960,30960,24349,0
"FFD7C54EC5B289D492D36E0F56302E6906082871",".\The Rogue Prince of Persia_Data\StreamingAssets\aa\StandaloneWindows64\afm_scenes_scenes_inputdevicewatcherservice.bundle",8394,8394,6565,0
"FFD7C54EC5B289D492D36E0F56302E6906082871",".\The Rogue Prince of Persia_Data\StreamingAssets\aa\StandaloneWindows64\afm_scenes_scenes_inventoryhud.bundle",236206,236206,153719,0
"FFD7C54EC5B289D492D36E0F56302E6906082871",".\The Rogue Prince of Persia_Data\StreamingAssets\aa\StandaloneWindows64\afm_scenes_scenes_metaprogressionmanager.bundle",96008,96008,90334,0
"FFD7C54EC5B289D492D36E0F56302E6906082871",".\The Rogue Prince of Persia_Data\StreamingAssets\aa\StandaloneWindows64\afm_scenes_scenes_minesoverlay.bundle",76601,76601,56275,0
"FFD7C54EC5B289D492D36E0F56302E6906082871",".\The Rogue Prince of Persia_Data\StreamingAssets\aa\StandaloneWindows64\afm_scenes_scenes_molearena.bundle",63355,63355,45096,0
"FFD7C54EC5B289D492D36E0F56302E6906082871",".\The Rogue Prince of Persia_Data\StreamingAssets\aa\StandaloneWindows64\afm_scenes_scenes_nogai.bundle",116991,116991,78840,0
"FFD7C54EC5B289D492D36E0F56302E6906082871",".\The Rogue Prince of Persia_Data\StreamingAssets\aa\StandaloneWindows64\afm_scenes_scenes_notificationhud.bundle",20525,20525,18393,0
"FFD7C54EC5B289D492D36E0F56302E6906082871",".\The Rogue Prince of Persia_Data\StreamingAssets\aa\StandaloneWindows64\afm_scenes_scenes_objectivenarrahud.bundle",57991,57991,45082,0
"FFD7C54EC5B289D492D36E0F56302E6906082871",".\The Rogue Prince of Persia_Data\StreamingAssets\aa\StandaloneWindows64\afm_scenes_scenes_palaceoverlay.bundle",82766,82766,50492,0
"FFD7C54EC5B289D492D36E0F56302E6906082871",".\The Rogue Prince of Persia_Data\StreamingAssets\aa\StandaloneWindows64\afm_scenes_scenes_pathfinding.bundle",46201,46201,38255,0
"FFD7C54EC5B289D492D36E0F56302E6906082871",".\The Rogue Prince of Persia_Data\StreamingAssets\aa\StandaloneWindows64\afm_scenes_scenes_pausehud.bundle",189485,189485,135585,0
"FFD7C54EC5B289D492D36E0F56302E6906082871",".\The Rogue Prince of Persia_Data\StreamingAssets\aa\StandaloneWindows64\afm_scenes_scenes_player.bundle",139323,139323,128706,0
"FFD7C54EC5B289D492D36E0F56302E6906082871",".\The Rogue Prince of Persia_Data\StreamingAssets\aa\StandaloneWindows64\afm_scenes_scenes_playerhud.bundle",135615,135615,81738,0
"FFD7C54EC5B289D492D36E0F56302E6906082871",".\The Rogue Prince of Persia_Data\StreamingAssets\aa\StandaloneWindows64\afm_scenes_scenes_poolsholder.bundle",5592,5592,4215,0
"FFD7C54EC5B289D492D36E0F56302E6906082871",".\The Rogue Prince of Persia_Data\StreamingAssets\aa\StandaloneWindows64\afm_scenes_scenes_portoverlay.bundle",7674,7674,5883,0
"FFD7C54EC5B289D492D36E0F56302E6906082871",".\The Rogue Prince of Persia_Data\StreamingAssets\aa\StandaloneWindows64\afm_scenes_scenes_postprocessacademy.bundle",68943,68943,52568,0
"FFD7C54EC5B289D492D36E0F56302E6906082871",".\The Rogue Prince of Persia_Data\StreamingAssets\aa\StandaloneWindows64\afm_scenes_scenes_postprocessaltan.bundle",67795,67795,51735,0
"FFD7C54EC5B289D492D36E0F56302E6906082871",".\The Rogue Prince of Persia_Data\StreamingAssets\aa\StandaloneWindows64\afm_scenes_scenes_postprocessangrygoatarena.bundle",67796,67796,51738,0
"FFD7C54EC5B289D492D36E0F56302E6906082871",".\The Rogue Prince of Persia_Data\StreamingAssets\aa\StandaloneWindows64\afm_scenes_scenes_postprocessaqueduc.bundle",68919,68919,52684,0
"FFD7C54EC5B289D492D36E0F56302E6906082871",".\The Rogue Prince of Persia_Data\StreamingAssets\aa\StandaloneWindows64\afm_scenes_scenes_postprocessbola.bundle",67917,67917,51778,0
"FFD7C54EC5B289D492D36E0F56302E6906082871",".\The Rogue Prince of Persia_Data\StreamingAssets\aa\StandaloneWindows64\afm_scenes_scenes_postprocessdistrict.bundle",68916,68916,52607,0
"FFD7C54EC5B289D492D36E0F56302E6906082871",".\The Rogue Prince of Persia_Data\StreamingAssets\aa\StandaloneWindows64\afm_scenes_scenes_postprocessgarden.bundle",74128,74128,57698,0
"FFD7C54EC5B289D492D36E0F56302E6906082871",".\The Rogue Prince of Persia_Data\StreamingAssets\aa\StandaloneWindows64\afm_scenes_scenes_postprocesshuns.bundle",68043,68043,51800,0
"FFD7C54EC5B289D492D36E0F56302E6906082871",".\The Rogue Prince of Persia_Data\StreamingAssets\aa\StandaloneWindows64\afm_scenes_scenes_postprocessmines.bundle",165627,165627,115676,0
"FFD7C54EC5B289D492D36E0F56302E6906082871",".\The Rogue Prince of Persia_Data\StreamingAssets\aa\StandaloneWindows64\afm_scenes_scenes_postprocessmolearena.bundle",28718,28718,18142,0
"FFD7C54EC5B289D492D36E0F56302E6906082871",".\The Rogue Prince of Persia_Data\StreamingAssets\aa\StandaloneWindows64\afm_scenes_scenes_postprocessnogai.bundle",32523,32523,20840,0
"FFD7C54EC5B289D492D36E0F56302E6906082871",".\The Rogue Prince of Persia_Data\StreamingAssets\aa\StandaloneWindows64\afm_scenes_scenes_postprocessoasis.bundle",68723,68723,52525,0
"FFD7C54EC5B289D492D36E0F56302E6906082871",".\The Rogue Prince of Persia_Data\StreamingAssets\aa\StandaloneWindows64\afm_scenes_scenes_postprocessoblivion.bundle",98573,98573,73935,0
"FFD7C54EC5B289D492D36E0F56302E6906082871",".\The Rogue Prince of Persia_Data\StreamingAssets\aa\StandaloneWindows64\afm_scenes_scenes_postprocesspalace.bundle",68526,68526,52378,0
"FFD7C54EC5B289D492D36E0F56302E6906082871",".\The Rogue Prince of Persia_Data\StreamingAssets\aa\StandaloneWindows64\afm_scenes_scenes_postprocessport.bundle",72386,72386,54740,0
"FFD7C54EC5B289D492D36E0F56302E6906082871",".\The Rogue Prince of Persia_Data\StreamingAssets\aa\StandaloneWindows64\afm_scenes_scenes_postprocessshahinarena.bundle",69842,69842,53204,0
"FFD7C54EC5B289D492D36E0F56302E6906082871",".\The Rogue Prince of Persia_Data\StreamingAssets\aa\StandaloneWindows64\afm_scenes_scenes_postprocesstemple.bundle",69240,69240,53016,0
"FFD7C54EC5B289D492D36E0F56302E6906082871",".\The Rogue Prince of Persia_Data\StreamingAssets\aa\StandaloneWindows64\afm_scenes_scenes_postprocesstroglodyte.bundle",69017,69017,52655,0
"FFD7C54EC5B289D492D36E0F56302E6906082871",".\The Rogue Prince of Persia_Data\StreamingAssets\aa\StandaloneWindows64\afm_scenes_scenes_questservice.bundle",44611,44611,42103,0
"FFD7C54EC5B289D492D36E0F56302E6906082871",".\The Rogue Prince of Persia_Data\StreamingAssets\aa\StandaloneWindows64\afm_scenes_scenes_savemanager.bundle",11013,11013,8679,0
"FFD7C54EC5B289D492D36E0F56302E6906082871",".\The Rogue Prince of Persia_Data\StreamingAssets\aa\StandaloneWindows64\afm_scenes_scenes_saveslotsmenu.bundle",103318,103318,68712,0
"FFD7C54EC5B289D492D36E0F56302E6906082871",".\The Rogue Prince of Persia_Data\StreamingAssets\aa\StandaloneWindows64\afm_scenes_scenes_saynetehud.bundle",410602,410602,337217,0
"FFD7C54EC5B289D492D36E0F56302E6906082871",".\The Rogue Prince of Persia_Data\StreamingAssets\aa\StandaloneWindows64\afm_scenes_scenes_settingsmenu.bundle",668299,668299,496177,0
"FFD7C54EC5B289D492D36E0F56302E6906082871",".\The Rogue Prince of Persia_Data\StreamingAssets\aa\StandaloneWindows64\afm_scenes_scenes_shahinarena.bundle",139341,139341,97204,0
"FFD7C54EC5B289D492D36E0F56302E6906082871",".\The Rogue Prince of Persia_Data\StreamingAssets\aa\StandaloneWindows64\afm_scenes_scenes_skilltreeuiscreen.bundle",111749,111749,105943,0
"FFD7C54EC5B289D492D36E0F56302E6906082871",".\The Rogue Prince of Persia_Data\StreamingAssets\aa\StandaloneWindows64\afm_scenes_scenes_skinsuiscreen.bundle",60682,60682,54912,0
"FFD7C54EC5B289D492D36E0F56302E6906082871",".\The Rogue Prince of Persia_Data\StreamingAssets\aa\StandaloneWindows64\afm_scenes_scenes_start.bundle",452105,452105,376721,0
"FFD7C54EC5B289D492D36E0F56302E6906082871",".\The Rogue Prince of Persia_Data\StreamingAssets\aa\StandaloneWindows64\afm_scenes_scenes_startupsettingsmenu.bundle",531677,531677,410139,0
"FFD7C54EC5B289D492D36E0F56302E6906082871",".\The Rogue Prince of Persia_Data\StreamingAssets\aa\StandaloneWindows64\afm_scenes_scenes_tabgameplaymenu.bundle",558717,558717,375826,0
"FFD7C54EC5B289D492D36E0F56302E6906082871",".\The Rogue Prince of Persia_Data\StreamingAssets\aa\StandaloneWindows64\afm_scenes_scenes_teleporterminimaphud.bundle",68711,68711,43417,0
"FFD7C54EC5B289D492D36E0F56302E6906082871",".\The Rogue Prince of Persia_Data\StreamingAssets\aa\StandaloneWindows64\afm_scenes_scenes_templeoverlay.bundle",49162,49162,33318,0
"FFD7C54EC5B289D492D36E0F56302E6906082871",".\The Rogue Prince of Persia_Data\StreamingAssets\aa\StandaloneWindows64\afm_scenes_scenes_towerofoblivionoverlay.bundle",56951,56951,39473,0
"FFD7C54EC5B289D492D36E0F56302E6906082871",".\The Rogue Prince of Persia_Data\StreamingAssets\aa\StandaloneWindows64\afm_scenes_scenes_transitionstateservice.bundle",39477,39477,26747,0
"FFD7C54EC5B289D492D36E0F56302E6906082871",".\The Rogue Prince of Persia_Data\StreamingAssets\aa\StandaloneWindows64\afm_scenes_scenes_troglodyteoverlay.bundle",276604,276604,213644,0
"FFD7C54EC5B289D492D36E0F56302E6906082871",".\The Rogue Prince of Persia_Data\StreamingAssets\aa\StandaloneWindows64\afm_scenes_scenes_tutorialcompendiummenu.bundle",121548,121548,70392,0
"FFD7C54EC5B289D492D36E0F56302E6906082871",".\The Rogue Prince of Persia_Data\StreamingAssets\aa\StandaloneWindows64\afm_scenes_scenes_tutoscene.bundle",10747,10747,8308,0
"FFD7C54EC5B289D492D36E0F56302E6906082871",".\The Rogue Prince of Persia_Data\StreamingAssets\aa\StandaloneWindows64\afm_scenes_scenes_tutotroglodyteoverlay.bundle",276620,276620,213652,0
"FFD7C54EC5B289D492D36E0F56302E6906082871",".\The Rogue Prince of Persia_Data\StreamingAssets\aa\StandaloneWindows64\afm_scenes_scenes_ubisoftnewsmenu.bundle",357183,357183,279953,0
"FFD7C54EC5B289D492D36E0F56302E6906082871",".\The Rogue Prince of Persia_Data\StreamingAssets\aa\StandaloneWindows64\afm_scenes_scenes_uieventdispatcherservice.bundle",5610,5610,4237,0
"FFD7C54EC5B289D492D36E0F56302E6906082871",".\The Rogue Prince of Persia_Data\StreamingAssets\aa\StandaloneWindows64\afm_scenes_scenes_uiflowcontroller.bundle",12804,12804,10363,0
"FFD7C54EC5B289D492D36E0F56302E6906082871",".\The Rogue Prince of Persia_Data\StreamingAssets\aa\StandaloneWindows64\afm_scenes_scenes_uiingamemainmenu.bundle",860579,860579,681941,0
"FFD7C54EC5B289D492D36E0F56302E6906082871",".\The Rogue Prince of Persia_Data\StreamingAssets\aa\StandaloneWindows64\afm_scenes_scenes_worldspaceui.bundle",36775,36775,32772,0
"FFD7C54EC5B289D492D36E0F56302E6906082871",".\The Rogue Prince of Persia_Data\StreamingAssets\aa\StandaloneWindows64\afm_signals_assets_all.bundle",2676,2676,2148,0
"FFD7C54EC5B289D492D36E0F56302E6906082871",".\The Rogue Prince of Persia_Data\StreamingAssets\aa\StandaloneWindows64\altan_biome_assets_all.bundle",3984307,3984307,2999034,0
"FFD7C54EC5B289D492D36E0F56302E6906082871",".\The Rogue Prince of Persia_Data\StreamingAssets\aa\StandaloneWindows64\altan_rooms_assets_all.bundle",2282345,2282345,1642747,0
"FFD7C54EC5B289D492D36E0F56302E6906082871",".\The Rogue Prince of Persia_Data\StreamingAssets\aa\StandaloneWindows64\applicationsignals_assets_all.bundle",7638,7638,6691,0
"FFD7C54EC5B289D492D36E0F56302E6906082871",".\The Rogue Prince of Persia_Data\StreamingAssets\aa\StandaloneWindows64\aqueduc_biome_assets_all.bundle",17236076,17236076,12511929,0
"FFD7C54EC5B289D492D36E0F56302E6906082871",".\The Rogue Prince of Persia_Data\StreamingAssets\aa\StandaloneWindows64\aqueduc_rooms_assets_all.bundle",9599596,9599596,6581596,0
"FFD7C54EC5B289D492D36E0F56302E6906082871",".\The Rogue Prince of Persia_Data\StreamingAssets\aa\StandaloneWindows64\ar-sa_assets_all.bundle",213172,213172,184336,0
"FFD7C54EC5B289D492D36E0F56302E6906082871",".\The Rogue Prince of Persia_Data\StreamingAssets\aa\StandaloneWindows64\bola_biome_assets_all.bundle",4709049,4709049,3518527,0
"FFD7C54EC5B289D492D36E0F56302E6906082871",".\The Rogue Prince of Persia_Data\StreamingAssets\aa\StandaloneWindows64\bola_rooms_assets_all.bundle",370388,370388,187811,0
"FFD7C54EC5B289D492D36E0F56302E6906082871",".\The Rogue Prince of Persia_Data\StreamingAssets\aa\StandaloneWindows64\common_rooms_assets_all.bundle",2644197,2644197,2054808,0
"FFD7C54EC5B289D492D36E0F56302E6906082871",".\The Rogue Prince of Persia_Data\StreamingAssets\aa\StandaloneWindows64\cutsceneactors_assets_babak.bundle",928252,928252,745048,0
"FFD7C54EC5B289D492D36E0F56302E6906082871",".\The Rogue Prince of Persia_Data\StreamingAssets\aa\StandaloneWindows64\cutsceneactors_assets_feriel.bundle",4067868,4067868,3028450,0
"FFD7C54EC5B289D492D36E0F56302E6906082871",".\The Rogue Prince of Persia_Data\StreamingAssets\aa\StandaloneWindows64\cutsceneactors_assets_laleh.bundle",649793,649793,514040,0
"FFD7C54EC5B289D492D36E0F56302E6906082871",".\The Rogue Prince of Persia_Data\StreamingAssets\aa\StandaloneWindows64\cutsceneactors_assets_lhamo.bundle",21031,21031,14792,0
"FFD7C54EC5B289D492D36E0F56302E6906082871",".\The Rogue Prince of Persia_Data\StreamingAssets\aa\StandaloneWindows64\cutsceneactors_assets_nyamtur.bundle",1000012,1000012,759355,0
"FFD7C54EC5B289D492D36E0F56302E6906082871",".\The Rogue Prince of Persia_Data\StreamingAssets\aa\StandaloneWindows64\cutsceneactors_assets_paachi.bundle",2687365,2687365,2124755,0
"FFD7C54EC5B289D492D36E0F56302E6906082871",".\The Rogue Prince of Persia_Data\StreamingAssets\aa\StandaloneWindows64\cutsceneactors_assets_peroz.bundle",544027,544027,433834,0
"FFD7C54EC5B289D492D36E0F56302E6906082871",".\The Rogue Prince of Persia_Data\StreamingAssets\aa\StandaloneWindows64\cutsceneactors_assets_shahin.bundle",2399599,2399599,1835512,0
"FFD7C54EC5B289D492D36E0F56302E6906082871",".\The Rogue Prince of Persia_Data\StreamingAssets\aa\StandaloneWindows64\cutsceneactors_assets_sukhra.bundle",1734618,1734618,1391468,0
"FFD7C54EC5B289D492D36E0F56302E6906082871",".\The Rogue Prince of Persia_Data\StreamingAssets\aa\StandaloneWindows64\de-de_assets_all.bundle",218906,218906,188417,0
"FFD7C54EC5B289D492D36E0F56302E6906082871",".\The Rogue Prince of Persia_Data\StreamingAssets\aa\StandaloneWindows64\dev_rooms_assets_all.bundle",5622316,5622316,3713203,0
"FFD7C54EC5B289D492D36E0F56302E6906082871",".\The Rogue Prince of Persia_Data\StreamingAssets\aa\StandaloneWindows64\district_biome_assets_all.bundle",14942609,14942609,11288966,0
"FFD7C54EC5B289D492D36E0F56302E6906082871",".\The Rogue Prince of Persia_Data\StreamingAssets\aa\StandaloneWindows64\district_rooms_assets_all.bundle",8281329,8281329,5823564,0
"FFD7C54EC5B289D492D36E0F56302E6906082871",".\The Rogue Prince of Persia_Data\StreamingAssets\aa\StandaloneWindows64\en-us_assets_all.bundle",203918,203918,173325,0
"FFD7C54EC5B289D492D36E0F56302E6906082871",".\The Rogue Prince of Persia_Data\StreamingAssets\aa\StandaloneWindows64\es-es_assets_all.bundle",209023,209023,179964,0
"FFD7C54EC5B289D492D36E0F56302E6906082871",".\The Rogue Prince of Persia_Data\StreamingAssets\aa\StandaloneWindows64\fa-ir_assets_all.bundle",216743,216743,187079,0
"FFD7C54EC5B289D492D36E0F56302E6906082871",".\The Rogue Prince of Persia_Data\StreamingAssets\aa\StandaloneWindows64\fr-fr_assets_all.bundle",218062,218062,187274,0
"FFD7C54EC5B289D492D36E0F56302E6906082871",".\The Rogue Prince of Persia_Data\StreamingAssets\aa\StandaloneWindows64\garden_biome_assets_all.bundle",14565650,14565650,10890661,0
"FFD7C54EC5B289D492D36E0F56302E6906082871",".\The Rogue Prince of Persia_Data\StreamingAssets\aa\StandaloneWindows64\garden_rooms_assets_all.bundle",8220757,8220757,5879951,0
"FFD7C54EC5B289D492D36E0F56302E6906082871",".\The Rogue Prince of Persia_Data\StreamingAssets\aa\StandaloneWindows64\global_assets_all.bundle",154703793,154703793,126018004,0
"FFD7C54EC5B289D492D36E0F56302E6906082871",".\The Rogue Prince of Persia_Data\StreamingAssets\aa\StandaloneWindows64\goat_biome_assets_all.bundle",5721585,5721585,4216058,0
"FFD7C54EC5B289D492D36E0F56302E6906082871",".\The Rogue Prince of Persia_Data\StreamingAssets\aa\StandaloneWindows64\goat_rooms_assets_all.bundle",2484383,2484383,1656994,0
"FFD7C54EC5B289D492D36E0F56302E6906082871",".\The Rogue Prince of Persia_Data\StreamingAssets\aa\StandaloneWindows64\hub_biome_assets_all.bundle",19048749,19048749,14815936,0
"FFD7C54EC5B289D492D36E0F56302E6906082871",".\The Rogue Prince of Persia_Data\StreamingAssets\aa\StandaloneWindows64\hub_rooms_assets_all.bundle",3609611,3609611,1811876,0
"FFD7C54EC5B289D492D36E0F56302E6906082871",".\The Rogue Prince of Persia_Data\StreamingAssets\aa\StandaloneWindows64\huns_biome_assets_all.bundle",12573509,12573509,9408885,0
"FFD7C54EC5B289D492D36E0F56302E6906082871",".\The Rogue Prince of Persia_Data\StreamingAssets\aa\StandaloneWindows64\huns_rooms_assets_all.bundle",7151108,7151108,4945119,0
"FFD7C54EC5B289D492D36E0F56302E6906082871",".\The Rogue Prince of Persia_Data\StreamingAssets\aa\StandaloneWindows64\it-it_assets_all.bundle",203074,203074,174285,0
"FFD7C54EC5B289D492D36E0F56302E6906082871",".\The Rogue Prince of Persia_Data\StreamingAssets\aa\StandaloneWindows64\ja-jp_assets_all.bundle",204276,204276,177725,0
"FFD7C54EC5B289D492D36E0F56302E6906082871",".\The Rogue Prince of Persia_Data\StreamingAssets\aa\StandaloneWindows64\ko-kr_assets_all.bundle",210887,210887,182569,0
"FFD7C54EC5B289D492D36E0F56302E6906082871",".\The Rogue Prince of Persia_Data\StreamingAssets\aa\StandaloneWindows64\localization-assets-shared_assets_all.bundle",58246,58246,44119,0
"FFD7C54EC5B289D492D36E0F56302E6906082871",".\The Rogue Prince of Persia_Data\StreamingAssets\aa\StandaloneWindows64\mines_biome_assets_all.bundle",10366965,10366965,7635345,0
"FFD7C54EC5B289D492D36E0F56302E6906082871",".\The Rogue Prince of Persia_Data\StreamingAssets\aa\StandaloneWindows64\mines_rooms_assets_all.bundle",5809549,5809549,3935975,0
"FFD7C54EC5B289D492D36E0F56302E6906082871",".\The Rogue Prince of Persia_Data\StreamingAssets\aa\StandaloneWindows64\mobalarm_assets_all.bundle",1085980,1085980,908283,0
"FFD7C54EC5B289D492D36E0F56302E6906082871",".\The Rogue Prince of Persia_Data\StreamingAssets\aa\StandaloneWindows64\mobaltanboss_assets_all.bundle",5243871,5243871,4208245,0
"FFD7C54EC5B289D492D36E0F56302E6906082871",".\The Rogue Prince of Persia_Data\StreamingAssets\aa\StandaloneWindows64\mobarcher-palace_assets_all.bundle",294450,294450,225710,0
"FFD7C54EC5B289D492D36E0F56302E6906082871",".\The Rogue Prince of Persia_Data\StreamingAssets\aa\StandaloneWindows64\mobarcher_assets_all.bundle",1062376,1062376,822715,0
"FFD7C54EC5B289D492D36E0F56302E6906082871",".\The Rogue Prince of Persia_Data\StreamingAssets\aa\StandaloneWindows64\mobassassin_assets_all.bundle",1322420,1322420,1056260,0
"FFD7C54EC5B289D492D36E0F56302E6906082871",".\The Rogue Prince of Persia_Data\StreamingAssets\aa\StandaloneWindows64\mobbomber-palace_assets_all.bundle",368848,368848,292107,0
"FFD7C54EC5B289D492D36E0F56302E6906082871",".\The Rogue Prince of Persia_Data\StreamingAssets\aa\StandaloneWindows64\mobbomber_assets_all.bundle",1564580,1564580,1253453,0
"FFD7C54EC5B289D492D36E0F56302E6906082871",".\The Rogue Prince of Persia_Data\StreamingAssets\aa\StandaloneWindows64\mobcorruptednogai_assets_all.bundle",11574992,11574992,9570381,0
"FFD7C54EC5B289D492D36E0F56302E6906082871",".\The Rogue Prince of Persia_Data\StreamingAssets\aa\StandaloneWindows64\mobcrossbow_assets_all.bundle",995721,995721,788790,0
"FFD7C54EC5B289D492D36E0F56302E6906082871",".\The Rogue Prince of Persia_Data\StreamingAssets\aa\StandaloneWindows64\mobdigger_assets_all.bundle",1563293,1563293,1210904,0
"FFD7C54EC5B289D492D36E0F56302E6906082871",".\The Rogue Prince of Persia_Data\StreamingAssets\aa\StandaloneWindows64\mobgoatboss_assets_all.bundle",4923739,4923739,3937266,0
"FFD7C54EC5B289D492D36E0F56302E6906082871",".\The Rogue Prince of Persia_Data\StreamingAssets\aa\StandaloneWindows64\mobinquisitor_assets_all.bundle",1088469,1088469,857210,0
"FFD7C54EC5B289D492D36E0F56302E6906082871",".\The Rogue Prince of Persia_Data\StreamingAssets\aa\StandaloneWindows64\mobinvocator_assets_all.bundle",2232067,2232067,1470383,0
"FFD7C54EC5B289D492D36E0F56302E6906082871",".\The Rogue Prince of Persia_Data\StreamingAssets\aa\StandaloneWindows64\mobkamikaze_assets_all.bundle",578803,578803,471047,0
"FFD7C54EC5B289D492D36E0F56302E6906082871",".\The Rogue Prince of Persia_Data\StreamingAssets\aa\StandaloneWindows64\mobknifethrower_assets_all.bundle",1443614,1443614,1155907,0
"FFD7C54EC5B289D492D36E0F56302E6906082871",".\The Rogue Prince of Persia_Data\StreamingAssets\aa\StandaloneWindows64\moblancer_assets_all.bundle",888228,888228,693747,0
"FFD7C54EC5B289D492D36E0F56302E6906082871",".\The Rogue Prince of Persia_Data\StreamingAssets\aa\StandaloneWindows64\moblizard_assets_all.bundle",816408,816408,643531,0
"FFD7C54EC5B289D492D36E0F56302E6906082871",".\The Rogue Prince of Persia_Data\StreamingAssets\aa\StandaloneWindows64\mobmoleboss_assets_all.bundle",4539744,4539744,3683918,0
"FFD7C54EC5B289D492D36E0F56302E6906082871",".\The Rogue Prince of Persia_Data\StreamingAssets\aa\StandaloneWindows64\mobnarrowstomper_assets_all.bundle",816040,816040,655372,0
"FFD7C54EC5B289D492D36E0F56302E6906082871",".\The Rogue Prince of Persia_Data\StreamingAssets\aa\StandaloneWindows64\mobnogai_assets_all.bundle",10749324,10749324,8656862,0
"FFD7C54EC5B289D492D36E0F56302E6906082871",".\The Rogue Prince of Persia_Data\StreamingAssets\aa\StandaloneWindows64\mobpangolin_assets_all.bundle",814767,814767,662343,0
"FFD7C54EC5B289D492D36E0F56302E6906082871",".\The Rogue Prince of Persia_Data\StreamingAssets\aa\StandaloneWindows64\mobrangelookout_assets_all.bundle",1273072,1273072,998289,0
"FFD7C54EC5B289D492D36E0F56302E6906082871",".\The Rogue Prince of Persia_Data\StreamingAssets\aa\StandaloneWindows64\mobshahinboss_assets_all.bundle",6790372,6790372,5475784,0
"FFD7C54EC5B289D492D36E0F56302E6906082871",".\The Rogue Prince of Persia_Data\StreamingAssets\aa\StandaloneWindows64\mobshieldedwarrior_assets_all.bundle",921125,921125,736320,0
"FFD7C54EC5B289D492D36E0F56302E6906082871",".\The Rogue Prince of Persia_Data\StreamingAssets\aa\StandaloneWindows64\mobskystalker_assets_all.bundle",871927,871927,663940,0
"FFD7C54EC5B289D492D36E0F56302E6906082871",".\The Rogue Prince of Persia_Data\StreamingAssets\aa\StandaloneWindows64\mobsmoker_assets_all.bundle",1271046,1271046,1077028,0
"FFD7C54EC5B289D492D36E0F56302E6906082871",".\The Rogue Prince of Persia_Data\StreamingAssets\aa\StandaloneWindows64\mobspinner_assets_all.bundle",1022198,1022198,812545,0
"FFD7C54EC5B289D492D36E0F56302E6906082871",".\The Rogue Prince of Persia_Data\StreamingAssets\aa\StandaloneWindows64\mobstomper_assets_all.bundle",1314934,1314934,1044733,0
"FFD7C54EC5B289D492D36E0F56302E6906082871",".\The Rogue Prince of Persia_Data\StreamingAssets\aa\StandaloneWindows64\mobswordman-palace_assets_all.bundle",356652,356652,269067,0
"FFD7C54EC5B289D492D36E0F56302E6906082871",".\The Rogue Prince of Persia_Data\StreamingAssets\aa\StandaloneWindows64\mobswordman_assets_all.bundle",1635280,1635280,1225091,0
"FFD7C54EC5B289D492D36E0F56302E6906082871",".\The Rogue Prince of Persia_Data\StreamingAssets\aa\StandaloneWindows64\mobswordwarrior_assets_all.bundle",866550,866550,692396,0
"FFD7C54EC5B289D492D36E0F56302E6906082871",".\The Rogue Prince of Persia_Data\StreamingAssets\aa\StandaloneWindows64\mobtrainingpuppet_assets_all.bundle",324533,324533,246878,0
"FFD7C54EC5B289D492D36E0F56302E6906082871",".\The Rogue Prince of Persia_Data\StreamingAssets\aa\StandaloneWindows64\mobtrapper_assets_all.bundle",1060171,1060171,841683,0
"FFD7C54EC5B289D492D36E0F56302E6906082871",".\The Rogue Prince of Persia_Data\StreamingAssets\aa\StandaloneWindows64\mobtrashman-palace_assets_all.bundle",316572,316572,246884,0
"FFD7C54EC5B289D492D36E0F56302E6906082871",".\The Rogue Prince of Persia_Data\StreamingAssets\aa\StandaloneWindows64\mobtrashman_assets_all.bundle",1414539,1414539,1106763,0
"FFD7C54EC5B289D492D36E0F56302E6906082871",".\The Rogue Prince of Persia_Data\StreamingAssets\aa\StandaloneWindows64\mobtrashword_assets_all.bundle",898325,898325,708746,0
"FFD7C54EC5B289D492D36E0F56302E6906082871",".\The Rogue Prince of Persia_Data\StreamingAssets\aa\StandaloneWindows64\mobwarrior-palace_assets_all.bundle",722434,722434,569300,0
"FFD7C54EC5B289D492D36E0F56302E6906082871",".\The Rogue Prince of Persia_Data\StreamingAssets\aa\StandaloneWindows64\mobwarrior_assets_all.bundle",1120765,1120765,880979,0
"FFD7C54EC5B289D492D36E0F56302E6906082871",".\The Rogue Prince of Persia_Data\StreamingAssets\aa\StandaloneWindows64\mole_biome_assets_all.bundle",6750423,6750423,5051532,0
"FFD7C54EC5B289D492D36E0F56302E6906082871",".\The Rogue Prince of Persia_Data\StreamingAssets\aa\StandaloneWindows64\mole_rooms_assets_all.bundle",3782793,3782793,2229736,0
"FFD7C54EC5B289D492D36E0F56302E6906082871",".\The Rogue Prince of Persia_Data\StreamingAssets\aa\StandaloneWindows64\narration_assets_all.bundle",97536,97536,63017,0
"FFD7C54EC5B289D492D36E0F56302E6906082871",".\The Rogue Prince of Persia_Data\StreamingAssets\aa\StandaloneWindows64\nogai_biome_assets_all.bundle",15679130,15679130,12039078,0
"FFD7C54EC5B289D492D36E0F56302E6906082871",".\The Rogue Prince of Persia_Data\StreamingAssets\aa\StandaloneWindows64\nogai_biome_scenes_all.bundle",6137,6137,4648,0
"FFD7C54EC5B289D492D36E0F56302E6906082871",".\The Rogue Prince of Persia_Data\StreamingAssets\aa\StandaloneWindows64\nogai_rooms_assets_all.bundle",34044407,34044407,32294851,0
"FFD7C54EC5B289D492D36E0F56302E6906082871",".\The Rogue Prince of Persia_Data\StreamingAssets\aa\StandaloneWindows64\oblivion_biome_assets_all.bundle",16761111,16761111,12315505,0
"FFD7C54EC5B289D492D36E0F56302E6906082871",".\The Rogue Prince of Persia_Data\StreamingAssets\aa\StandaloneWindows64\oblivion_rooms_assets_all.bundle",7042306,7042306,4818281,0
"FFD7C54EC5B289D492D36E0F56302E6906082871",".\The Rogue Prince of Persia_Data\StreamingAssets\aa\StandaloneWindows64\palace_biome_assets_all.bundle",17860601,17860601,13805861,0
"FFD7C54EC5B289D492D36E0F56302E6906082871",".\The Rogue Prince of Persia_Data\StreamingAssets\aa\StandaloneWindows64\palace_biome_scenes_all.bundle",44387,44387,36696,0
"FFD7C54EC5B289D492D36E0F56302E6906082871",".\The Rogue Prince of Persia_Data\StreamingAssets\aa\StandaloneWindows64\palace_rooms_assets_all.bundle",6864765,6864765,4444525,0
"FFD7C54EC5B289D492D36E0F56302E6906082871",".\The Rogue Prince of Persia_Data\StreamingAssets\aa\StandaloneWindows64\pl-pl_assets_all.bundle",216733,216733,186656,0
"FFD7C54EC5B289D492D36E0F56302E6906082871",".\The Rogue Prince of Persia_Data\StreamingAssets\aa\StandaloneWindows64\port_biome_assets_all.bundle",14949614,14949614,11558919,0
"FFD7C54EC5B289D492D36E0F56302E6906082871",".\The Rogue Prince of Persia_Data\StreamingAssets\aa\StandaloneWindows64\port_rooms_assets_all.bundle",6148392,6148392,4243433,0
"FFD7C54EC5B289D492D36E0F56302E6906082871",".\The Rogue Prince of Persia_Data\StreamingAssets\aa\StandaloneWindows64\pt-br_assets_all.bundle",206910,206910,177385,0
"FFD7C54EC5B289D492D36E0F56302E6906082871",".\The Rogue Prince of Persia_Data\StreamingAssets\aa\StandaloneWindows64\ru-ru_assets_all.bundle",229290,229290,199522,0
"FFD7C54EC5B289D492D36E0F56302E6906082871",".\The Rogue Prince of Persia_Data\StreamingAssets\aa\StandaloneWindows64\shahin_biome_assets_all.bundle",6411838,6411838,4572075,0
"FFD7C54EC5B289D492D36E0F56302E6906082871",".\The Rogue Prince of Persia_Data\StreamingAssets\aa\StandaloneWindows64\shahin_rooms_assets_all.bundle",2890703,2890703,1836109,0
"FFD7C54EC5B289D492D36E0F56302E6906082871",".\The Rogue Prince of Persia_Data\StreamingAssets\aa\StandaloneWindows64\skins_assets_prince.bundle",442453,442453,349896,0
"FFD7C54EC5B289D492D36E0F56302E6906082871",".\The Rogue Prince of Persia_Data\StreamingAssets\aa\StandaloneWindows64\skins_assets_princecoloralt-goku-prefab.bundle",12089,12089,10708,0
"FFD7C54EC5B289D492D36E0F56302E6906082871",".\The Rogue Prince of Persia_Data\StreamingAssets\aa\StandaloneWindows64\skins_assets_princecoloralt-plomber-prefab.bundle",12063,12063,10745,0
"FFD7C54EC5B289D492D36E0F56302E6906082871",".\The Rogue Prince of Persia_Data\StreamingAssets\aa\StandaloneWindows64\skins_assets_princecoloralt-rocklee-prefab.bundle",12067,12067,10688,0
"FFD7C54EC5B289D492D36E0F56302E6906082871",".\The Rogue Prince of Persia_Data\StreamingAssets\aa\StandaloneWindows64\skins_assets_princecoloralt-valentine-prefab.bundle",12073,12073,10675,0
"FFD7C54EC5B289D492D36E0F56302E6906082871",".\The Rogue Prince of Persia_Data\StreamingAssets\aa\StandaloneWindows64\skins_assets_princecoloralt-wanderer-prefab.bundle",12054,12054,10717,0
"FFD7C54EC5B289D492D36E0F56302E6906082871",".\The Rogue Prince of Persia_Data\StreamingAssets\aa\StandaloneWindows64\skins_assets_princecoloralt1989mesh.bundle",12077,12077,10700,0
"FFD7C54EC5B289D492D36E0F56302E6906082871",".\The Rogue Prince of Persia_Data\StreamingAssets\aa\StandaloneWindows64\skins_assets_princecoloralt1989mesh1.bundle",427944,427944,339259,0
"FFD7C54EC5B289D492D36E0F56302E6906082871",".\The Rogue Prince of Persia_Data\StreamingAssets\aa\StandaloneWindows64\skins_assets_princecoloraltauroremesh.bundle",418044,418044,325423,0
"FFD7C54EC5B289D492D36E0F56302E6906082871",".\The Rogue Prince of Persia_Data\StreamingAssets\aa\StandaloneWindows64\skins_assets_princecoloraltauroremesh1.bundle",12085,12085,10694,0
"FFD7C54EC5B289D492D36E0F56302E6906082871",".\The Rogue Prince of Persia_Data\StreamingAssets\aa\StandaloneWindows64\skins_assets_princecoloraltblackmesh.bundle",340888,340888,262105,0
"FFD7C54EC5B289D492D36E0F56302E6906082871",".\The Rogue Prince of Persia_Data\StreamingAssets\aa\StandaloneWindows64\skins_assets_princecoloraltblackmesh1.bundle",11914,11914,10527,0
"FFD7C54EC5B289D492D36E0F56302E6906082871",".\The Rogue Prince of Persia_Data\StreamingAssets\aa\StandaloneWindows64\skins_assets_princecoloraltbluemesh.bundle",417400,417400,325968,0
"FFD7C54EC5B289D492D36E0F56302E6906082871",".\The Rogue Prince of Persia_Data\StreamingAssets\aa\StandaloneWindows64\skins_assets_princecoloraltbluemesh1.bundle",12067,12067,10647,0
"FFD7C54EC5B289D492D36E0F56302E6906082871",".\The Rogue Prince of Persia_Data\StreamingAssets\aa\StandaloneWindows64\skins_assets_princecoloraltevilempiremesh.bundle",468278,468278,367093,0
"FFD7C54EC5B289D492D36E0F56302E6906082871",".\The Rogue Prince of Persia_Data\StreamingAssets\aa\StandaloneWindows64\skins_assets_princecoloraltevilempiremesh1.bundle",11925,11925,10550,0
"FFD7C54EC5B289D492D36E0F56302E6906082871",".\The Rogue Prince of Persia_Data\StreamingAssets\aa\StandaloneWindows64\skins_assets_princecoloraltgokumesh.bundle",426623,426623,336979,0
"FFD7C54EC5B289D492D36E0F56302E6906082871",".\The Rogue Prince of Persia_Data\StreamingAssets\aa\StandaloneWindows64\skins_assets_princecoloraltgoldmesh.bundle",12056,12056,10654,0
"FFD7C54EC5B289D492D36E0F56302E6906082871",".\The Rogue Prince of Persia_Data\StreamingAssets\aa\StandaloneWindows64\skins_assets_princecoloraltgoldmesh1.bundle",416507,416507,323932,0
"FFD7C54EC5B289D492D36E0F56302E6906082871",".\The Rogue Prince of Persia_Data\StreamingAssets\aa\StandaloneWindows64\skins_assets_princecoloraltgreenmesh.bundle",421460,421460,326878,0
"FFD7C54EC5B289D492D36E0F56302E6906082871",".\The Rogue Prince of Persia_Data\StreamingAssets\aa\StandaloneWindows64\skins_assets_princecoloraltgreenmesh1.bundle",12048,12048,10655,0
"FFD7C54EC5B289D492D36E0F56302E6906082871",".\The Rogue Prince of Persia_Data\StreamingAssets\aa\StandaloneWindows64\skins_assets_princecoloraltorangemesh.bundle",12207,12207,10877,0
"FFD7C54EC5B289D492D36E0F56302E6906082871",".\The Rogue Prince of Persia_Data\StreamingAssets\aa\StandaloneWindows64\skins_assets_princecoloraltorangemesh1.bundle",418195,418195,325276,0
"FFD7C54EC5B289D492D36E0F56302E6906082871",".\The Rogue Prince of Persia_Data\StreamingAssets\aa\StandaloneWindows64\skins_assets_princecoloraltpastelmesh.bundle",416218,416218,324541,0
"FFD7C54EC5B289D492D36E0F56302E6906082871",".\The Rogue Prince of Persia_Data\StreamingAssets\aa\StandaloneWindows64\skins_assets_princecoloraltpastelmesh1.bundle",12046,12046,10694,0
"FFD7C54EC5B289D492D36E0F56302E6906082871",".\The Rogue Prince of Persia_Data\StreamingAssets\aa\StandaloneWindows64\skins_assets_princecoloraltpinkmesh.bundle",417208,417208,326583,0
"FFD7C54EC5B289D492D36E0F56302E6906082871",".\The Rogue Prince of Persia_Data\StreamingAssets\aa\StandaloneWindows64\skins_assets_princecoloraltpinkmesh1.bundle",12076,12076,10690,0
"FFD7C54EC5B289D492D36E0F56302E6906082871",".\The Rogue Prince of Persia_Data\StreamingAssets\aa\StandaloneWindows64\skins_assets_princecoloraltplombermesh.bundle",423554,423554,333633,0
"FFD7C54EC5B289D492D36E0F56302E6906082871",".\The Rogue Prince of Persia_Data\StreamingAssets\aa\StandaloneWindows64\skins_assets_princecoloraltpurplemesh.bundle",12087,12087,10673,0
"FFD7C54EC5B289D492D36E0F56302E6906082871",".\The Rogue Prince of Persia_Data\StreamingAssets\aa\StandaloneWindows64\skins_assets_princecoloraltpurplemesh1.bundle",414435,414435,325702,0
"FFD7C54EC5B289D492D36E0F56302E6906082871",".\The Rogue Prince of Persia_Data\StreamingAssets\aa\StandaloneWindows64\skins_assets_princecoloraltquentinmesh.bundle",427847,427847,330947,0
"FFD7C54EC5B289D492D36E0F56302E6906082871",".\The Rogue Prince of Persia_Data\StreamingAssets\aa\StandaloneWindows64\skins_assets_princecoloraltquentinmesh1.bundle",12054,12054,10685,0
"FFD7C54EC5B289D492D36E0F56302E6906082871",".\The Rogue Prince of Persia_Data\StreamingAssets\aa\StandaloneWindows64\skins_assets_princecoloraltrockleemesh.bundle",431266,431266,339118,0
"FFD7C54EC5B289D492D36E0F56302E6906082871",".\The Rogue Prince of Persia_Data\StreamingAssets\aa\StandaloneWindows64\skins_assets_princecoloraltryumesh.bundle",426778,426778,335856,0
"FFD7C54EC5B289D492D36E0F56302E6906082871",".\The Rogue Prince of Persia_Data\StreamingAssets\aa\StandaloneWindows64\skins_assets_princecoloraltryumesh1.bundle",12073,12073,10683,0
"FFD7C54EC5B289D492D36E0F56302E6906082871",".\The Rogue Prince of Persia_Data\StreamingAssets\aa\StandaloneWindows64\skins_assets_princecoloraltshadowmesh.bundle",12044,12044,10666,0
"FFD7C54EC5B289D492D36E0F56302E6906082871",".\The Rogue Prince of Persia_Data\StreamingAssets\aa\StandaloneWindows64\skins_assets_princecoloraltshadowmesh1.bundle",418028,418028,325760,0
"FFD7C54EC5B289D492D36E0F56302E6906082871",".\The Rogue Prince of Persia_Data\StreamingAssets\aa\StandaloneWindows64\skins_assets_princecoloraltvalentinemesh.bundle",428594,428594,337727,0
"FFD7C54EC5B289D492D36E0F56302E6906082871",".\The Rogue Prince of Persia_Data\StreamingAssets\aa\StandaloneWindows64\skins_assets_princecoloraltwanderermesh.bundle",433325,433325,341630,0
"FFD7C54EC5B289D492D36E0F56302E6906082871",".\The Rogue Prince of Persia_Data\StreamingAssets\aa\StandaloneWindows64\skins_assets_princecoloraltwhitemesh.bundle",12099,12099,10674,0
"FFD7C54EC5B289D492D36E0F56302E6906082871",".\The Rogue Prince of Persia_Data\StreamingAssets\aa\StandaloneWindows64\skins_assets_princecoloraltwhitemesh1.bundle",418340,418340,322778,0
"FFD7C54EC5B289D492D36E0F56302E6906082871",".\The Rogue Prince of Persia_Data\StreamingAssets\aa\StandaloneWindows64\skins_assets_princecoloraltyellowmesh.bundle",422744,422744,326816,0
"FFD7C54EC5B289D492D36E0F56302E6906082871",".\The Rogue Prince of Persia_Data\StreamingAssets\aa\StandaloneWindows64\skins_assets_princecoloraltyellowmesh1.bundle",12076,12076,10691,0
"FFD7C54EC5B289D492D36E0F56302E6906082871",".\The Rogue Prince of Persia_Data\StreamingAssets\aa\StandaloneWindows64\skins_assets_princeskin-00-default-prefab.bundle",12082,12082,10698,0
"FFD7C54EC5B289D492D36E0F56302E6906082871",".\The Rogue Prince of Persia_Data\StreamingAssets\aa\StandaloneWindows64\skins_assets_princeskin-2008-prefab.bundle",12586,12586,11155,0
"FFD7C54EC5B289D492D36E0F56302E6906082871",".\The Rogue Prince of Persia_Data\StreamingAssets\aa\StandaloneWindows64\skins_assets_princeskin-altan-prefab.bundle",12211,12211,10837,0
"FFD7C54EC5B289D492D36E0F56302E6906082871",".\The Rogue Prince of Persia_Data\StreamingAssets\aa\StandaloneWindows64\skins_assets_princeskin-armorperozbroken-prefab.bundle",12097,12097,10697,0
"FFD7C54EC5B289D492D36E0F56302E6906082871",".\The Rogue Prince of Persia_Data\StreamingAssets\aa\StandaloneWindows64\skins_assets_princeskin-azadeh-prefab.bundle",12058,12058,10684,0
"FFD7C54EC5B289D492D36E0F56302E6906082871",".\The Rogue Prince of Persia_Data\StreamingAssets\aa\StandaloneWindows64\skins_assets_princeskin-baatar-prefab.bundle",12698,12698,11238,0
"FFD7C54EC5B289D492D36E0F56302E6906082871",".\The Rogue Prince of Persia_Data\StreamingAssets\aa\StandaloneWindows64\skins_assets_princeskin-berude-prefab.bundle",12577,12577,11141,0
"FFD7C54EC5B289D492D36E0F56302E6906082871",".\The Rogue Prince of Persia_Data\StreamingAssets\aa\StandaloneWindows64\skins_assets_princeskin-blasphemous-prefab.bundle",11919,11919,10579,0
"FFD7C54EC5B289D492D36E0F56302E6906082871",".\The Rogue Prince of Persia_Data\StreamingAssets\aa\StandaloneWindows64\skins_assets_princeskin-corrupted-prefab.bundle",12256,12256,10855,0
"FFD7C54EC5B289D492D36E0F56302E6906082871",".\The Rogue Prince of Persia_Data\StreamingAssets\aa\StandaloneWindows64\skins_assets_princeskin-dyzzyd-prefab.bundle",12191,12191,10787,0
"FFD7C54EC5B289D492D36E0F56302E6906082871",".\The Rogue Prince of Persia_Data\StreamingAssets\aa\StandaloneWindows64\skins_assets_princeskin-evilguy-prefab.bundle",12082,12082,10708,0
"FFD7C54EC5B289D492D36E0F56302E6906082871",".\The Rogue Prince of Persia_Data\StreamingAssets\aa\StandaloneWindows64\skins_assets_princeskin-ezio-prefab.bundle",13956,13956,12353,0
"FFD7C54EC5B289D492D36E0F56302E6906082871",".\The Rogue Prince of Persia_Data\StreamingAssets\aa\StandaloneWindows64\skins_assets_princeskin-feriel-prefab.bundle",12187,12187,10790,0
"FFD7C54EC5B289D492D36E0F56302E6906082871",".\The Rogue Prince of Persia_Data\StreamingAssets\aa\StandaloneWindows64\skins_assets_princeskin-forgottensands-prefab.bundle",12193,12193,10824,0
"FFD7C54EC5B289D492D36E0F56302E6906082871",".\The Rogue Prince of Persia_Data\StreamingAssets\aa\StandaloneWindows64\skins_assets_princeskin-hot-prefab.bundle",12156,12156,10845,0
"FFD7C54EC5B289D492D36E0F56302E6906082871",".\The Rogue Prince of Persia_Data\StreamingAssets\aa\StandaloneWindows64\skins_assets_princeskin-hotter-prefab.bundle",12432,12432,10955,0
"FFD7C54EC5B289D492D36E0F56302E6906082871",".\The Rogue Prince of Persia_Data\StreamingAssets\aa\StandaloneWindows64\skins_assets_princeskin-huns.bundle",12192,12192,10799,0
"FFD7C54EC5B289D492D36E0F56302E6906082871",".\The Rogue Prince of Persia_Data\StreamingAssets\aa\StandaloneWindows64\skins_assets_princeskin-kaali-prefab.bundle",12745,12745,11292,0
"FFD7C54EC5B289D492D36E0F56302E6906082871",".\The Rogue Prince of Persia_Data\StreamingAssets\aa\StandaloneWindows64\skins_assets_princeskin-katanazero-prefab.bundle",12058,12058,10674,0
"FFD7C54EC5B289D492D36E0F56302E6906082871",".\The Rogue Prince of Persia_Data\StreamingAssets\aa\StandaloneWindows64\skins_assets_princeskin-laleh-prefab.bundle",12167,12167,10763,0
"FFD7C54EC5B289D492D36E0F56302E6906082871",".\The Rogue Prince of Persia_Data\StreamingAssets\aa\StandaloneWindows64\skins_assets_princeskin-leper-prefab.bundle",11908,11908,10520,0
"FFD7C54EC5B289D492D36E0F56302E6906082871",".\The Rogue Prince of Persia_Data\StreamingAssets\aa\StandaloneWindows64\skins_assets_princeskin-moonlighter-prefab.bundle",11912,11912,10519,0
"FFD7C54EC5B289D492D36E0F56302E6906082871",".\The Rogue Prince of Persia_Data\StreamingAssets\aa\StandaloneWindows64\skins_assets_princeskin-neverway-prefab.bundle",11896,11896,10535,0
"FFD7C54EC5B289D492D36E0F56302E6906082871",".\The Rogue Prince of Persia_Data\StreamingAssets\aa\StandaloneWindows64\skins_assets_princeskin-nogai-prefab.bundle",12081,12081,10680,0
"FFD7C54EC5B289D492D36E0F56302E6906082871",".\The Rogue Prince of Persia_Data\StreamingAssets\aa\StandaloneWindows64\skins_assets_princeskin-none.bundle",4638,4638,3815,0
"FFD7C54EC5B289D492D36E0F56302E6906082871",".\The Rogue Prince of Persia_Data\StreamingAssets\aa\StandaloneWindows64\skins_assets_princeskin-nyamtur-prefab.bundle",12719,12719,11300,0
"FFD7C54EC5B289D492D36E0F56302E6906082871",".\The Rogue Prince of Persia_Data\StreamingAssets\aa\StandaloneWindows64\skins_assets_princeskin-og-prefab.bundle",13650,13650,12123,0
"FFD7C54EC5B289D492D36E0F56302E6906082871",".\The Rogue Prince of Persia_Data\StreamingAssets\aa\StandaloneWindows64\skins_assets_princeskin-purpleold-prefab.bundle",12237,12237,10834,0
"FFD7C54EC5B289D492D36E0F56302E6906082871",".\The Rogue Prince of Persia_Data\StreamingAssets\aa\StandaloneWindows64\skins_assets_princeskin-sargon-prefab.bundle",12194,12194,10815,0
"FFD7C54EC5B289D492D36E0F56302E6906082871",".\The Rogue Prince of Persia_Data\StreamingAssets\aa\StandaloneWindows64\skins_assets_princeskin-sassanian-prefab.bundle",12068,12068,10703,0
"FFD7C54EC5B289D492D36E0F56302E6906082871",".\The Rogue Prince of Persia_Data\StreamingAssets\aa\StandaloneWindows64\skins_assets_princeskin-sot-prefab.bundle",12051,12051,10639,0
"FFD7C54EC5B289D492D36E0F56302E6906082871",".\The Rogue Prince of Persia_Data\StreamingAssets\aa\StandaloneWindows64\skins_assets_princeskin-splintercell-prefab.bundle",14422,14422,12856,0
"FFD7C54EC5B289D492D36E0F56302E6906082871",".\The Rogue Prince of Persia_Data\StreamingAssets\aa\StandaloneWindows64\skins_assets_princeskin-sukhra-prefab.bundle",12208,12208,10887,0
"FFD7C54EC5B289D492D36E0F56302E6906082871",".\The Rogue Prince of Persia_Data\StreamingAssets\aa\StandaloneWindows64\skins_assets_princeskin-twothrones-prefab.bundle",12230,12230,10798,0
"FFD7C54EC5B289D492D36E0F56302E6906082871",".\The Rogue Prince of Persia_Data\StreamingAssets\aa\StandaloneWindows64\skins_assets_princeskin-warriorwithin-prefab.bundle",12227,12227,10846,0
"FFD7C54EC5B289D492D36E0F56302E6906082871",".\The Rogue Prince of Persia_Data\StreamingAssets\aa\StandaloneWindows64\skins_assets_princeskin2008.bundle",629078,629078,477396,0
"FFD7C54EC5B289D492D36E0F56302E6906082871",".\The Rogue Prince of Persia_Data\StreamingAssets\aa\StandaloneWindows64\skins_assets_princeskin33immortals.bundle",11901,11901,10526,0
"FFD7C54EC5B289D492D36E0F56302E6906082871",".\The Rogue Prince of Persia_Data\StreamingAssets\aa\StandaloneWindows64\skins_assets_princeskin33immortals1.bundle",374499,374499,290011,0
"FFD7C54EC5B289D492D36E0F56302E6906082871",".\The Rogue Prince of Persia_Data\StreamingAssets\aa\StandaloneWindows64\skins_assets_princeskinaltan.bundle",570364,570364,437981,0
"FFD7C54EC5B289D492D36E0F56302E6906082871",".\The Rogue Prince of Persia_Data\StreamingAssets\aa\StandaloneWindows64\skins_assets_princeskinarmorperoz.bundle",681946,681946,512487,0
"FFD7C54EC5B289D492D36E0F56302E6906082871",".\The Rogue Prince of Persia_Data\StreamingAssets\aa\StandaloneWindows64\skins_assets_princeskinarmorperoz1.bundle",12060,12060,10723,0
"FFD7C54EC5B289D492D36E0F56302E6906082871",".\The Rogue Prince of Persia_Data\StreamingAssets\aa\StandaloneWindows64\skins_assets_princeskinarmorperozcapetorn.bundle",675850,675850,510116,0
"FFD7C54EC5B289D492D36E0F56302E6906082871",".\The Rogue Prince of Persia_Data\StreamingAssets\aa\StandaloneWindows64\skins_assets_princeskinazadeh.bundle",432913,432913,337569,0
"FFD7C54EC5B289D492D36E0F56302E6906082871",".\The Rogue Prince of Persia_Data\StreamingAssets\aa\StandaloneWindows64\skins_assets_princeskinbaatar.bundle",670755,670755,503590,0
"FFD7C54EC5B289D492D36E0F56302E6906082871",".\The Rogue Prince of Persia_Data\StreamingAssets\aa\StandaloneWindows64\skins_assets_princeskinberude.bundle",614101,614101,473047,0
"FFD7C54EC5B289D492D36E0F56302E6906082871",".\The Rogue Prince of Persia_Data\StreamingAssets\aa\StandaloneWindows64\skins_assets_princeskinblasphemous.bundle",434851,434851,326678,0
"FFD7C54EC5B289D492D36E0F56302E6906082871",".\The Rogue Prince of Persia_Data\StreamingAssets\aa\StandaloneWindows64\skins_assets_princeskincorrupted.bundle",541853,541853,420182,0
"FFD7C54EC5B289D492D36E0F56302E6906082871",".\The Rogue Prince of Persia_Data\StreamingAssets\aa\StandaloneWindows64\skins_assets_princeskindyzzyd.bundle",540429,540429,418907,0
"FFD7C54EC5B289D492D36E0F56302E6906082871",".\The Rogue Prince of Persia_Data\StreamingAssets\aa\StandaloneWindows64\skins_assets_princeskinevilguy.bundle",466407,466407,368160,0
"FFD7C54EC5B289D492D36E0F56302E6906082871",".\The Rogue Prince of Persia_Data\StreamingAssets\aa\StandaloneWindows64\skins_assets_princeskinezio.bundle",652342,652342,504273,0
"FFD7C54EC5B289D492D36E0F56302E6906082871",".\The Rogue Prince of Persia_Data\StreamingAssets\aa\StandaloneWindows64\skins_assets_princeskinferiel.bundle",546625,546625,423525,0
"FFD7C54EC5B289D492D36E0F56302E6906082871",".\The Rogue Prince of Persia_Data\StreamingAssets\aa\StandaloneWindows64\skins_assets_princeskinforgottensands.bundle",587442,587442,454928,0
"FFD7C54EC5B289D492D36E0F56302E6906082871",".\The Rogue Prince of Persia_Data\StreamingAssets\aa\StandaloneWindows64\skins_assets_princeskinhot.bundle",520172,520172,408265,0
"FFD7C54EC5B289D492D36E0F56302E6906082871",".\The Rogue Prince of Persia_Data\StreamingAssets\aa\StandaloneWindows64\skins_assets_princeskinhotter.bundle",445722,445722,348654,0
"FFD7C54EC5B289D492D36E0F56302E6906082871",".\The Rogue Prince of Persia_Data\StreamingAssets\aa\StandaloneWindows64\skins_assets_princeskinhuns.bundle",524408,524408,403402,0
"FFD7C54EC5B289D492D36E0F56302E6906082871",".\The Rogue Prince of Persia_Data\StreamingAssets\aa\StandaloneWindows64\skins_assets_princeskinkaali.bundle",601608,601608,456267,0
"FFD7C54EC5B289D492D36E0F56302E6906082871",".\The Rogue Prince of Persia_Data\StreamingAssets\aa\StandaloneWindows64\skins_assets_princeskinkatanazero.bundle",432161,432161,332643,0
"FFD7C54EC5B289D492D36E0F56302E6906082871",".\The Rogue Prince of Persia_Data\StreamingAssets\aa\StandaloneWindows64\skins_assets_princeskinlaleh.bundle",497748,497748,393016,0
"FFD7C54EC5B289D492D36E0F56302E6906082871",".\The Rogue Prince of Persia_Data\StreamingAssets\aa\StandaloneWindows64\skins_assets_princeskinleper.bundle",436470,436470,324489,0
"FFD7C54EC5B289D492D36E0F56302E6906082871",".\The Rogue Prince of Persia_Data\StreamingAssets\aa\StandaloneWindows64\skins_assets_princeskinmoonlighter.bundle",394005,394005,304699,0
"FFD7C54EC5B289D492D36E0F56302E6906082871",".\The Rogue Prince of Persia_Data\StreamingAssets\aa\StandaloneWindows64\skins_assets_princeskinneverway.bundle",404555,404555,303512,0
"FFD7C54EC5B289D492D36E0F56302E6906082871",".\The Rogue Prince of Persia_Data\StreamingAssets\aa\StandaloneWindows64\skins_assets_princeskinnogai.bundle",534006,534006,414775,0
"FFD7C54EC5B289D492D36E0F56302E6906082871",".\The Rogue Prince of Persia_Data\StreamingAssets\aa\StandaloneWindows64\skins_assets_princeskinnyamtur.bundle",488959,488959,376076,0
"FFD7C54EC5B289D492D36E0F56302E6906082871",".\The Rogue Prince of Persia_Data\StreamingAssets\aa\StandaloneWindows64\skins_assets_princeskinog.bundle",370721,370721,288216,0
"FFD7C54EC5B289D492D36E0F56302E6906082871",".\The Rogue Prince of Persia_Data\StreamingAssets\aa\StandaloneWindows64\skins_assets_princeskinpaachi.bundle",534850,534850,401471,0
"FFD7C54EC5B289D492D36E0F56302E6906082871",".\The Rogue Prince of Persia_Data\StreamingAssets\aa\StandaloneWindows64\skins_assets_princeskinpaachi1.bundle",12590,12590,11170,0
"FFD7C54EC5B289D492D36E0F56302E6906082871",".\The Rogue Prince of Persia_Data\StreamingAssets\aa\StandaloneWindows64\skins_assets_princeskinpurple.bundle",510664,510664,406621,0
"FFD7C54EC5B289D492D36E0F56302E6906082871",".\The Rogue Prince of Persia_Data\StreamingAssets\aa\StandaloneWindows64\skins_assets_princeskinrayman.bundle",372152,372152,288656,0
"FFD7C54EC5B289D492D36E0F56302E6906082871",".\The Rogue Prince of Persia_Data\StreamingAssets\aa\StandaloneWindows64\skins_assets_princeskinrayman1.bundle",13114,13114,11561,0
"FFD7C54EC5B289D492D36E0F56302E6906082871",".\The Rogue Prince of Persia_Data\StreamingAssets\aa\StandaloneWindows64\skins_assets_princeskinsargon.bundle",635352,635352,481182,0
"FFD7C54EC5B289D492D36E0F56302E6906082871",".\The Rogue Prince of Persia_Data\StreamingAssets\aa\StandaloneWindows64\skins_assets_princeskinsassanian.bundle",471629,471629,364623,0
"FFD7C54EC5B289D492D36E0F56302E6906082871",".\The Rogue Prince of Persia_Data\StreamingAssets\aa\StandaloneWindows64\skins_assets_princeskinshahin-prefab.bundle",12062,12062,10684,0
"FFD7C54EC5B289D492D36E0F56302E6906082871",".\The Rogue Prince of Persia_Data\StreamingAssets\aa\StandaloneWindows64\skins_assets_princeskinshahin.bundle",453861,453861,352697,0
"FFD7C54EC5B289D492D36E0F56302E6906082871",".\The Rogue Prince of Persia_Data\StreamingAssets\aa\StandaloneWindows64\skins_assets_princeskinslaythespire.bundle",462860,462860,355983,0
"FFD7C54EC5B289D492D36E0F56302E6906082871",".\The Rogue Prince of Persia_Data\StreamingAssets\aa\StandaloneWindows64\skins_assets_princeskinslaythespire1.bundle",11934,11934,10544,0
"FFD7C54EC5B289D492D36E0F56302E6906082871",".\The Rogue Prince of Persia_Data\StreamingAssets\aa\StandaloneWindows64\skins_assets_princeskinsot.bundle",501323,501323,384309,0
"FFD7C54EC5B289D492D36E0F56302E6906082871",".\The Rogue Prince of Persia_Data\StreamingAssets\aa\StandaloneWindows64\skins_assets_princeskinsplintercell.bundle",515263,515263,372822,0
"FFD7C54EC5B289D492D36E0F56302E6906082871",".\The Rogue Prince of Persia_Data\StreamingAssets\aa\StandaloneWindows64\skins_assets_princeskinsukhra.bundle",515398,515398,398967,0
"FFD7C54EC5B289D492D36E0F56302E6906082871",".\The Rogue Prince of Persia_Data\StreamingAssets\aa\StandaloneWindows64\skins_assets_princeskintwothrones.bundle",597457,597457,454156,0
"FFD7C54EC5B289D492D36E0F56302E6906082871",".\The Rogue Prince of Persia_Data\StreamingAssets\aa\StandaloneWindows64\skins_assets_princeskinwarriorwithin.bundle",587262,587262,447718,0
"FFD7C54EC5B289D492D36E0F56302E6906082871",".\The Rogue Prince of Persia_Data\StreamingAssets\aa\StandaloneWindows64\temple_biome_assets_all.bundle",12573633,12573633,9421324,0
"FFD7C54EC5B289D492D36E0F56302E6906082871",".\The Rogue Prince of Persia_Data\StreamingAssets\aa\StandaloneWindows64\temple_rooms_assets_all.bundle",6110192,6110192,4203340,0
"FFD7C54EC5B289D492D36E0F56302E6906082871",".\The Rogue Prince of Persia_Data\StreamingAssets\aa\StandaloneWindows64\tools_assets_berude's-gauntlet.bundle",1019115,1019115,776405,0
"FFD7C54EC5B289D492D36E0F56302E6906082871",".\The Rogue Prince of Persia_Data\StreamingAssets\aa\StandaloneWindows64\tools_assets_blowgun.bundle",612442,612442,500130,0
"FFD7C54EC5B289D492D36E0F56302E6906082871",".\The Rogue Prince of Persia_Data\StreamingAssets\aa\StandaloneWindows64\tools_assets_bow.bundle",611277,611277,514041,0
"FFD7C54EC5B289D492D36E0F56302E6906082871",".\The Rogue Prince of Persia_Data\StreamingAssets\aa\StandaloneWindows64\tools_assets_chakram.bundle",254521,254521,204503,0
"FFD7C54EC5B289D492D36E0F56302E6906082871",".\The Rogue Prince of Persia_Data\StreamingAssets\aa\StandaloneWindows64\tools_assets_firevial.bundle",384188,384188,305351,0
"FFD7C54EC5B289D492D36E0F56302E6906082871",".\The Rogue Prince of Persia_Data\StreamingAssets\aa\StandaloneWindows64\tools_assets_grapplinghook.bundle",766449,766449,605317,0
"FFD7C54EC5B289D492D36E0F56302E6906082871",".\The Rogue Prince of Persia_Data\StreamingAssets\aa\StandaloneWindows64\tools_assets_ninjaspirit.bundle",411094,411094,318884,0
"FFD7C54EC5B289D492D36E0F56302E6906082871",".\The Rogue Prince of Persia_Data\StreamingAssets\aa\StandaloneWindows64\tools_assets_rewindtool.bundle",832044,832044,664219,0
"FFD7C54EC5B289D492D36E0F56302E6906082871",".\The Rogue Prince of Persia_Data\StreamingAssets\aa\StandaloneWindows64\tools_assets_saw.bundle",286207,286207,218789,0
"FFD7C54EC5B289D492D36E0F56302E6906082871",".\The Rogue Prince of Persia_Data\StreamingAssets\aa\StandaloneWindows64\troglodyte_biome_assets_all.bundle",14138727,14138727,10777614,0
"FFD7C54EC5B289D492D36E0F56302E6906082871",".\The Rogue Prince of Persia_Data\StreamingAssets\aa\StandaloneWindows64\troglodyte_rooms_assets_all.bundle",6958564,6958564,4730215,0
"FFD7C54EC5B289D492D36E0F56302E6906082871",".\The Rogue Prince of Persia_Data\StreamingAssets\aa\StandaloneWindows64\tuto_biome_assets_all.bundle",17394599,17394599,16420323,0
"FFD7C54EC5B289D492D36E0F56302E6906082871",".\The Rogue Prince of Persia_Data\StreamingAssets\aa\StandaloneWindows64\tuto_rooms_assets_all.bundle",3177320,3177320,1679032,0
"FFD7C54EC5B289D492D36E0F56302E6906082871",".\The Rogue Prince of Persia_Data\StreamingAssets\aa\StandaloneWindows64\zh-cn_assets_all.bundle",210317,210317,181712,0
"FFD7C54EC5B289D492D36E0F56302E6906082871",".\The Rogue Prince of Persia_Data\StreamingAssets\aa\StandaloneWindows64\zh-tw_assets_all.bundle",202179,202179,174231,0
"FFD7C54EC5B289D492D36E0F56302E6906082871",".\The Rogue Prince of Persia_Data\StreamingAssets\aa\StandaloneWindows64\tools_assets_assets\gamecontent\tools\altantool.bundle",3074402,3074402,2456760,0
"FFD7C54EC5B289D492D36E0F56302E6906082871",".\The Rogue Prince of Persia_Data\StreamingAssets\aa\StandaloneWindows64\tools_assets_assets\gamecontent\tools\corruptedorb.bundle",221051,221051,176747,0
"FFD7C54EC5B289D492D36E0F56302E6906082871",".\The Rogue Prince of Persia_Data\StreamingAssets\aa\StandaloneWindows64\weapons_assets_assets\gamecontent\weapons\baatarhorns.bundle",1878508,1878508,1457123,0
"FFD7C54EC5B289D492D36E0F56302E6906082871",".\The Rogue Prince of Persia_Data\StreamingAssets\aa\StandaloneWindows64\weapons_assets_assets\gamecontent\weapons\baghnakh.bundle",1548505,1548505,1280190,0
"FFD7C54EC5B289D492D36E0F56302E6906082871",".\The Rogue Prince of Persia_Data\StreamingAssets\aa\StandaloneWindows64\weapons_assets_assets\gamecontent\weapons\battleaxe.bundle",1559979,1559979,1297700,0
"FFD7C54EC5B289D492D36E0F56302E6906082871",".\The Rogue Prince of Persia_Data\StreamingAssets\aa\StandaloneWindows64\weapons_assets_assets\gamecontent\weapons\broadsword.bundle",1445528,1445528,1182235,0
"FFD7C54EC5B289D492D36E0F56302E6906082871",".\The Rogue Prince of Persia_Data\StreamingAssets\aa\StandaloneWindows64\weapons_assets_assets\gamecontent\weapons\censer.bundle",1754923,1754923,1409623,0
"FFD7C54EC5B289D492D36E0F56302E6906082871",".\The Rogue Prince of Persia_Data\StreamingAssets\aa\StandaloneWindows64\weapons_assets_assets\gamecontent\weapons\cests.bundle",1879958,1879958,1549914,0
"FFD7C54EC5B289D492D36E0F56302E6906082871",".\The Rogue Prince of Persia_Data\StreamingAssets\aa\StandaloneWindows64\weapons_assets_assets\gamecontent\weapons\corruptedsword.bundle",2486433,2486433,1947713,0
"FFD7C54EC5B289D492D36E0F56302E6906082871",".\The Rogue Prince of Persia_Data\StreamingAssets\aa\StandaloneWindows64\weapons_assets_assets\gamecontent\weapons\daggerharpoon.bundle",1646417,1646417,1361879,0
"FFD7C54EC5B289D492D36E0F56302E6906082871",".\The Rogue Prince of Persia_Data\StreamingAssets\aa\StandaloneWindows64\weapons_assets_assets\gamecontent\weapons\dualaxes.bundle",1791750,1791750,1320409,0
"FFD7C54EC5B289D492D36E0F56302E6906082871",".\The Rogue Prince of Persia_Data\StreamingAssets\aa\StandaloneWindows64\weapons_assets_assets\gamecontent\weapons\dualdaggers.bundle",1025920,1025920,855331,0
"FFD7C54EC5B289D492D36E0F56302E6906082871",".\The Rogue Prince of Persia_Data\StreamingAssets\aa\StandaloneWindows64\weapons_assets_assets\gamecontent\weapons\hammerknife.bundle",1317883,1317883,1086118,0
"FFD7C54EC5B289D492D36E0F56302E6906082871",".\The Rogue Prince of Persia_Data\StreamingAssets\aa\StandaloneWindows64\weapons_assets_assets\gamecontent\weapons\handedaxe.bundle",1024196,1024196,855888,0
"FFD7C54EC5B289D492D36E0F56302E6906082871",".\The Rogue Prince of Persia_Data\StreamingAssets\aa\StandaloneWindows64\weapons_assets_assets\gamecontent\weapons\javelin.bundle",1480218,1480218,1165135,0
"FFD7C54EC5B289D492D36E0F56302E6906082871",".\The Rogue Prince of Persia_Data\StreamingAssets\aa\StandaloneWindows64\weapons_assets_assets\gamecontent\weapons\kaaliweapon.bundle",1448532,1448532,1192890,0
"FFD7C54EC5B289D492D36E0F56302E6906082871",".\The Rogue Prince of Persia_Data\StreamingAssets\aa\StandaloneWindows64\weapons_assets_assets\gamecontent\weapons\longsword.bundle",1566777,1566777,1310688,0
"FFD7C54EC5B289D492D36E0F56302E6906082871",".\The Rogue Prince of Persia_Data\StreamingAssets\aa\StandaloneWindows64\weapons_assets_assets\gamecontent\weapons\mace.bundle",1043715,1043715,848358,0
"FFD7C54EC5B289D492D36E0F56302E6906082871",".\The Rogue Prince of Persia_Data\StreamingAssets\aa\StandaloneWindows64\weapons_assets_assets\gamecontent\weapons\monkstaff.bundle",1176006,1176006,968062,0
"FFD7C54EC5B289D492D36E0F56302E6906082871",".\The Rogue Prince of Persia_Data\StreamingAssets\aa\StandaloneWindows64\weapons_assets_assets\gamecontent\weapons\nogaiweapon.bundle",2612525,2612525,2122533,0
"FFD7C54EC5B289D492D36E0F56302E6906082871",".\The Rogue Prince of Persia_Data\StreamingAssets\aa\StandaloneWindows64\weapons_assets_assets\gamecontent\weapons\pan.bundle",1421967,1421967,1127511,0
"FFD7C54EC5B289D492D36E0F56302E6906082871",".\The Rogue Prince of Persia_Data\StreamingAssets\aa\StandaloneWindows64\weapons_assets_assets\gamecontent\weapons\poisonedclaws.bundle",972171,972171,758047,0
"FFD7C54EC5B289D492D36E0F56302E6906082871",".\The Rogue Prince of Persia_Data\StreamingAssets\aa\StandaloneWindows64\weapons_assets_assets\gamecontent\weapons\spear.bundle",1674473,1674473,1321441,0
"FFD7C54EC5B289D492D36E0F56302E6906082871",".\The Rogue Prince of Persia_Data\StreamingAssets\aa\StandaloneWindows64\weapons_assets_assets\gamecontent\weapons\sword.bundle",1315885,1315885,1080519,0
"FFD7C54EC5B289D492D36E0F56302E6906082871",".\The Rogue Prince of Persia_Data\StreamingAssets\aa\StandaloneWindows64\weapons_assets_assets\gamecontent\weapons\tabar.bundle",1760453,1760453,1417044,0
