"8006","161A112427D4FCC7306B0712C7B9C859F8C4DA6B","0000-00-00",567,188481817374,3798223646,33343404,3
"161A112427D4FCC7306B0712C7B9C859F8C4DA6B","ACShadows.exe",443605848,443605848,214025512,0
"161A112427D4FCC7306B0712C7B9C859F8C4DA6B","ACShadows_Plus.exe",495551832,495551832,245194674,0
"161A112427D4FCC7306B0712C7B9C859F8C4DA6B","aegir_f.dll",60080472,60080472,20252871,1
"161A112427D4FCC7306B0712C7B9C859F8C4DA6B","amd_ags_x64.dll",183128,183128,90582,1
"161A112427D4FCC7306B0712C7B9C859F8C4DA6B","amd_fidelityfx_dx12.dll",6647504,6647504,1297228,1
"161A112427D4FCC7306B0712C7B9C859F8C4DA6B","dstorage.dll",206880,206880,98301,1
"161A112427D4FCC7306B0712C7B9C859F8C4DA6B","dbdata.dll",149176,149176,70735,1
"161A112427D4FCC7306B0712C7B9C859F8C4DA6B","dstoragecore.dll",1468960,1468960,421374,1
"161A112427D4FCC7306B0712C7B9C859F8C4DA6B","GFSDK_Aftermath_Lib.x64.dll",2314848,2314848,659651,1
"161A112427D4FCC7306B0712C7B9C859F8C4DA6B","libxess.dll",77788528,77788528,45623690,1
"161A112427D4FCC7306B0712C7B9C859F8C4DA6B","libxell.dll",359792,359792,103412,1
"161A112427D4FCC7306B0712C7B9C859F8C4DA6B","libxess_fg.dll",45541752,45541752,23281092,1
"161A112427D4FCC7306B0712C7B9C859F8C4DA6B","memorywrapper_f.dll",109912,109912,54032,1
"161A112427D4FCC7306B0712C7B9C859F8C4DA6B","tobii_gameintegration_x64.dll",3144488,3144488,1095387,1
"161A112427D4FCC7306B0712C7B9C859F8C4DA6B","upc_r2_loader64.dll",151736,151736,71328,1
"161A112427D4FCC7306B0712C7B9C859F8C4DA6B","vivoxsdk.dll",12178520,12178520,6740958,1
"161A112427D4FCC7306B0712C7B9C859F8C4DA6B","D3D12\D3D12Core.dll",5401504,5401504,1241513,1
"161A112427D4FCC7306B0712C7B9C859F8C4DA6B","D3D12\d3d12SDKLayers.dll",9345440,9345440,2787158,1
"161A112427D4FCC7306B0712C7B9C859F8C4DA6B","localization.lang",23,23,32,1
"161A112427D4FCC7306B0712C7B9C859F8C4DA6B","splashscreen.png",483132,483132,483153,1
"161A112427D4FCC7306B0712C7B9C859F8C4DA6B","streaminginstall.ini",28136,28136,3354,1
"161A112427D4FCC7306B0712C7B9C859F8C4DA6B","benchmark\benchmark.dat",1768,1768,1734,1
"161A112427D4FCC7306B0712C7B9C859F8C4DA6B","benchmark\benchmark_template.html",3408711,3408711,2106041,1
"161A112427D4FCC7306B0712C7B9C859F8C4DA6B","NVStreamline\production\nvngx_dlss.dll",48971824,48971824,32698713,1
"161A112427D4FCC7306B0712C7B9C859F8C4DA6B","NVStreamline\production\nvngx_dlssg.dll",7597104,7597104,3556677,1
"161A112427D4FCC7306B0712C7B9C859F8C4DA6B","NVStreamline\production\sl.common.dll",650200,650200,244084,1
"161A112427D4FCC7306B0712C7B9C859F8C4DA6B","NVStreamline\production\sl.dlss.dll",237528,237528,91101,1
"161A112427D4FCC7306B0712C7B9C859F8C4DA6B","NVStreamline\production\sl.dlss_g.dll",451552,451552,169011,1
"161A112427D4FCC7306B0712C7B9C859F8C4DA6B","NVStreamline\production\sl.interposer.dll",540632,540632,196616,1
"161A112427D4FCC7306B0712C7B9C859F8C4DA6B","NVStreamline\production\sl.pcl.dll",175064,175064,67981,1
"161A112427D4FCC7306B0712C7B9C859F8C4DA6B","NVStreamline\production\sl.reflex.dll",198112,198112,76973,1
"161A112427D4FCC7306B0712C7B9C859F8C4DA6B","InstallerResources\VCRedist\VC_redist.x64.exe",25416016,25416016,24296337,2
"161A112427D4FCC7306B0712C7B9C859F8C4DA6B","ShaderDataDX12.bin",144538788,144538788,26701080,3
"161A112427D4FCC7306B0712C7B9C859F8C4DA6B","DataPC_boot.forge",20691288064,3511418880,2182285115,3
"161A112427D4FCC7306B0712C7B9C859F8C4DA6B","DataPC_boot_dx12.forge",256507904,256507904,217758091,3
"161A112427D4FCC7306B0712C7B9C859F8C4DA6B","DataPC_boot_sound.forge",6697680896,2402713600,2317254546,3
"161A112427D4FCC7306B0712C7B9C859F8C4DA6B","DataPC_Japan.forge",9337634816,747700224,3417208164,3
"161A112427D4FCC7306B0712C7B9C859F8C4DA6B","DataPC_Japan_dx12.forge",11042816,11042816,9500690,3
"161A112427D4FCC7306B0712C7B9C859F8C4DA6B","DataPC_Japan_sound.forge",98304,98304,13632,3
"161A112427D4FCC7306B0712C7B9C859F8C4DA6B","DataPC_Japan_nav.forge",3249111040,3249111040,3076236158,3
"161A112427D4FCC7306B0712C7B9C859F8C4DA6B","DataPC_Japan_floor.forge",664633344,664633344,643402809,3
"161A112427D4FCC7306B0712C7B9C859F8C4DA6B","DataPC_WhiteRoom.forge",450101248,450101248,320120641,3
"161A112427D4FCC7306B0712C7B9C859F8C4DA6B","DataPC_WhiteRoom_dx12.forge",458752,458752,393875,3
"161A112427D4FCC7306B0712C7B9C859F8C4DA6B","DataPC_WhiteRoom_nav.forge",1114112,1114112,722882,3
"161A112427D4FCC7306B0712C7B9C859F8C4DA6B","DataPC_WhiteRoom_floor.forge",131072,131072,36448,3
"161A112427D4FCC7306B0712C7B9C859F8C4DA6B","DataPC_AnimusRoom.forge",1015808,1015808,613472,3
"161A112427D4FCC7306B0712C7B9C859F8C4DA6B","DataPC_shared_00.forge",2379382784,2379382784,1801414349,3
"161A112427D4FCC7306B0712C7B9C859F8C4DA6B","DataPC_shared_00_dx12.forge",22904832,22904832,19773955,3
"161A112427D4FCC7306B0712C7B9C859F8C4DA6B","resources\AvenirNextWorld-Black.ttf",446080,446080,182259,4
"161A112427D4FCC7306B0712C7B9C859F8C4DA6B","resources\AvenirNextWorld-BlackIt.ttf",321196,321196,132909,4
"161A112427D4FCC7306B0712C7B9C859F8C4DA6B","resources\AvenirNextWorld-Bold.ttf",434844,434844,181939,4
"161A112427D4FCC7306B0712C7B9C859F8C4DA6B","resources\AvenirNextWorld-BoldIt.ttf",299256,299256,128835,4
"161A112427D4FCC7306B0712C7B9C859F8C4DA6B","resources\AvenirNextWorld-Demi.ttf",415500,415500,176058,4
"161A112427D4FCC7306B0712C7B9C859F8C4DA6B","resources\AvenirNextWorld-DemiIt.ttf",294592,294592,127784,4
"161A112427D4FCC7306B0712C7B9C859F8C4DA6B","resources\AvenirNextWorld-ExtraBold.ttf",445008,445008,183792,4
"161A112427D4FCC7306B0712C7B9C859F8C4DA6B","resources\AvenirNextWorld-ExtraBoldIt.ttf",306308,306308,130548,4
"161A112427D4FCC7306B0712C7B9C859F8C4DA6B","resources\AvenirNextWorld-Heavy.ttf",423348,423348,171347,4
"161A112427D4FCC7306B0712C7B9C859F8C4DA6B","resources\AvenirNextWorld-HeavyIt.ttf",316684,316684,127361,4
"161A112427D4FCC7306B0712C7B9C859F8C4DA6B","resources\AvenirNextWorld-Italic.ttf",292796,292796,126645,4
"161A112427D4FCC7306B0712C7B9C859F8C4DA6B","resources\AvenirNextWorld-Light.ttf",402188,402188,171859,4
"161A112427D4FCC7306B0712C7B9C859F8C4DA6B","resources\AvenirNextWorld-LightIt.ttf",291792,291792,126973,4
"161A112427D4FCC7306B0712C7B9C859F8C4DA6B","resources\AvenirNextWorld-Medium.ttf",408860,408860,171711,4
"161A112427D4FCC7306B0712C7B9C859F8C4DA6B","resources\AvenirNextWorld-MediumIt.ttf",291940,291940,125042,4
"161A112427D4FCC7306B0712C7B9C859F8C4DA6B","resources\AvenirNextWorld-Regular.ttf",404820,404820,171932,4
"161A112427D4FCC7306B0712C7B9C859F8C4DA6B","resources\AvenirNextWorld-Thin.ttf",392948,392948,168887,4
"161A112427D4FCC7306B0712C7B9C859F8C4DA6B","resources\AvenirNextWorld-ThinIt.ttf",286060,286060,124677,4
"161A112427D4FCC7306B0712C7B9C859F8C4DA6B","resources\AvenirNextWorld-UltLt.ttf",393040,393040,163309,4
"161A112427D4FCC7306B0712C7B9C859F8C4DA6B","resources\AvenirNextWorld-UltLtIt.ttf",287056,287056,120342,4
"161A112427D4FCC7306B0712C7B9C859F8C4DA6B","resources\DFKaiW5-A.ttf",21920596,21920596,8962163,4
"161A112427D4FCC7306B0712C7B9C859F8C4DA6B","resources\DFP-HeiSeiGothic-W5.ttf",2109912,2109912,1192669,4
"161A112427D4FCC7306B0712C7B9C859F8C4DA6B","resources\DFPKingGothicJP1-Regular.ttf",1965620,1965620,1144800,4
"161A112427D4FCC7306B0712C7B9C859F8C4DA6B","resources\DFPKingGothicJP1-Semibold.ttf",1957228,1957228,1123538,4
"161A112427D4FCC7306B0712C7B9C859F8C4DA6B","resources\DFPT_B5_v2.ttf",8147580,8147580,3772710,4
"161A112427D4FCC7306B0712C7B9C859F8C4DA6B","resources\NotoSansKR-Medium.otf",4768768,4768768,3623413,4
"161A112427D4FCC7306B0712C7B9C859F8C4DA6B","DataPC_boot_patch_01.forge",11167367168,2577432576,2955126380,4
"161A112427D4FCC7306B0712C7B9C859F8C4DA6B","DataPC_boot_patch_02.forge",10722246656,2132312064,2114151630,4
"161A112427D4FCC7306B0712C7B9C859F8C4DA6B","DataPC_boot_sound_patch_01.forge",940146688,940146688,924695400,4
"161A112427D4FCC7306B0712C7B9C859F8C4DA6B","DataPC_Japan_patch_01.forge",890601472,890601472,760121560,4
"161A112427D4FCC7306B0712C7B9C859F8C4DA6B","DataPC_Japan_patch_02.forge",605028352,605028352,532403675,4
"161A112427D4FCC7306B0712C7B9C859F8C4DA6B","DataPC_Japan_sound_patch_01.forge",6422528,6422528,6339628,4
"161A112427D4FCC7306B0712C7B9C859F8C4DA6B","DataPC_Japan_nav_patch_01.forge",1880948736,1880948736,1830203320,4
"161A112427D4FCC7306B0712C7B9C859F8C4DA6B","DataPC_WhiteRoom_patch_01.forge",80150528,80150528,73660442,4
"161A112427D4FCC7306B0712C7B9C859F8C4DA6B","DataPC_WhiteRoom_nav_patch_01.forge",131072,131072,70697,4
"161A112427D4FCC7306B0712C7B9C859F8C4DA6B","DataPC_shared_00_patch_01.forge",7336067072,3041099776,1735926122,4
"161A112427D4FCC7306B0712C7B9C859F8C4DA6B","DataPC_boot_sound_eng_patch_01.forge",1304035328,1304035328,1246402407,4
"161A112427D4FCC7306B0712C7B9C859F8C4DA6B","DataPC_boot_sound_eng_patch_02.forge",314212352,314212352,285897662,4
"161A112427D4FCC7306B0712C7B9C859F8C4DA6B","DataPC_Japan_sound_eng_patch_01.forge",55017472,55017472,53742759,4
"161A112427D4FCC7306B0712C7B9C859F8C4DA6B","DataPC_Japan_sound_eng_patch_02.forge",163840,163840,147303,4
"161A112427D4FCC7306B0712C7B9C859F8C4DA6B","DataPC_Japan_sound_fre_patch_01.forge",100794368,100794368,98537261,4
"161A112427D4FCC7306B0712C7B9C859F8C4DA6B","DataPC_Japan_sound_fre_patch_02.forge",163840,163840,133523,4
"161A112427D4FCC7306B0712C7B9C859F8C4DA6B","DataPC_boot_sound_fre_patch_01.forge",1204224000,1204224000,1152249023,4
"161A112427D4FCC7306B0712C7B9C859F8C4DA6B","DataPC_boot_sound_fre_patch_02.forge",282165248,282165248,258837556,4
"161A112427D4FCC7306B0712C7B9C859F8C4DA6B","DataPC_Japan_sound_ita_patch_01.forge",117735424,117735424,116189644,4
"161A112427D4FCC7306B0712C7B9C859F8C4DA6B","DataPC_Japan_sound_ita_patch_02.forge",196608,196608,167154,4
"161A112427D4FCC7306B0712C7B9C859F8C4DA6B","DataPC_boot_sound_ita_patch_01.forge",1387069440,1387069440,1340543396,4
"161A112427D4FCC7306B0712C7B9C859F8C4DA6B","DataPC_boot_sound_ita_patch_02.forge",297828352,297828352,274378691,4
"161A112427D4FCC7306B0712C7B9C859F8C4DA6B","DataPC_Japan_sound_ger_patch_01.forge",109051904,109051904,107173039,4
"161A112427D4FCC7306B0712C7B9C859F8C4DA6B","DataPC_Japan_sound_ger_patch_02.forge",163840,163840,143009,4
"161A112427D4FCC7306B0712C7B9C859F8C4DA6B","DataPC_boot_sound_ger_patch_01.forge",1292697600,1292697600,1258087033,4
"161A112427D4FCC7306B0712C7B9C859F8C4DA6B","DataPC_boot_sound_ger_patch_02.forge",296353792,296353792,273156359,4
"161A112427D4FCC7306B0712C7B9C859F8C4DA6B","DataPC_Japan_sound_spa_patch_01.forge",111443968,111443968,109337626,4
"161A112427D4FCC7306B0712C7B9C859F8C4DA6B","DataPC_Japan_sound_spa_patch_02.forge",196608,196608,177777,4
"161A112427D4FCC7306B0712C7B9C859F8C4DA6B","DataPC_boot_sound_spa_patch_01.forge",1328545792,1328545792,1272815951,4
"161A112427D4FCC7306B0712C7B9C859F8C4DA6B","DataPC_boot_sound_spa_patch_02.forge",300351488,300351488,275616515,4
"161A112427D4FCC7306B0712C7B9C859F8C4DA6B","DataPC_Japan_sound_jap_patch_01.forge",73138176,73138176,71890265,4
"161A112427D4FCC7306B0712C7B9C859F8C4DA6B","DataPC_Japan_sound_jap_patch_02.forge",196608,196608,159488,4
"161A112427D4FCC7306B0712C7B9C859F8C4DA6B","DataPC_boot_sound_jap_patch_01.forge",1355317248,1355317248,1283110776,4
"161A112427D4FCC7306B0712C7B9C859F8C4DA6B","DataPC_boot_sound_jap_patch_02.forge",289439744,289439744,267042924,4
"161A112427D4FCC7306B0712C7B9C859F8C4DA6B","DataPC_Japan_sound_bra_patch_01.forge",107249664,107249664,105193573,4
"161A112427D4FCC7306B0712C7B9C859F8C4DA6B","DataPC_Japan_sound_bra_patch_02.forge",163840,163840,143021,4
"161A112427D4FCC7306B0712C7B9C859F8C4DA6B","DataPC_boot_sound_bra_patch_01.forge",1254817792,1254817792,1199554128,4
"161A112427D4FCC7306B0712C7B9C859F8C4DA6B","DataPC_boot_sound_bra_patch_02.forge",292683776,292683776,263913181,4
"161A112427D4FCC7306B0712C7B9C859F8C4DA6B","DataPC_Japan_ext_patch_01.forge",10378936320,1789001728,584740389,4
"161A112427D4FCC7306B0712C7B9C859F8C4DA6B","DataPC_Japan_ext_patch_02.forge",1886257152,1886257152,1570282670,4
"161A112427D4FCC7306B0712C7B9C859F8C4DA6B","DataPC_Japan_ext_gi_patch_01.forge",1069809664,1069809664,1050629138,4
"161A112427D4FCC7306B0712C7B9C859F8C4DA6B","DataPC_RED_Rift_Drop_001_AnimusWorld_53_dlc_gi_patch_01.forge",13336576,13336576,13029051,4
"161A112427D4FCC7306B0712C7B9C859F8C4DA6B","DataPC_RED_Rift_Drop_001_AnimusWorld_53_dlc_nav_patch_01.forge",1376256,1376256,1271538,4
"161A112427D4FCC7306B0712C7B9C859F8C4DA6B","DataPC_RED_Rift_Drop_001_AnimusWorld_53_dlc_sound_patch_01.forge",32768,32768,1002,4
"161A112427D4FCC7306B0712C7B9C859F8C4DA6B","DataPC_RED_Rift_Drop_002_Rift02_54_dlc_gi_patch_01.forge",22642688,22642688,22094329,4
"161A112427D4FCC7306B0712C7B9C859F8C4DA6B","DataPC_RED_Rift_Drop_002_Rift02_54_dlc_nav_patch_01.forge",458752,458752,362249,4
"161A112427D4FCC7306B0712C7B9C859F8C4DA6B","DataPC_RED_Rift_Drop_002_Rift02_54_dlc_sound_patch_01.forge",196608,196608,168540,4
"161A112427D4FCC7306B0712C7B9C859F8C4DA6B","DataPC_CrystalCave_56_dlc_gi_patch_01.forge",49709056,49709056,48561747,4
"161A112427D4FCC7306B0712C7B9C859F8C4DA6B","DataPC_CrystalCave_56_dlc_nav_patch_01.forge",131072,131072,49747,4
"161A112427D4FCC7306B0712C7B9C859F8C4DA6B","DataPC_shared_00_sound_eng.forge",33947648,33947648,33237502,5
"161A112427D4FCC7306B0712C7B9C859F8C4DA6B","DataPC_boot_sound_eng.forge",1472266240,1472266240,1432122506,5
"161A112427D4FCC7306B0712C7B9C859F8C4DA6B","DataPC_Japan_sound_eng.forge",129695744,129695744,126807603,5
"161A112427D4FCC7306B0712C7B9C859F8C4DA6B","DataPC_shared_00_sound_fre.forge",33423360,33423360,32779349,6
"161A112427D4FCC7306B0712C7B9C859F8C4DA6B","DataPC_Japan_sound_fre.forge",122748928,122748928,119491932,6
"161A112427D4FCC7306B0712C7B9C859F8C4DA6B","DataPC_boot_sound_fre.forge",1429241856,1429241856,1382718882,6
"161A112427D4FCC7306B0712C7B9C859F8C4DA6B","DataPC_shared_00_sound_ita.forge",34144256,34144256,32775970,7
"161A112427D4FCC7306B0712C7B9C859F8C4DA6B","DataPC_Japan_sound_ita.forge",142376960,142376960,139987147,7
"161A112427D4FCC7306B0712C7B9C859F8C4DA6B","DataPC_boot_sound_ita.forge",1656717312,1656717312,1617729065,7
"161A112427D4FCC7306B0712C7B9C859F8C4DA6B","DataPC_shared_00_sound_ger.forge",33980416,33980416,33530439,8
"161A112427D4FCC7306B0712C7B9C859F8C4DA6B","DataPC_Japan_sound_ger.forge",133038080,133038080,130687746,8
"161A112427D4FCC7306B0712C7B9C859F8C4DA6B","DataPC_boot_sound_ger.forge",1533706240,1533706240,1505856331,8
"161A112427D4FCC7306B0712C7B9C859F8C4DA6B","DataPC_shared_00_sound_spa.forge",34111488,34111488,32924451,9
"161A112427D4FCC7306B0712C7B9C859F8C4DA6B","DataPC_Japan_sound_spa.forge",135102464,135102464,131900638,9
"161A112427D4FCC7306B0712C7B9C859F8C4DA6B","DataPC_boot_sound_spa.forge",1578860544,1578860544,1529134159,9
"161A112427D4FCC7306B0712C7B9C859F8C4DA6B","DataPC_shared_00_sound_jap.forge",34013184,34013184,33135546,10
"161A112427D4FCC7306B0712C7B9C859F8C4DA6B","DataPC_Japan_sound_jap.forge",141295616,141295616,138413424,10
"161A112427D4FCC7306B0712C7B9C859F8C4DA6B","DataPC_boot_sound_jap.forge",1572306944,1572306944,1513127507,10
"161A112427D4FCC7306B0712C7B9C859F8C4DA6B","DataPC_shared_00_sound_bra.forge",34144256,34144256,33128829,11
"161A112427D4FCC7306B0712C7B9C859F8C4DA6B","DataPC_Japan_sound_bra.forge",130547712,130547712,127738306,11
"161A112427D4FCC7306B0712C7B9C859F8C4DA6B","DataPC_boot_sound_bra.forge",1489764352,1489764352,1443427584,11
"161A112427D4FCC7306B0712C7B9C859F8C4DA6B","videos\ANVIL_Logo.webm",25496929,25496929,25463717,12
"161A112427D4FCC7306B0712C7B9C859F8C4DA6B","videos\UbisoftLogo.webm",26604494,26604494,26565925,12
"161A112427D4FCC7306B0712C7B9C859F8C4DA6B","videos\ACI_Panel_Gen_IMG_UI.webm",33935098,33935098,33888241,12
"161A112427D4FCC7306B0712C7B9C859F8C4DA6B","videos\ACI_Panel_Red_IMG_UI.webm",30082696,30082696,30060443,12
"161A112427D4FCC7306B0712C7B9C859F8C4DA6B","videos\ACI_Panel_Gen_IMG_UI_LowRes.webm",9832396,9832396,9827257,12
"161A112427D4FCC7306B0712C7B9C859F8C4DA6B","videos\ACI_Panel_Red_IMG_UI_LowRes.webm",9520910,9520910,9514796,12
"161A112427D4FCC7306B0712C7B9C859F8C4DA6B","videos\PRESENTDAY_Videos\HELIX_VID_CharacterSwitch.webm",35021629,35021629,35021402,12
"161A112427D4FCC7306B0712C7B9C859F8C4DA6B","videos\PRESENTDAY_Videos\HELIX_VID_Naoe.webm",234787851,234787851,234787317,12
"161A112427D4FCC7306B0712C7B9C859F8C4DA6B","videos\PRESENTDAY_Videos\HELIX_VID_Yasuke.webm",202946437,202946437,202926863,12
"161A112427D4FCC7306B0712C7B9C859F8C4DA6B","videos\PRESENTDAY_Videos\TEX_MemorySnippets.webm",31685694,31685694,31511395,12
"161A112427D4FCC7306B0712C7B9C859F8C4DA6B","videos\PRESENTDAY_Videos\TEX_RiftVideos.webm",48794585,48794585,48510311,12
"161A112427D4FCC7306B0712C7B9C859F8C4DA6B","videos\SeasonsTransition_FallBegin.webm",124874968,124874968,124878304,12
"161A112427D4FCC7306B0712C7B9C859F8C4DA6B","videos\SeasonsTransition_FallEnd.webm",110926112,110926112,110929082,12
"161A112427D4FCC7306B0712C7B9C859F8C4DA6B","videos\SeasonsTransition_SpringBegin.webm",125146452,125146452,125149794,12
"161A112427D4FCC7306B0712C7B9C859F8C4DA6B","videos\SeasonsTransition_SpringEnd.webm",125124078,125124078,125127420,12
"161A112427D4FCC7306B0712C7B9C859F8C4DA6B","videos\SeasonsTransition_SummerBegin.webm",125316494,125316494,125319842,12
"161A112427D4FCC7306B0712C7B9C859F8C4DA6B","videos\SeasonsTransition_SummerEnd.webm",125638349,125638349,125641703,12
"161A112427D4FCC7306B0712C7B9C859F8C4DA6B","videos\SeasonsTransition_WinterBegin.webm",127761206,127761206,127764620,12
"161A112427D4FCC7306B0712C7B9C859F8C4DA6B","videos\SeasonsTransition_WinterEnd.webm",125175940,125175940,125179228,12
"161A112427D4FCC7306B0712C7B9C859F8C4DA6B","videos\ar\Epilepsy.webm",2323419,2323419,757198,12
"161A112427D4FCC7306B0712C7B9C859F8C4DA6B","videos\ar\WarningSaving.webm",1291058,1291058,298576,12
"161A112427D4FCC7306B0712C7B9C859F8C4DA6B","videos\ar\warning_disclaimer.webm",138351,138351,125048,12
"161A112427D4FCC7306B0712C7B9C859F8C4DA6B","videos\br\Epilepsy.webm",3346353,3346353,1586794,12
"161A112427D4FCC7306B0712C7B9C859F8C4DA6B","videos\br\WarningSaving.webm",1279827,1279827,359889,12
"161A112427D4FCC7306B0712C7B9C859F8C4DA6B","videos\br\warning_disclaimer.webm",209259,209259,196053,12
"161A112427D4FCC7306B0712C7B9C859F8C4DA6B","videos\cn\Epilepsy.webm",1410879,1410879,905987,12
"161A112427D4FCC7306B0712C7B9C859F8C4DA6B","videos\cn\WarningSaving.webm",1261888,1261888,335830,12
"161A112427D4FCC7306B0712C7B9C859F8C4DA6B","videos\cn\warning_disclaimer.webm",124097,124097,110575,12
"161A112427D4FCC7306B0712C7B9C859F8C4DA6B","videos\de\Epilepsy.webm",3487788,3487788,1783923,12
"161A112427D4FCC7306B0712C7B9C859F8C4DA6B","videos\de\WarningSaving.webm",1281298,1281298,361126,12
"161A112427D4FCC7306B0712C7B9C859F8C4DA6B","videos\de\warning_disclaimer.webm",224279,224279,211048,12
"161A112427D4FCC7306B0712C7B9C859F8C4DA6B","videos\en\Epilepsy.webm",3120827,3120827,1320425,12
"161A112427D4FCC7306B0712C7B9C859F8C4DA6B","videos\en\WarningSaving.webm",1261989,1261989,339593,12
"161A112427D4FCC7306B0712C7B9C859F8C4DA6B","videos\en\warning_disclaimer.webm",185026,185026,171768,12
"161A112427D4FCC7306B0712C7B9C859F8C4DA6B","videos\fr\Epilepsy.webm",3388784,3388784,1656408,12
"161A112427D4FCC7306B0712C7B9C859F8C4DA6B","videos\fr\WarningSaving.webm",1273529,1273529,349533,12
"161A112427D4FCC7306B0712C7B9C859F8C4DA6B","videos\fr\warning_disclaimer.webm",227024,227024,213824,12
"161A112427D4FCC7306B0712C7B9C859F8C4DA6B","videos\it\Epilepsy.webm",3305217,3305217,1521288,12
"161A112427D4FCC7306B0712C7B9C859F8C4DA6B","videos\it\WarningSaving.webm",1275895,1275895,359237,12
"161A112427D4FCC7306B0712C7B9C859F8C4DA6B","videos\it\warning_disclaimer.webm",181920,181920,168594,12
"161A112427D4FCC7306B0712C7B9C859F8C4DA6B","videos\jp\Epilepsy.webm",3289611,3289611,1462874,12
"161A112427D4FCC7306B0712C7B9C859F8C4DA6B","videos\jp\WarningSaving.webm",1287853,1287853,371213,12
"161A112427D4FCC7306B0712C7B9C859F8C4DA6B","videos\jp\warning_disclaimer.webm",227076,227076,213216,12
"161A112427D4FCC7306B0712C7B9C859F8C4DA6B","videos\ko\Epilepsy.webm",2633570,2633570,979957,12
"161A112427D4FCC7306B0712C7B9C859F8C4DA6B","videos\ko\WarningSaving.webm",1231505,1231505,317046,12
"161A112427D4FCC7306B0712C7B9C859F8C4DA6B","videos\ko\warning_disclaimer.webm",120917,120917,107507,12
"161A112427D4FCC7306B0712C7B9C859F8C4DA6B","videos\pl\Epilepsy.webm",3401691,3401691,1640901,12
"161A112427D4FCC7306B0712C7B9C859F8C4DA6B","videos\pl\WarningSaving.webm",1285047,1285047,362929,12
"161A112427D4FCC7306B0712C7B9C859F8C4DA6B","videos\pl\warning_disclaimer.webm",205892,205892,192662,12
"161A112427D4FCC7306B0712C7B9C859F8C4DA6B","videos\ru\Epilepsy.webm",3312831,3312831,1537958,12
"161A112427D4FCC7306B0712C7B9C859F8C4DA6B","videos\ru\WarningSaving.webm",1270724,1270724,348927,12
"161A112427D4FCC7306B0712C7B9C859F8C4DA6B","videos\ru\warning_disclaimer.webm",267942,267942,254610,12
"161A112427D4FCC7306B0712C7B9C859F8C4DA6B","videos\sp\Epilepsy.webm",3368645,3368645,1593469,12
"161A112427D4FCC7306B0712C7B9C859F8C4DA6B","videos\sp\WarningSaving.webm",1281656,1281656,357283,12
"161A112427D4FCC7306B0712C7B9C859F8C4DA6B","videos\sp\warning_disclaimer.webm",214228,214228,201009,12
"161A112427D4FCC7306B0712C7B9C859F8C4DA6B","videos\tw\Epilepsy.webm",1414460,1414460,914974,12
"161A112427D4FCC7306B0712C7B9C859F8C4DA6B","videos\tw\WarningSaving.webm",1253068,1253068,329236,12
"161A112427D4FCC7306B0712C7B9C859F8C4DA6B","videos\tw\warning_disclaimer.webm",172238,172238,158880,12
"161A112427D4FCC7306B0712C7B9C859F8C4DA6B","videos\YAS_020_Q020_S060_CIN_CalligraphyCinematic.webm",409246772,409246772,408480301,13
"161A112427D4FCC7306B0712C7B9C859F8C4DA6B","videos\YAS_020_Q020_S200_CIN_TrainingMontage.webm",841408728,841408728,841417149,13
"161A112427D4FCC7306B0712C7B9C859F8C4DA6B","videos\YAS_030_Q010_S200_CIN_RidingHigh.webm",919768260,919768260,919792221,13
"161A112427D4FCC7306B0712C7B9C859F8C4DA6B","videos\YAS_040_Q010_S005_CIN_40,000Strong_INTRO.webm",107962123,107962123,107963092,13
"161A112427D4FCC7306B0712C7B9C859F8C4DA6B","videos\YAS_100_Q020_S171_FB_YasukeFlashback.webm",22327025,22327025,20125607,13
"161A112427D4FCC7306B0712C7B9C859F8C4DA6B","videos\YAS_200_Q030_S015_YAS_CIN_Yasuke_Flashback.webm",996726837,996726837,996141550,13
"161A112427D4FCC7306B0712C7B9C859F8C4DA6B","videos\YAS_300_Q020_FB_KimuraFlashback1.webm",24374501,24374501,24368076,13
"161A112427D4FCC7306B0712C7B9C859F8C4DA6B","videos\GOL_010_Q010_FB_TheMask3.webm",13776051,13776051,13556702,13
"161A112427D4FCC7306B0712C7B9C859F8C4DA6B","videos\GOL_010_Q010_S050_NAO_CIN_FALL_TO_WINTER.webm",192331598,192331598,192328007,13
"161A112427D4FCC7306B0712C7B9C859F8C4DA6B","videos\GOL_010_Q010_S107_NAO_FB_BrokenFluteTriggersFlashback.webm",100671449,100671449,100633597,13
"161A112427D4FCC7306B0712C7B9C859F8C4DA6B","videos\GOL_010_Q010_S110_NAO_CIN_WINTER_TO_SPRING_Friendship_Blossoms.webm",433651904,433651904,433556102,13
"161A112427D4FCC7306B0712C7B9C859F8C4DA6B","videos\GOL_010_Q010_S120_NAO_CIN_Naoe_plays_the_repaired_flute.webm",452021500,452021500,451229156,13
"161A112427D4FCC7306B0712C7B9C859F8C4DA6B","videos\GOL_050_Q020_S020_NAO_CIN_Junjiro_confesses_FLASHBACK.webm",426950901,426950901,423465391,13
"161A112427D4FCC7306B0712C7B9C859F8C4DA6B","videos\GOL_130_Q010_S020_CIN_Battle_of_Yamazaki.webm",431411198,431411198,430788632,13
"161A112427D4FCC7306B0712C7B9C859F8C4DA6B","videos\NAO_010_Q060_S090_CIN_Shinobi_Ambush.webm",492849011,492849011,492809304,13
"161A112427D4FCC7306B0712C7B9C859F8C4DA6B","videos\NAO_020_Q010_FB_Wakeup3.webm",11414269,11414269,11268474,13
"161A112427D4FCC7306B0712C7B9C859F8C4DA6B","videos\NAO_020_Q010_S060_CIN_Shinobi_Training.webm",340373320,340373320,340380970,13
"161A112427D4FCC7306B0712C7B9C859F8C4DA6B","videos\NAO_020_Q030_S120_CIN_Silhouettes_in_Shadow.webm",203345925,203345925,203345214,13
"161A112427D4FCC7306B0712C7B9C859F8C4DA6B","videos\NAO_020_Q040_S060_CIN_Escape_from_Iga.webm",182952227,182952227,162665335,13
"161A112427D4FCC7306B0712C7B9C859F8C4DA6B","videos\NAO_050_Q005_S010_CIN_Nagato_Tells_All.webm",1165538457,1165538457,1152100050,13
"161A112427D4FCC7306B0712C7B9C859F8C4DA6B","videos\HUB_BootFlow_Intro.webm",30591976,30591976,30235195,14
"161A112427D4FCC7306B0712C7B9C859F8C4DA6B","videos\HUB_BootFlow_Intro_LowRes.webm",15692644,15692644,15103113,14
"161A112427D4FCC7306B0712C7B9C859F8C4DA6B","videos\HUB_Bootflow_AbstergoIntro.webm",518935864,518935864,518780284,14
"161A112427D4FCC7306B0712C7B9C859F8C4DA6B","videos\HUB_Bootflow_FranchiseIntro.webm",140380483,140380483,140384192,14
"161A112427D4FCC7306B0712C7B9C859F8C4DA6B","videos\INFHUB_RED_MediaLibraryItem_Audio.webm",28832733,28832733,28784289,14
"161A112427D4FCC7306B0712C7B9C859F8C4DA6B","videos\HUB_NEWS_GP_Trailers\AC_HUB_GPedit_VALHALLA_0802_final_prores.webm",260202966,260202966,258180071,14
"161A112427D4FCC7306B0712C7B9C859F8C4DA6B","videos\HUB_NEWS_GP_Trailers\AC_HUB_GPedit_MIRAGE_0802_final_prores.webm",304974858,304974858,304574684,14
"161A112427D4FCC7306B0712C7B9C859F8C4DA6B","videos\HUB_NEWS_GP_Trailers\AC_HUB_GPedit_ODYSSEY_0802_final_prores.webm",267812170,267812170,267185770,14
"161A112427D4FCC7306B0712C7B9C859F8C4DA6B","videos\HUB_NEWS_GP_Trailers\AC_HUB_GPedit_ORIGINS_0802_final_prores.webm",278011200,278011200,275556066,14
"161A112427D4FCC7306B0712C7B9C859F8C4DA6B","videos\HUB_NEWS_CG_Trailers\AC_HUB_CGedit_MIRAGE_01680_prores_Final.webm",299166632,299166632,298795834,14
"161A112427D4FCC7306B0712C7B9C859F8C4DA6B","videos\HUB_NEWS_CG_Trailers\AC_HUB_CGedit_ODYSSEY_01680_prores_Final.webm",245800231,245800231,244157674,14
"161A112427D4FCC7306B0712C7B9C859F8C4DA6B","videos\HUB_NEWS_CG_Trailers\AC_HUB_CGedit_ORIGINS_01680_prores_Final.webm",188172414,188172414,187503021,14
"161A112427D4FCC7306B0712C7B9C859F8C4DA6B","videos\HUB_NEWS_CG_Trailers\AC_HUB_CGedit_VALHALLA_01680_prores_Final.webm",300492222,300492222,300316182,14
"161A112427D4FCC7306B0712C7B9C859F8C4DA6B","videos\AbilityTutorial_Naoe_Assassin_Assassinate01.webm",2363156,2363156,2363188,15
"161A112427D4FCC7306B0712C7B9C859F8C4DA6B","videos\AbilityTutorial_Naoe_Assassin_Assassinate02.webm",2685742,2685742,2685814,15
"161A112427D4FCC7306B0712C7B9C859F8C4DA6B","videos\AbilityTutorial_Naoe_Assassin_Assassinate03.webm",2574425,2574425,2574494,15
"161A112427D4FCC7306B0712C7B9C859F8C4DA6B","videos\AbilityTutorial_Naoe_Assassin_AssassinateChunk01.webm",4148397,4148397,4148514,15
"161A112427D4FCC7306B0712C7B9C859F8C4DA6B","videos\AbilityTutorial_Naoe_Assassin_AssassinateChunk02.webm",3136806,3136806,3136887,15
"161A112427D4FCC7306B0712C7B9C859F8C4DA6B","videos\AbilityTutorial_Naoe_Assassin_AssassinateChunk03.webm",3549376,3549376,3549431,15
"161A112427D4FCC7306B0712C7B9C859F8C4DA6B","videos\AbilityTutorial_Naoe_Assassin_DoubleAssassinate01.webm",2169502,2169502,2169562,15
"161A112427D4FCC7306B0712C7B9C859F8C4DA6B","videos\AbilityTutorial_Naoe_Assassin_EagleSense01.webm",1449398,1449398,1449410,15
"161A112427D4FCC7306B0712C7B9C859F8C4DA6B","videos\AbilityTutorial_Naoe_Assassin_EagleSense02.webm",2326409,2326409,2325940,15
"161A112427D4FCC7306B0712C7B9C859F8C4DA6B","videos\AbilityTutorial_Naoe_Assassin_RushAssassinate01.webm",2658942,2658942,2659014,15
"161A112427D4FCC7306B0712C7B9C859F8C4DA6B","videos\AbilityTutorial_Naoe_Assassin_ShojiAssassinate01.webm",1040016,1040016,1039331,15
"161A112427D4FCC7306B0712C7B9C859F8C4DA6B","videos\AbilityTutorial_Naoe_Katana_CounterAttack01.webm",2368726,2368726,2368792,15
"161A112427D4FCC7306B0712C7B9C859F8C4DA6B","videos\AbilityTutorial_Naoe_Katana_CounterAttack02.webm",2721403,2721403,2721475,15
"161A112427D4FCC7306B0712C7B9C859F8C4DA6B","videos\AbilityTutorial_Naoe_Katana_CounterAttack03.webm",2840982,2840982,2841057,15
"161A112427D4FCC7306B0712C7B9C859F8C4DA6B","videos\AbilityTutorial_Naoe_Katana_DodgeAttack01-02.webm",2342126,2342126,2342189,15
"161A112427D4FCC7306B0712C7B9C859F8C4DA6B","videos\AbilityTutorial_Naoe_Katana_DodgeAttack03.webm",3375127,3375127,3375226,15
"161A112427D4FCC7306B0712C7B9C859F8C4DA6B","videos\AbilityTutorial_Naoe_Katana_Eviscarate01.webm",2269436,2269436,2269499,15
"161A112427D4FCC7306B0712C7B9C859F8C4DA6B","videos\AbilityTutorial_Naoe_Katana_Eviscarate02.webm",3087945,3087945,3088026,15
"161A112427D4FCC7306B0712C7B9C859F8C4DA6B","videos\AbilityTutorial_Naoe_Katana_Eviscarate03.webm",3551509,3551509,3551614,15
"161A112427D4FCC7306B0712C7B9C859F8C4DA6B","videos\AbilityTutorial_Naoe_Katana_GuardBreaker01-03.webm",3289612,3289612,3289644,15
"161A112427D4FCC7306B0712C7B9C859F8C4DA6B","videos\AbilityTutorial_Naoe_Katana_GuardBreaker02.webm",3276525,3276525,3276621,15
"161A112427D4FCC7306B0712C7B9C859F8C4DA6B","videos\AbilityTutorial_Naoe_Katana_TidalWave01.webm",1863263,1863263,1863317,15
"161A112427D4FCC7306B0712C7B9C859F8C4DA6B","videos\AbilityTutorial_Naoe_Katana_TidalWave02.webm",2451397,2451397,2451463,15
"161A112427D4FCC7306B0712C7B9C859F8C4DA6B","videos\AbilityTutorial_Naoe_Katana_TidalWave03.webm",2503942,2503942,2504011,15
"161A112427D4FCC7306B0712C7B9C859F8C4DA6B","videos\AbilityTutorial_Naoe_Kusarigama_Cyclone01.webm",2613768,2613768,2613837,15
"161A112427D4FCC7306B0712C7B9C859F8C4DA6B","videos\AbilityTutorial_Naoe_Kusarigama_Cyclone02.webm",3497228,3497228,3497330,15
"161A112427D4FCC7306B0712C7B9C859F8C4DA6B","videos\AbilityTutorial_Naoe_Kusarigama_Cyclone03.webm",3181904,3181904,3181998,15
"161A112427D4FCC7306B0712C7B9C859F8C4DA6B","videos\AbilityTutorial_Naoe_Kusarigama_Entenglement01.webm",3011209,3011209,3011287,15
"161A112427D4FCC7306B0712C7B9C859F8C4DA6B","videos\AbilityTutorial_Naoe_Kusarigama_Entenglement02.webm",2982418,2982418,2982496,15
"161A112427D4FCC7306B0712C7B9C859F8C4DA6B","videos\AbilityTutorial_Naoe_Kusarigama_Entenglement03.webm",3489456,3489456,3489558,15
"161A112427D4FCC7306B0712C7B9C859F8C4DA6B","videos\AbilityTutorial_Naoe_Kusarigama_Feral01.webm",3077004,3077004,3077085,15
"161A112427D4FCC7306B0712C7B9C859F8C4DA6B","videos\AbilityTutorial_Naoe_Kusarigama_Feral02.webm",4116031,4116031,4116148,15
"161A112427D4FCC7306B0712C7B9C859F8C4DA6B","videos\AbilityTutorial_Naoe_Kusarigama_Feral03.webm",5310272,5310272,5310416,15
"161A112427D4FCC7306B0712C7B9C859F8C4DA6B","videos\AbilityTutorial_Naoe_Kusarigama_QuickStrike01.webm",4162463,4162463,4162580,15
"161A112427D4FCC7306B0712C7B9C859F8C4DA6B","videos\AbilityTutorial_Naoe_Kusarigama_QuickStrike02-03.webm",5092063,5092063,5092201,15
"161A112427D4FCC7306B0712C7B9C859F8C4DA6B","videos\AbilityTutorial_Naoe_Kusarigama_SnakeBite01-02-03.webm",1966356,1966356,1966389,15
"161A112427D4FCC7306B0712C7B9C859F8C4DA6B","videos\AbilityTutorial_Naoe_Shinobi_BambooStraw01.webm",4283868,4283868,4283988,15
"161A112427D4FCC7306B0712C7B9C859F8C4DA6B","videos\AbilityTutorial_Naoe_Shinobi_Grab01.webm",2675756,2675756,2675828,15
"161A112427D4FCC7306B0712C7B9C859F8C4DA6B","videos\AbilityTutorial_Naoe_Shinobi_Grab02.webm",7370705,7370705,7370909,15
"161A112427D4FCC7306B0712C7B9C859F8C4DA6B","videos\AbilityTutorial_Naoe_Shinobi_Grab03.webm",5993586,5993586,5993745,15
"161A112427D4FCC7306B0712C7B9C859F8C4DA6B","videos\AbilityTutorial_Naoe_Shinobi_GrapplingHook01.webm",4583879,4583879,4584005,15
"161A112427D4FCC7306B0712C7B9C859F8C4DA6B","videos\AbilityTutorial_Naoe_Shinobi_GrapplingHook02.webm",3187704,3187704,3187798,15
"161A112427D4FCC7306B0712C7B9C859F8C4DA6B","videos\AbilityTutorial_Naoe_Shinobi_HightenSenses01.webm",6094670,6094670,6094832,15
"161A112427D4FCC7306B0712C7B9C859F8C4DA6B","videos\AbilityTutorial_Naoe_Shinobi_HightenSenses02.webm",5646108,5646108,5646261,15
"161A112427D4FCC7306B0712C7B9C859F8C4DA6B","videos\AbilityTutorial_Naoe_Shinobi_HightenSenses03.webm",4843442,4843442,4843574,15
"161A112427D4FCC7306B0712C7B9C859F8C4DA6B","videos\AbilityTutorial_Naoe_Shinobi_IganRoll01.webm",3974523,3974523,3974637,15
"161A112427D4FCC7306B0712C7B9C859F8C4DA6B","videos\AbilityTutorial_Naoe_Shinobi_IganRoll02.webm",4315313,4315313,4315433,15
"161A112427D4FCC7306B0712C7B9C859F8C4DA6B","videos\AbilityTutorial_Naoe_Shinobi_LightningKicks01-02.webm",3816095,3816095,3816115,15
"161A112427D4FCC7306B0712C7B9C859F8C4DA6B","videos\AbilityTutorial_Naoe_Shinobi_LightningKicks03.webm",5754711,5754711,5754864,15
"161A112427D4FCC7306B0712C7B9C859F8C4DA6B","videos\AbilityTutorial_Naoe_Shinobi_Vault01.webm",4008475,4008475,4008589,15
"161A112427D4FCC7306B0712C7B9C859F8C4DA6B","videos\AbilityTutorial_Naoe_Shinobi_Vault02.webm",5417439,5417439,5417586,15
"161A112427D4FCC7306B0712C7B9C859F8C4DA6B","videos\AbilityTutorial_Naoe_Shinobi_Vault03.webm",3367080,3367080,3367179,15
"161A112427D4FCC7306B0712C7B9C859F8C4DA6B","videos\AbilityTutorial_Naoe_Tanto_BackStab01.webm",1913699,1913699,1913753,15
"161A112427D4FCC7306B0712C7B9C859F8C4DA6B","videos\AbilityTutorial_Naoe_Tanto_BackStab02.webm",1690543,1690543,1690591,15
"161A112427D4FCC7306B0712C7B9C859F8C4DA6B","videos\AbilityTutorial_Naoe_Tanto_BackStab03.webm",1736927,1736927,1736978,15
"161A112427D4FCC7306B0712C7B9C859F8C4DA6B","videos\AbilityTutorial_Naoe_Tanto_HiddenHand01-03.webm",2041344,2041344,2041401,15
"161A112427D4FCC7306B0712C7B9C859F8C4DA6B","videos\AbilityTutorial_Naoe_Tanto_HiddenHand02.webm",2070955,2070955,2071012,15
"161A112427D4FCC7306B0712C7B9C859F8C4DA6B","videos\AbilityTutorial_Naoe_Tanto_LeapStrike01.webm",1900417,1900417,1900471,15
"161A112427D4FCC7306B0712C7B9C859F8C4DA6B","videos\AbilityTutorial_Naoe_Tanto_LeapStrike02.webm",1286596,1286596,1286635,15
"161A112427D4FCC7306B0712C7B9C859F8C4DA6B","videos\AbilityTutorial_Naoe_Tanto_LeapStrike03.webm",2290999,2290999,2291062,15
"161A112427D4FCC7306B0712C7B9C859F8C4DA6B","videos\AbilityTutorial_Naoe_Tanto_ShadowBarrage01-03.webm",2026927,2026927,2026984,15
"161A112427D4FCC7306B0712C7B9C859F8C4DA6B","videos\AbilityTutorial_Naoe_Tanto_ShadowBarrage02.webm",4547842,4547842,4547968,15
"161A112427D4FCC7306B0712C7B9C859F8C4DA6B","videos\AbilityTutorial_Naoe_Tanto_ShadowBarrage03.webm",5429457,5429457,5429604,15
"161A112427D4FCC7306B0712C7B9C859F8C4DA6B","videos\AbilityTutorial_Naoe_Tanto_ShadowPiecer01-02.webm",3231905,3231905,3232001,15
"161A112427D4FCC7306B0712C7B9C859F8C4DA6B","videos\AbilityTutorial_Naoe_Tanto_ShadowPiecer03.webm",2762685,2762685,2762760,15
"161A112427D4FCC7306B0712C7B9C859F8C4DA6B","videos\AbilityTutorial_Naoe_Tool_Bell01.webm",7176864,7176864,7177062,15
"161A112427D4FCC7306B0712C7B9C859F8C4DA6B","videos\AbilityTutorial_Naoe_Tool_Bell02.webm",2703460,2703460,2702173,15
"161A112427D4FCC7306B0712C7B9C859F8C4DA6B","videos\AbilityTutorial_Naoe_Tool_Bell03.webm",5559646,5559646,5559796,15
"161A112427D4FCC7306B0712C7B9C859F8C4DA6B","videos\AbilityTutorial_Naoe_Tool_Kunai01.webm",1440656,1440656,1440698,15
"161A112427D4FCC7306B0712C7B9C859F8C4DA6B","videos\AbilityTutorial_Naoe_Tool_Kunai02.webm",1357280,1357280,1357322,15
"161A112427D4FCC7306B0712C7B9C859F8C4DA6B","videos\AbilityTutorial_Naoe_Tool_Kunai03.webm",1849915,1849915,1849969,15
"161A112427D4FCC7306B0712C7B9C859F8C4DA6B","videos\AbilityTutorial_Naoe_Tool_QuickShot01.webm",1765227,1765227,1765278,15
"161A112427D4FCC7306B0712C7B9C859F8C4DA6B","videos\AbilityTutorial_Naoe_Tool_Shuriken01.webm",1842323,1842323,1842339,15
"161A112427D4FCC7306B0712C7B9C859F8C4DA6B","videos\AbilityTutorial_Naoe_Tool_Shuriken02.webm",705400,705400,705427,15
"161A112427D4FCC7306B0712C7B9C859F8C4DA6B","videos\AbilityTutorial_Naoe_Tool_Shuriken03.webm",5879898,5879898,5880054,15
"161A112427D4FCC7306B0712C7B9C859F8C4DA6B","videos\AbilityTutorial_Naoe_Tool_SmokeBomb01.webm",3724387,3724387,3724495,15
"161A112427D4FCC7306B0712C7B9C859F8C4DA6B","videos\AbilityTutorial_Naoe_Tool_SmokeBomb02.webm",6307203,6307203,6307303,15
"161A112427D4FCC7306B0712C7B9C859F8C4DA6B","videos\AbilityTutorial_Naoe_Tool_SmokeBomb03.webm",2561330,2561330,2561399,15
"161A112427D4FCC7306B0712C7B9C859F8C4DA6B","videos\AbilityTutorial_Yasuke_Bow_ClearMind_01.webm",7197125,7197125,7197323,15
"161A112427D4FCC7306B0712C7B9C859F8C4DA6B","videos\AbilityTutorial_Yasuke_Bow_ClearMind_02.webm",7225881,7225881,7226082,15
"161A112427D4FCC7306B0712C7B9C859F8C4DA6B","videos\AbilityTutorial_Yasuke_Bow_ClearMind_03.webm",5388654,5388654,5388728,15
"161A112427D4FCC7306B0712C7B9C859F8C4DA6B","videos\AbilityTutorial_Yasuke_Bow_KyudoMaster01.webm",4246735,4246735,4246855,15
"161A112427D4FCC7306B0712C7B9C859F8C4DA6B","videos\AbilityTutorial_Yasuke_Bow_KyudoMaster02.webm",11143030,11143030,11143281,15
"161A112427D4FCC7306B0712C7B9C859F8C4DA6B","videos\AbilityTutorial_Yasuke_Bow_KyudoMaster03.webm",4420469,4420469,4420592,15
"161A112427D4FCC7306B0712C7B9C859F8C4DA6B","videos\AbilityTutorial_Yasuke_Bow_MarksmanShot01.webm",1992088,1992088,1992145,15
"161A112427D4FCC7306B0712C7B9C859F8C4DA6B","videos\AbilityTutorial_Yasuke_Bow_MarksmanShot02.webm",2393737,2393737,2393803,15
"161A112427D4FCC7306B0712C7B9C859F8C4DA6B","videos\AbilityTutorial_Yasuke_Bow_MarksmanShot03.webm",2262695,2262695,2262758,15
"161A112427D4FCC7306B0712C7B9C859F8C4DA6B","videos\AbilityTutorial_Yasuke_Bow_RetreatingShot01.webm",2457454,2457454,2457520,15
"161A112427D4FCC7306B0712C7B9C859F8C4DA6B","videos\AbilityTutorial_Yasuke_Bow_RetreatingShot02.webm",2393115,2393115,2393181,15
"161A112427D4FCC7306B0712C7B9C859F8C4DA6B","videos\AbilityTutorial_Yasuke_Bow_RetreatingShot03.webm",3010557,3010557,3010635,15
"161A112427D4FCC7306B0712C7B9C859F8C4DA6B","videos\AbilityTutorial_Yasuke_Bow_SaggeringBlast01.webm",2117405,2117405,2117465,15
"161A112427D4FCC7306B0712C7B9C859F8C4DA6B","videos\AbilityTutorial_Yasuke_Bow_SaggeringBlast02-03.webm",1857754,1857754,1857808,15
"161A112427D4FCC7306B0712C7B9C859F8C4DA6B","videos\AbilityTutorial_Yasuke_Kanabo_CrushingShockwave01-02.webm",2978513,2978513,2978591,15
"161A112427D4FCC7306B0712C7B9C859F8C4DA6B","videos\AbilityTutorial_Yasuke_Kanabo_CrushingShockwave03.webm",2222627,2222627,2222687,15
"161A112427D4FCC7306B0712C7B9C859F8C4DA6B","videos\AbilityTutorial_Yasuke_Kanabo_Devastation01-02.webm",7041235,7041235,7041430,15
"161A112427D4FCC7306B0712C7B9C859F8C4DA6B","videos\AbilityTutorial_Yasuke_Kanabo_Devastation03.webm",8804229,8804229,8804466,15
"161A112427D4FCC7306B0712C7B9C859F8C4DA6B","videos\AbilityTutorial_Yasuke_Kanabo_ForwardMomentum01-02-03.webm",2730858,2730858,2730930,15
"161A112427D4FCC7306B0712C7B9C859F8C4DA6B","videos\AbilityTutorial_Yasuke_Kanabo_SluggingRampage01.webm",2236765,2236765,2236828,15
"161A112427D4FCC7306B0712C7B9C859F8C4DA6B","videos\AbilityTutorial_Yasuke_Kanabo_SluggingRampage02.webm",2733204,2733204,2733276,15
"161A112427D4FCC7306B0712C7B9C859F8C4DA6B","videos\AbilityTutorial_Yasuke_Kanabo_SluggingRampage03.webm",2906615,2906615,2906693,15
"161A112427D4FCC7306B0712C7B9C859F8C4DA6B","videos\AbilityTutorial_Yasuke_Kanabo_SpineBreaker01-02.webm",1682420,1682420,1682468,15
"161A112427D4FCC7306B0712C7B9C859F8C4DA6B","videos\AbilityTutorial_Yasuke_Kanabo_SpineBreaker03.webm",2682845,2682845,2682917,15
"161A112427D4FCC7306B0712C7B9C859F8C4DA6B","videos\AbilityTutorial_Yasuke_LongKatana_CounterAttack01-02.webm",1760140,1760140,1760191,15
"161A112427D4FCC7306B0712C7B9C859F8C4DA6B","videos\AbilityTutorial_Yasuke_LongKatana_CounterAttack03.webm",2476192,2476192,2476258,15
"161A112427D4FCC7306B0712C7B9C859F8C4DA6B","videos\AbilityTutorial_Yasuke_LongKatana_Payback01-02-03.webm",2953160,2953160,2953238,15
"161A112427D4FCC7306B0712C7B9C859F8C4DA6B","videos\AbilityTutorial_Yasuke_LongKatana_PowerDash01-02.webm",1961631,1961631,1961685,15
"161A112427D4FCC7306B0712C7B9C859F8C4DA6B","videos\AbilityTutorial_Yasuke_LongKatana_PowerDash03.webm",3118787,3118787,3118868,15
"161A112427D4FCC7306B0712C7B9C859F8C4DA6B","videos\AbilityTutorial_Yasuke_LongKatana_SamuraiShowdown01-02.webm",5172648,5172648,5172789,15
"161A112427D4FCC7306B0712C7B9C859F8C4DA6B","videos\AbilityTutorial_Yasuke_LongKatana_SamuraiShowdown02.webm",4338965,4338965,4339011,15
"161A112427D4FCC7306B0712C7B9C859F8C4DA6B","videos\AbilityTutorial_Yasuke_LongKatana_SamuraiShowdown03.webm",6542174,6542174,6542357,15
"161A112427D4FCC7306B0712C7B9C859F8C4DA6B","videos\AbilityTutorial_Yasuke_LongKatana_SheetAttack01.webm",1565703,1565703,1565748,15
"161A112427D4FCC7306B0712C7B9C859F8C4DA6B","videos\AbilityTutorial_Yasuke_LongKatana_SheetAttack02-03.webm",2255691,2255691,2255754,15
"161A112427D4FCC7306B0712C7B9C859F8C4DA6B","videos\AbilityTutorial_Yasuke_Naginata_CreshentStrike01-02-03.webm",1893888,1893888,1893942,15
"161A112427D4FCC7306B0712C7B9C859F8C4DA6B","videos\AbilityTutorial_Yasuke_Naginata_FarReach01-02-03.webm",2247712,2247712,2247775,15
"161A112427D4FCC7306B0712C7B9C859F8C4DA6B","videos\AbilityTutorial_Yasuke_Naginata_Impale01.webm",6253406,6253406,6156166,15
"161A112427D4FCC7306B0712C7B9C859F8C4DA6B","videos\AbilityTutorial_Yasuke_Naginata_Impale02.webm",4833121,4833121,4833253,15
"161A112427D4FCC7306B0712C7B9C859F8C4DA6B","videos\AbilityTutorial_Yasuke_Naginata_Impale03.webm",5293475,5293475,5293619,15
"161A112427D4FCC7306B0712C7B9C859F8C4DA6B","videos\AbilityTutorial_Yasuke_Naginata_Onslaught01-03.webm",3388103,3388103,3388202,15
"161A112427D4FCC7306B0712C7B9C859F8C4DA6B","videos\AbilityTutorial_Yasuke_Naginata_Onslaught02.webm",3668981,3668981,3669086,15
"161A112427D4FCC7306B0712C7B9C859F8C4DA6B","videos\AbilityTutorial_Yasuke_Naginata_Whirlwind01-02-03.webm",4595206,4595206,4595276,15
"161A112427D4FCC7306B0712C7B9C859F8C4DA6B","videos\AbilityTutorial_Yasuke_Samourai_BattleCry01.webm",4639829,4639829,4639958,15
"161A112427D4FCC7306B0712C7B9C859F8C4DA6B","videos\AbilityTutorial_Yasuke_Samourai_BattleCry02.webm",2572799,2572799,2572868,15
"161A112427D4FCC7306B0712C7B9C859F8C4DA6B","videos\AbilityTutorial_Yasuke_Samourai_BattleCry03.webm",3980892,3980892,3981006,15
"161A112427D4FCC7306B0712C7B9C859F8C4DA6B","videos\AbilityTutorial_Yasuke_Samourai_BrutalAssassinate01.webm",2789106,2789106,2789181,15
"161A112427D4FCC7306B0712C7B9C859F8C4DA6B","videos\AbilityTutorial_Yasuke_Samourai_BrutalAssassinate02.webm",4137911,4137911,4138028,15
"161A112427D4FCC7306B0712C7B9C859F8C4DA6B","videos\AbilityTutorial_Yasuke_Samourai_BrutalAssassinate03.webm",6226069,6226069,6226234,15
"161A112427D4FCC7306B0712C7B9C859F8C4DA6B","videos\AbilityTutorial_Yasuke_Samourai_BrutalAssassinate04.webm",3117311,3117311,3117392,15
"161A112427D4FCC7306B0712C7B9C859F8C4DA6B","videos\AbilityTutorial_Yasuke_Samourai_BullRush01.webm",3359101,3359101,3359200,15
"161A112427D4FCC7306B0712C7B9C859F8C4DA6B","videos\AbilityTutorial_Yasuke_Samourai_BullRush02.webm",1860922,1860922,1860976,15
"161A112427D4FCC7306B0712C7B9C859F8C4DA6B","videos\AbilityTutorial_Yasuke_Samourai_BullRush03.webm",2575730,2575730,2575799,15
"161A112427D4FCC7306B0712C7B9C859F8C4DA6B","videos\AbilityTutorial_Yasuke_Samourai_ImpenetrableDefense01.webm",5003296,5003296,5003434,15
"161A112427D4FCC7306B0712C7B9C859F8C4DA6B","videos\AbilityTutorial_Yasuke_Samourai_ImpenetrableDefense02.webm",5899043,5899043,5899160,15
"161A112427D4FCC7306B0712C7B9C859F8C4DA6B","videos\AbilityTutorial_Yasuke_Samourai_ImpenetrableDefense03.webm",7070005,7070005,7070200,15
"161A112427D4FCC7306B0712C7B9C859F8C4DA6B","videos\AbilityTutorial_Yasuke_Samourai_Kick01.webm",1427450,1427450,1427492,15
"161A112427D4FCC7306B0712C7B9C859F8C4DA6B","videos\AbilityTutorial_Yasuke_Samourai_Kick02.webm",1643507,1643507,1643555,15
"161A112427D4FCC7306B0712C7B9C859F8C4DA6B","videos\AbilityTutorial_Yasuke_Samourai_Kick03.webm",1510081,1510081,1510126,15
"161A112427D4FCC7306B0712C7B9C859F8C4DA6B","videos\AbilityTutorial_Yasuke_Samourai_LinkAttack01.webm",4789702,4789702,4789834,15
"161A112427D4FCC7306B0712C7B9C859F8C4DA6B","videos\AbilityTutorial_Yasuke_Samourai_SamouraiStand01.webm",4701939,4701939,4702068,15
"161A112427D4FCC7306B0712C7B9C859F8C4DA6B","videos\AbilityTutorial_Yasuke_Samourai_SamouraiStand02.webm",7602733,7602733,7602862,15
"161A112427D4FCC7306B0712C7B9C859F8C4DA6B","videos\AbilityTutorial_Yasuke_Samourai_SamouraiStand03.webm",5168936,5168936,5169077,15
"161A112427D4FCC7306B0712C7B9C859F8C4DA6B","videos\AbilityTutorial_Yasuke_Teppo_ArmorBuster01.webm",2931451,2931451,2931529,15
"161A112427D4FCC7306B0712C7B9C859F8C4DA6B","videos\AbilityTutorial_Yasuke_Teppo_ArmorBuster02.webm",3627032,3627032,3627137,15
"161A112427D4FCC7306B0712C7B9C859F8C4DA6B","videos\AbilityTutorial_Yasuke_Teppo_ArmorBuster03.webm",2709702,2709702,2709774,15
"161A112427D4FCC7306B0712C7B9C859F8C4DA6B","videos\AbilityTutorial_Yasuke_Teppo_CloseQuarter01-03.webm",2661065,2661065,2661137,15
"161A112427D4FCC7306B0712C7B9C859F8C4DA6B","videos\AbilityTutorial_Yasuke_Teppo_CloseQuarter02.webm",3465312,3465312,3465414,15
"161A112427D4FCC7306B0712C7B9C859F8C4DA6B","videos\AbilityTutorial_Yasuke_Teppo_ExplosiveSurprise01.webm",1546475,1546475,1546520,15
"161A112427D4FCC7306B0712C7B9C859F8C4DA6B","videos\AbilityTutorial_Yasuke_Teppo_ExplosiveSurprise02.webm",2190394,2190394,2190454,15
"161A112427D4FCC7306B0712C7B9C859F8C4DA6B","videos\AbilityTutorial_Yasuke_Teppo_ExplosiveSurprise03.webm",2023367,2023367,2023424,15
"161A112427D4FCC7306B0712C7B9C859F8C4DA6B","videos\AbilityTutorial_Yasuke_Teppo_SteadyHand01.webm",3282209,3282209,3282308,15
"161A112427D4FCC7306B0712C7B9C859F8C4DA6B","videos\AbilityTutorial_Yasuke_Teppo_SteadyHand02.webm",3172803,3172803,3172897,15
"161A112427D4FCC7306B0712C7B9C859F8C4DA6B","videos\AbilityTutorial_Yasuke_Teppo_SteadyHand03.webm",4604317,4604317,4604446,15
"161A112427D4FCC7306B0712C7B9C859F8C4DA6B","videos\AbilityTutorial_Yasuke_Teppo_TeppoTempo01.webm",1152701,1152701,1152737,15
"161A112427D4FCC7306B0712C7B9C859F8C4DA6B","videos\AbilityTutorial_Yasuke_Teppo_TeppoTempo02.webm",2208309,2208309,2208369,15
"161A112427D4FCC7306B0712C7B9C859F8C4DA6B","videos\AbilityTutorial_Yasuke_Teppo_TeppoTempo03.webm",3633638,3633638,3633743,15
"161A112427D4FCC7306B0712C7B9C859F8C4DA6B","videos\DLC_AbilityTutorial_Naoe_ChainAssassination.webm",7439219,7439219,7439423,15
"161A112427D4FCC7306B0712C7B9C859F8C4DA6B","videos\DLC_AbilityTutorial_Naoe_ComboFlow.webm",2833041,2833041,2833116,15
"161A112427D4FCC7306B0712C7B9C859F8C4DA6B","videos\DLC_AbilityTutorial_Naoe_ComboFlow_Upgrade1.webm",2833041,2833041,2833116,15
"161A112427D4FCC7306B0712C7B9C859F8C4DA6B","videos\DLC_AbilityTutorial_Naoe_ComboFlow_Upgrade2.webm",2452634,2452634,2452700,15
"161A112427D4FCC7306B0712C7B9C859F8C4DA6B","videos\DLC_AbilityTutorial_Naoe_EnhancedMode.webm",6122702,6122702,6122864,15
"161A112427D4FCC7306B0712C7B9C859F8C4DA6B","videos\DLC_AbilityTutorial_Naoe_EnhancedMode_Upgrade1.webm",6122702,6122702,6122864,15
"161A112427D4FCC7306B0712C7B9C859F8C4DA6B","videos\DLC_AbilityTutorial_Naoe_EnhancedMode_Upgrade2.webm",8139521,8139521,8139743,15
"161A112427D4FCC7306B0712C7B9C859F8C4DA6B","videos\DLC_AbilityTutorial_Naoe_EpicCombo.webm",5682134,5682134,5682287,15
"161A112427D4FCC7306B0712C7B9C859F8C4DA6B","videos\DLC_AbilityTutorial_Naoe_EpicCombo_Upgrade1.webm",5704096,5704096,5704249,15
"161A112427D4FCC7306B0712C7B9C859F8C4DA6B","videos\DLC_AbilityTutorial_Naoe_EpicCombo_Upgrade2.webm",5367524,5367524,5367668,15
"161A112427D4FCC7306B0712C7B9C859F8C4DA6B","videos\DLC_AbilityTutorial_Naoe_GrabAndThrow.webm",3140668,3140668,3140749,15
"161A112427D4FCC7306B0712C7B9C859F8C4DA6B","videos\DLC_AbilityTutorial_Naoe_GrabAndThrow_Upgrade1.webm",3046944,3046944,3047025,15
"161A112427D4FCC7306B0712C7B9C859F8C4DA6B","videos\DLC_AbilityTutorial_Naoe_GrabAndThrow_Upgrade2.webm",3140668,3140668,3140749,15
"161A112427D4FCC7306B0712C7B9C859F8C4DA6B","videos\DLC_AbilityTutorial_Naoe_ImprovedPostureAttacks.webm",1366987,1366987,1367029,15
"161A112427D4FCC7306B0712C7B9C859F8C4DA6B","videos\DLC_AbilityTutorial_Naoe_ImprovedPostureAttacks_Upgrade1.webm",2597190,2597190,2597259,15
"161A112427D4FCC7306B0712C7B9C859F8C4DA6B","videos\DLC_AbilityTutorial_Naoe_ImprovedPostureAttacks_Upgrade2.webm",2671670,2671670,2671742,15
"161A112427D4FCC7306B0712C7B9C859F8C4DA6B","videos\DLC_AbilityTutorial_Naoe_PostureDown.webm",4043269,4043269,4043383,15
"161A112427D4FCC7306B0712C7B9C859F8C4DA6B","videos\DLC_AbilityTutorial_Naoe_PostureNeutral.webm",3223515,3223515,3223611,15
"161A112427D4FCC7306B0712C7B9C859F8C4DA6B","videos\DLC_AbilityTutorial_Naoe_PostureUp.webm",1751107,1751107,1751158,15
"161A112427D4FCC7306B0712C7B9C859F8C4DA6B","videos\DropKick1.webm",2980588,2980588,2979542,15
"161A112427D4FCC7306B0712C7B9C859F8C4DA6B","videos\DropKick2.webm",2893836,2893836,2892785,15
"161A112427D4FCC7306B0712C7B9C859F8C4DA6B","videos\Takedown.webm",3017827,3017827,3017908,15
"161A112427D4FCC7306B0712C7B9C859F8C4DA6B","videos\INTEL_Logo.webm",20175561,20175561,19840687,16
"161A112427D4FCC7306B0712C7B9C859F8C4DA6B","DataPC_Japan_ext.forge",26203619328,433815552,1160433576,17
"161A112427D4FCC7306B0712C7B9C859F8C4DA6B","DataPC_Japan_ext_gi.forge",9327443968,737509376,570045647,18
"161A112427D4FCC7306B0712C7B9C859F8C4DA6B","DataPC_RED_Rift_Drop_001_AnimusWorld_53_dlc.forge",274956288,274956288,219274108,19
"161A112427D4FCC7306B0712C7B9C859F8C4DA6B","DataPC_RED_Rift_Drop_001_AnimusWorld_53_dlc_dx12.forge",4030464,4030464,3445068,19
"161A112427D4FCC7306B0712C7B9C859F8C4DA6B","DataPC_RED_Rift_Drop_001_AnimusWorld_53_dlc_gi.forge",13336576,13336576,13049502,19
"161A112427D4FCC7306B0712C7B9C859F8C4DA6B","DataPC_RED_Rift_Drop_001_AnimusWorld_53_dlc_patch_01.forge",43057152,43057152,39637429,19
"161A112427D4FCC7306B0712C7B9C859F8C4DA6B","DataPC_RED_Rift_Drop_001_AnimusWorld_53_dlc_nav.forge",2490368,2490368,2135030,19
"161A112427D4FCC7306B0712C7B9C859F8C4DA6B","DataPC_RED_Rift_Drop_001_AnimusWorld_53_dlc_floor.forge",327680,327680,241075,19
"161A112427D4FCC7306B0712C7B9C859F8C4DA6B","DataPC_RED_Rift_Drop_001_AnimusWorld_53_dlc_sound.forge",12419072,12419072,12339351,19
"161A112427D4FCC7306B0712C7B9C859F8C4DA6B","DataPC_RED_Rift_Drop_002_Rift02_54_dlc.forge",391184384,391184384,302638037,19
"161A112427D4FCC7306B0712C7B9C859F8C4DA6B","DataPC_RED_Rift_Drop_002_Rift02_54_dlc_gi.forge",23199744,23199744,22554997,19
"161A112427D4FCC7306B0712C7B9C859F8C4DA6B","DataPC_RED_Rift_Drop_002_Rift02_54_dlc_patch_01.forge",45514752,45514752,41407169,19
"161A112427D4FCC7306B0712C7B9C859F8C4DA6B","DataPC_RED_Rift_Drop_002_Rift02_54_dlc_nav.forge",819200,819200,703918,19
"161A112427D4FCC7306B0712C7B9C859F8C4DA6B","DataPC_RED_Rift_Drop_002_Rift02_54_dlc_floor.forge",425984,425984,319836,19
"161A112427D4FCC7306B0712C7B9C859F8C4DA6B","DataPC_RED_Rift_Drop_002_Rift02_54_dlc_sound.forge",4030464,4030464,3979727,19
"161A112427D4FCC7306B0712C7B9C859F8C4DA6B","DataPC_CrystalCave_56_dlc.forge",450756608,450756608,371400635,19
"161A112427D4FCC7306B0712C7B9C859F8C4DA6B","DataPC_CrystalCave_56_dlc_dx12.forge",4784128,4784128,4087898,19
"161A112427D4FCC7306B0712C7B9C859F8C4DA6B","DataPC_CrystalCave_56_dlc_gi.forge",49741824,49741824,48670398,19
"161A112427D4FCC7306B0712C7B9C859F8C4DA6B","DataPC_CrystalCave_56_dlc_patch_01.forge",25329664,25329664,23232998,19
"161A112427D4FCC7306B0712C7B9C859F8C4DA6B","DataPC_CrystalCave_56_dlc_nav.forge",524288,524288,341343,19
"161A112427D4FCC7306B0712C7B9C859F8C4DA6B","DataPC_RED_Rift_Drop_003_Rift_03_72_dlc.forge",271843328,271843328,232854255,19
"161A112427D4FCC7306B0712C7B9C859F8C4DA6B","DataPC_RED_Rift_Drop_003_Rift_03_72_dlc_gi.forge",21561344,21561344,20892049,19
"161A112427D4FCC7306B0712C7B9C859F8C4DA6B","DataPC_RED_Rift_Drop_003_Rift_03_72_dlc_nav.forge",13434880,13434880,9346557,19
"161A112427D4FCC7306B0712C7B9C859F8C4DA6B","DataPC_RED_Rift_Drop_003_Rift_03_72_dlc_floor.forge",884736,884736,448264,19
"161A112427D4FCC7306B0712C7B9C859F8C4DA6B","DataPC_RED_InfiniteVault_90_dlc.forge",857178112,857178112,747241022,19
"161A112427D4FCC7306B0712C7B9C859F8C4DA6B","DataPC_RED_InfiniteVault_90_dlc_gi.forge",93061120,93061120,91046264,19
"161A112427D4FCC7306B0712C7B9C859F8C4DA6B","DataPC_RED_InfiniteVault_90_dlc_nav.forge",26148864,26148864,23463632,19
"161A112427D4FCC7306B0712C7B9C859F8C4DA6B","DataPC_RED_InfiniteVault_90_dlc_floor.forge",7962624,7962624,7692527,19
"161A112427D4FCC7306B0712C7B9C859F8C4DA6B","DataPC_RED_InfiniteVault_90_dlc_sound.forge",1409024,1409024,1376052,19
"161A112427D4FCC7306B0712C7B9C859F8C4DA6B","dlc_20\DataPC_boot_20_dlc.forge",3929702400,3929702400,2237758711,20
"161A112427D4FCC7306B0712C7B9C859F8C4DA6B","dlc_20\DataPC_boot_20_dlc_dx12.forge",819200,819200,714274,20
"161A112427D4FCC7306B0712C7B9C859F8C4DA6B","dlc_20\DataPC_boot_20_dlc_patch_01.forge",435159040,435159040,403554303,20
"161A112427D4FCC7306B0712C7B9C859F8C4DA6B","dlc_20\DataPC_boot_20_dlc_sound.forge",677380096,677380096,671884759,20
"161A112427D4FCC7306B0712C7B9C859F8C4DA6B","dlc_20\DataPC_boot_20_dlc_sound_bra.forge",217448448,217448448,209327265,20
"161A112427D4FCC7306B0712C7B9C859F8C4DA6B","dlc_20\DataPC_boot_20_dlc_sound_eng.forge",226230272,226230272,217749908,20
"161A112427D4FCC7306B0712C7B9C859F8C4DA6B","dlc_20\DataPC_boot_20_dlc_sound_fre.forge",203358208,203358208,195649188,20
"161A112427D4FCC7306B0712C7B9C859F8C4DA6B","dlc_20\DataPC_boot_20_dlc_sound_ger.forge",229703680,229703680,226178160,20
"161A112427D4FCC7306B0712C7B9C859F8C4DA6B","dlc_20\DataPC_boot_20_dlc_sound_ita.forge",238157824,238157824,231826162,20
"161A112427D4FCC7306B0712C7B9C859F8C4DA6B","dlc_20\DataPC_boot_20_dlc_sound_jap.forge",239566848,239566848,231210369,20
"161A112427D4FCC7306B0712C7B9C859F8C4DA6B","dlc_20\DataPC_boot_20_dlc_sound_spa.forge",235896832,235896832,227331013,20
"161A112427D4FCC7306B0712C7B9C859F8C4DA6B","dlc_20\DataPC_20_dlc_shared_00.forge",1236992000,1236992000,993790355,20
"161A112427D4FCC7306B0712C7B9C859F8C4DA6B","dlc_20\DataPC_20_dlc_shared_00_sound_bra.forge",89915392,89915392,89027306,20
"161A112427D4FCC7306B0712C7B9C859F8C4DA6B","dlc_20\DataPC_20_dlc_shared_00_sound_eng.forge",90341376,90341376,89373966,20
"161A112427D4FCC7306B0712C7B9C859F8C4DA6B","dlc_20\DataPC_20_dlc_shared_00_sound_fre.forge",82968576,82968576,81909456,20
"161A112427D4FCC7306B0712C7B9C859F8C4DA6B","dlc_20\DataPC_20_dlc_shared_00_sound_ger.forge",93421568,93421568,92771324,20
"161A112427D4FCC7306B0712C7B9C859F8C4DA6B","dlc_20\DataPC_20_dlc_shared_00_sound_ita.forge",97484800,97484800,96825841,20
"161A112427D4FCC7306B0712C7B9C859F8C4DA6B","dlc_20\DataPC_20_dlc_shared_00_sound_jap.forge",97648640,97648640,97239994,20
"161A112427D4FCC7306B0712C7B9C859F8C4DA6B","dlc_20\DataPC_20_dlc_shared_00_sound_spa.forge",94437376,94437376,93227391,20
"161A112427D4FCC7306B0712C7B9C859F8C4DA6B","dlc_20\DataPC_EXP_Awaji_20_dlc.forge",8534786048,4239818752,2822086926,20
"161A112427D4FCC7306B0712C7B9C859F8C4DA6B","dlc_20\DataPC_EXP_Awaji_SideScrolling_20_dlc.forge",1080393728,1080393728,717645705,20
"161A112427D4FCC7306B0712C7B9C859F8C4DA6B","dlc_20\DataPC_EXP_Awaji_20_dlc_dx12.forge",1015808,1015808,878553,20
"161A112427D4FCC7306B0712C7B9C859F8C4DA6B","dlc_20\DataPC_EXP_Awaji_SideScrolling_20_dlc_dx12.forge",786432,786432,693117,20
"161A112427D4FCC7306B0712C7B9C859F8C4DA6B","dlc_20\DataPC_EXP_Awaji_20_dlc_gi.forge",708116480,708116480,693992528,20
"161A112427D4FCC7306B0712C7B9C859F8C4DA6B","dlc_20\DataPC_EXP_Awaji_SideScrolling_20_dlc_gi.forge",52428800,52428800,51652677,20
"161A112427D4FCC7306B0712C7B9C859F8C4DA6B","dlc_20\DataPC_EXP_Awaji_20_dlc_patch_01.forge",491257856,491257856,404904748,20
"161A112427D4FCC7306B0712C7B9C859F8C4DA6B","dlc_20\DataPC_EXP_Awaji_SideScrolling_20_dlc_patch_01.forge",50724864,50724864,48916133,20
"161A112427D4FCC7306B0712C7B9C859F8C4DA6B","dlc_20\DataPC_EXP_Awaji_20_dlc_nav.forge",221151232,221151232,191476032,20
"161A112427D4FCC7306B0712C7B9C859F8C4DA6B","dlc_20\DataPC_EXP_Awaji_SideScrolling_20_dlc_nav.forge",1179648,1179648,970960,20
"161A112427D4FCC7306B0712C7B9C859F8C4DA6B","dlc_20\DataPC_EXP_Awaji_20_dlc_floor.forge",132775936,132775936,128160105,20
"161A112427D4FCC7306B0712C7B9C859F8C4DA6B","dlc_20\DataPC_EXP_Awaji_SideScrolling_20_dlc_floor.forge",557056,557056,213439,20
"161A112427D4FCC7306B0712C7B9C859F8C4DA6B","dlc_20\DataPC_EXP_Awaji_20_dlc_sound.forge",159547392,159547392,158907220,20
"161A112427D4FCC7306B0712C7B9C859F8C4DA6B","dlc_20\DataPC_EXP_Awaji_SideScrolling_20_dlc_sound.forge",10223616,10223616,10115423,20
"161A112427D4FCC7306B0712C7B9C859F8C4DA6B","dlc_20\DataPC_EXP_Awaji_20_dlc_sound_bra.forge",4554752,4554752,4085845,20
"161A112427D4FCC7306B0712C7B9C859F8C4DA6B","dlc_20\DataPC_EXP_Awaji_20_dlc_sound_eng.forge",4292608,4292608,3681253,20
"161A112427D4FCC7306B0712C7B9C859F8C4DA6B","dlc_20\DataPC_EXP_Awaji_20_dlc_sound_fre.forge",4325376,4325376,3709979,20
"161A112427D4FCC7306B0712C7B9C859F8C4DA6B","dlc_20\DataPC_EXP_Awaji_20_dlc_sound_ger.forge",4849664,4849664,4734167,20
"161A112427D4FCC7306B0712C7B9C859F8C4DA6B","dlc_20\DataPC_EXP_Awaji_20_dlc_sound_ita.forge",4980736,4980736,4441189,20
"161A112427D4FCC7306B0712C7B9C859F8C4DA6B","dlc_20\DataPC_EXP_Awaji_20_dlc_sound_jap.forge",4751360,4751360,3895076,20
"161A112427D4FCC7306B0712C7B9C859F8C4DA6B","dlc_20\DataPC_EXP_Awaji_20_dlc_sound_spa.forge",4849664,4849664,4277620,20
"161A112427D4FCC7306B0712C7B9C859F8C4DA6B","dlc_20\DataPC_EXP_Awaji_SideScrolling_20_dlc_sound_bra.forge",163840,163840,110299,20
"161A112427D4FCC7306B0712C7B9C859F8C4DA6B","dlc_20\DataPC_EXP_Awaji_SideScrolling_20_dlc_sound_eng.forge",163840,163840,109233,20
"161A112427D4FCC7306B0712C7B9C859F8C4DA6B","dlc_20\DataPC_EXP_Awaji_SideScrolling_20_dlc_sound_fre.forge",163840,163840,109923,20
"161A112427D4FCC7306B0712C7B9C859F8C4DA6B","dlc_20\DataPC_EXP_Awaji_SideScrolling_20_dlc_sound_ger.forge",163840,163840,109290,20
"161A112427D4FCC7306B0712C7B9C859F8C4DA6B","dlc_20\DataPC_EXP_Awaji_SideScrolling_20_dlc_sound_ita.forge",163840,163840,108271,20
"161A112427D4FCC7306B0712C7B9C859F8C4DA6B","dlc_20\DataPC_EXP_Awaji_SideScrolling_20_dlc_sound_jap.forge",163840,163840,108988,20
"161A112427D4FCC7306B0712C7B9C859F8C4DA6B","dlc_20\DataPC_EXP_Awaji_SideScrolling_20_dlc_sound_spa.forge",163840,163840,110353,20
"161A112427D4FCC7306B0712C7B9C859F8C4DA6B","dlc_20\DataPC_Japan_ext_20_dlc.forge",472612864,472612864,442107547,20
"161A112427D4FCC7306B0712C7B9C859F8C4DA6B","dlc_20\DataPC_Japan_ext_20_dlc_dx12.forge",42893312,42893312,36755730,20
"161A112427D4FCC7306B0712C7B9C859F8C4DA6B","dlc_20\DataPC_Japan_ext_20_dlc_patch_01.forge",253427712,253427712,242615958,20
"161A112427D4FCC7306B0712C7B9C859F8C4DA6B","dlc_20\DataPC_Japan_ext_20_dlc_sound.forge",7733248,7733248,7052479,20
"161A112427D4FCC7306B0712C7B9C859F8C4DA6B","dlc_20\DataPC_Japan_ext_20_dlc_sound_bra.forge",3964928,3964928,3876574,20
"161A112427D4FCC7306B0712C7B9C859F8C4DA6B","dlc_20\DataPC_Japan_ext_20_dlc_sound_eng.forge",4161536,4161536,4078196,20
"161A112427D4FCC7306B0712C7B9C859F8C4DA6B","dlc_20\DataPC_Japan_ext_20_dlc_sound_fre.forge",3964928,3964928,3859282,20
"161A112427D4FCC7306B0712C7B9C859F8C4DA6B","dlc_20\DataPC_Japan_ext_20_dlc_sound_ger.forge",4718592,4718592,4576912,20
"161A112427D4FCC7306B0712C7B9C859F8C4DA6B","dlc_20\DataPC_Japan_ext_20_dlc_sound_ita.forge",4521984,4521984,4443689,20
"161A112427D4FCC7306B0712C7B9C859F8C4DA6B","dlc_20\DataPC_Japan_ext_20_dlc_sound_jap.forge",4915200,4915200,4773708,20
"161A112427D4FCC7306B0712C7B9C859F8C4DA6B","dlc_20\DataPC_Japan_ext_20_dlc_sound_spa.forge",4685824,4685824,4549606,20
"161A112427D4FCC7306B0712C7B9C859F8C4DA6B","dlc_20\DataPC_boot_20_dlc_sound_patch_01.forge",71696384,71696384,69392221,20
"161A112427D4FCC7306B0712C7B9C859F8C4DA6B","dlc_20\DataPC_boot_20_dlc_sound_bra_patch_01.forge",1966080,1966080,1760382,20
"161A112427D4FCC7306B0712C7B9C859F8C4DA6B","dlc_20\DataPC_boot_20_dlc_sound_bra_patch_02.forge",1114112,1114112,996732,20
"161A112427D4FCC7306B0712C7B9C859F8C4DA6B","dlc_20\DataPC_boot_20_dlc_sound_eng_patch_01.forge",65536,65536,27851,20
"161A112427D4FCC7306B0712C7B9C859F8C4DA6B","dlc_20\DataPC_boot_20_dlc_sound_eng_patch_02.forge",131072,131072,99958,20
"161A112427D4FCC7306B0712C7B9C859F8C4DA6B","dlc_20\DataPC_boot_20_dlc_sound_fre_patch_01.forge",983040,983040,876163,20
"161A112427D4FCC7306B0712C7B9C859F8C4DA6B","dlc_20\DataPC_boot_20_dlc_sound_fre_patch_02.forge",131072,131072,101016,20
"161A112427D4FCC7306B0712C7B9C859F8C4DA6B","dlc_20\DataPC_boot_20_dlc_sound_ger_patch_01.forge",5046272,5046272,4983291,20
"161A112427D4FCC7306B0712C7B9C859F8C4DA6B","dlc_20\DataPC_boot_20_dlc_sound_ger_patch_02.forge",131072,131072,99900,20
"161A112427D4FCC7306B0712C7B9C859F8C4DA6B","dlc_20\DataPC_boot_20_dlc_sound_ita_patch_01.forge",1179648,1179648,1047541,20
"161A112427D4FCC7306B0712C7B9C859F8C4DA6B","dlc_20\DataPC_boot_20_dlc_sound_ita_patch_02.forge",131072,131072,100014,20
"161A112427D4FCC7306B0712C7B9C859F8C4DA6B","dlc_20\DataPC_boot_20_dlc_sound_jap_patch_01.forge",1376256,1376256,1251781,20
"161A112427D4FCC7306B0712C7B9C859F8C4DA6B","dlc_20\DataPC_boot_20_dlc_sound_jap_patch_02.forge",131072,131072,100214,20
"161A112427D4FCC7306B0712C7B9C859F8C4DA6B","dlc_20\DataPC_boot_20_dlc_sound_spa_patch_01.forge",1146880,1146880,1100442,20
"161A112427D4FCC7306B0712C7B9C859F8C4DA6B","dlc_20\DataPC_boot_20_dlc_sound_spa_patch_02.forge",196608,196608,172086,20
"161A112427D4FCC7306B0712C7B9C859F8C4DA6B","dlc_20\DataPC_20_dlc_shared_00_patch_01.forge",6651904,6651904,6078457,20
"161A112427D4FCC7306B0712C7B9C859F8C4DA6B","dlc_20\DataPC_EXP_Awaji_20_dlc_gi_patch_01.forge",22183936,22183936,21810388,20
"161A112427D4FCC7306B0712C7B9C859F8C4DA6B","dlc_20\DataPC_EXP_Awaji_20_dlc_nav_patch_01.forge",83361792,83361792,73673883,20
"161A112427D4FCC7306B0712C7B9C859F8C4DA6B","dlc_20\DataPC_EXP_Awaji_SideScrolling_20_dlc_nav_patch_01.forge",131072,131072,54690,20
"161A112427D4FCC7306B0712C7B9C859F8C4DA6B","dlc_20\DataPC_EXP_Awaji_20_dlc_sound_patch_01.forge",30277632,30277632,30037777,20
"161A112427D4FCC7306B0712C7B9C859F8C4DA6B","dlc_20\DataPC_EXP_Awaji_SideScrolling_20_dlc_sound_patch_01.forge",8912896,8912896,8806917,20
"161A112427D4FCC7306B0712C7B9C859F8C4DA6B","dlc_20\DataPC_EXP_Awaji_20_dlc_sound_bra_patch_01.forge",163840,163840,110423,20
"161A112427D4FCC7306B0712C7B9C859F8C4DA6B","dlc_20\DataPC_EXP_Awaji_20_dlc_sound_bra_patch_02.forge",163840,163840,110486,20
"161A112427D4FCC7306B0712C7B9C859F8C4DA6B","dlc_20\DataPC_EXP_Awaji_20_dlc_sound_eng_patch_01.forge",163840,163840,109312,20
"161A112427D4FCC7306B0712C7B9C859F8C4DA6B","dlc_20\DataPC_EXP_Awaji_20_dlc_sound_eng_patch_02.forge",163840,163840,109369,20
"161A112427D4FCC7306B0712C7B9C859F8C4DA6B","dlc_20\DataPC_EXP_Awaji_20_dlc_sound_fre_patch_01.forge",163840,163840,110036,20
"161A112427D4FCC7306B0712C7B9C859F8C4DA6B","dlc_20\DataPC_EXP_Awaji_20_dlc_sound_fre_patch_02.forge",163840,163840,110116,20
"161A112427D4FCC7306B0712C7B9C859F8C4DA6B","dlc_20\DataPC_EXP_Awaji_20_dlc_sound_ger_patch_01.forge",163840,163840,109410,20
"161A112427D4FCC7306B0712C7B9C859F8C4DA6B","dlc_20\DataPC_EXP_Awaji_20_dlc_sound_ger_patch_02.forge",163840,163840,109472,20
"161A112427D4FCC7306B0712C7B9C859F8C4DA6B","dlc_20\DataPC_EXP_Awaji_20_dlc_sound_ita_patch_01.forge",163840,163840,108402,20
"161A112427D4FCC7306B0712C7B9C859F8C4DA6B","dlc_20\DataPC_EXP_Awaji_20_dlc_sound_ita_patch_02.forge",163840,163840,108447,20
"161A112427D4FCC7306B0712C7B9C859F8C4DA6B","dlc_20\DataPC_EXP_Awaji_20_dlc_sound_jap_patch_01.forge",163840,163840,109113,20
"161A112427D4FCC7306B0712C7B9C859F8C4DA6B","dlc_20\DataPC_EXP_Awaji_20_dlc_sound_jap_patch_02.forge",163840,163840,109173,20
"161A112427D4FCC7306B0712C7B9C859F8C4DA6B","dlc_20\DataPC_EXP_Awaji_20_dlc_sound_spa_patch_01.forge",163840,163840,110479,20
"161A112427D4FCC7306B0712C7B9C859F8C4DA6B","dlc_20\DataPC_EXP_Awaji_20_dlc_sound_spa_patch_02.forge",163840,163840,110536,20
"161A112427D4FCC7306B0712C7B9C859F8C4DA6B","dlc_20\DataPC_EXP_Awaji_SideScrolling_20_dlc_sound_bra_patch_01.forge",163840,163840,110433,20
"161A112427D4FCC7306B0712C7B9C859F8C4DA6B","dlc_20\DataPC_EXP_Awaji_SideScrolling_20_dlc_sound_bra_patch_02.forge",163840,163840,110491,20
"161A112427D4FCC7306B0712C7B9C859F8C4DA6B","dlc_20\DataPC_EXP_Awaji_SideScrolling_20_dlc_sound_eng_patch_01.forge",163840,163840,109322,20
"161A112427D4FCC7306B0712C7B9C859F8C4DA6B","dlc_20\DataPC_EXP_Awaji_SideScrolling_20_dlc_sound_eng_patch_02.forge",163840,163840,109368,20
"161A112427D4FCC7306B0712C7B9C859F8C4DA6B","dlc_20\DataPC_EXP_Awaji_SideScrolling_20_dlc_sound_fre_patch_01.forge",163840,163840,110055,20
"161A112427D4FCC7306B0712C7B9C859F8C4DA6B","dlc_20\DataPC_EXP_Awaji_SideScrolling_20_dlc_sound_fre_patch_02.forge",163840,163840,110123,20
"161A112427D4FCC7306B0712C7B9C859F8C4DA6B","dlc_20\DataPC_EXP_Awaji_SideScrolling_20_dlc_sound_ger_patch_01.forge",163840,163840,109417,20
"161A112427D4FCC7306B0712C7B9C859F8C4DA6B","dlc_20\DataPC_EXP_Awaji_SideScrolling_20_dlc_sound_ger_patch_02.forge",163840,163840,109477,20
"161A112427D4FCC7306B0712C7B9C859F8C4DA6B","dlc_20\DataPC_EXP_Awaji_SideScrolling_20_dlc_sound_ita_patch_01.forge",163840,163840,108417,20
"161A112427D4FCC7306B0712C7B9C859F8C4DA6B","dlc_20\DataPC_EXP_Awaji_SideScrolling_20_dlc_sound_ita_patch_02.forge",163840,163840,108458,20
"161A112427D4FCC7306B0712C7B9C859F8C4DA6B","dlc_20\DataPC_EXP_Awaji_SideScrolling_20_dlc_sound_jap_patch_01.forge",163840,163840,109125,20
"161A112427D4FCC7306B0712C7B9C859F8C4DA6B","dlc_20\DataPC_EXP_Awaji_SideScrolling_20_dlc_sound_jap_patch_02.forge",163840,163840,109171,20
"161A112427D4FCC7306B0712C7B9C859F8C4DA6B","dlc_20\DataPC_EXP_Awaji_SideScrolling_20_dlc_sound_spa_patch_01.forge",163840,163840,110495,20
"161A112427D4FCC7306B0712C7B9C859F8C4DA6B","dlc_20\DataPC_EXP_Awaji_SideScrolling_20_dlc_sound_spa_patch_02.forge",163840,163840,110540,20
"161A112427D4FCC7306B0712C7B9C859F8C4DA6B","dlc_20\DataPC_Japan_ext_20_dlc_sound_patch_01.forge",4227072,4227072,3798010,20
"161A112427D4FCC7306B0712C7B9C859F8C4DA6B","dlc_20\dlc_20\AWJ_020_Q030_S200_CS3_Tsuyu_Reveals_The_Ippa_Nowaki.webm",38130964,38130964,38131990,20
"161A112427D4FCC7306B0712C7B9C859F8C4DA6B","dlc_20\dlc_20\AWJ_020_Q030_S200_CS3_Tsuyu_Reveals_The_Ippa_Tomeji.webm",49187846,49187846,49189163,20
"161A112427D4FCC7306B0712C7B9C859F8C4DA6B","dlc_20\dlc_20\AWJ_020_Q030_S200_CS3_Tsuyu_Reveals_The_Ippa_Yasuhira.webm",33605514,33605514,33522696,20
"161A112427D4FCC7306B0712C7B9C859F8C4DA6B","dlc_20\dlc_20\DLC_AbilityTutorial_Yasuke_HorizontalShot.webm",2553994,2553994,2554063,20
"161A112427D4FCC7306B0712C7B9C859F8C4DA6B","dlc_20\dlc_20\DLC_AbilityTutorial_Yasuke_HorizontalShot_Upgrade1.webm",2799579,2799579,2799654,20
"161A112427D4FCC7306B0712C7B9C859F8C4DA6B","dlc_20\dlc_20\DLC_AbilityTutorial_Yasuke_HorizontalShot_Upgrade2.webm",2270850,2270850,2270913,20
"161A112427D4FCC7306B0712C7B9C859F8C4DA6B","dlc_20\dlc_20\DLC_AbilityTutorial_Yasuke_KanaboThrow.webm",4701930,4701930,4702059,20
"161A112427D4FCC7306B0712C7B9C859F8C4DA6B","dlc_20\dlc_20\DLC_AbilityTutorial_Yasuke_KanaboThrow_Upgrade1.webm",3991239,3991239,3991353,20
"161A112427D4FCC7306B0712C7B9C859F8C4DA6B","dlc_20\dlc_20\DLC_AbilityTutorial_Yasuke_KanaboThrow_Upgrade2.webm",3833020,3833020,3833131,20
"161A112427D4FCC7306B0712C7B9C859F8C4DA6B","dlc_20\dlc_20\DLC_AbilityTutorial_Yasuke_TezutsuBurst.webm",5386512,5386512,5386659,20
"161A112427D4FCC7306B0712C7B9C859F8C4DA6B","dlc_20\dlc_20\DLC_AbilityTutorial_Yasuke_TezutsuBurst_Upgrade1.webm",5386512,5386512,5386659,20
"161A112427D4FCC7306B0712C7B9C859F8C4DA6B","dlc_20\dlc_20\DLC_AbilityTutorial_Yasuke_TezutsuBurst_Upgrade2.webm",5386512,5386512,5386659,20
"161A112427D4FCC7306B0712C7B9C859F8C4DA6B","dlc_20\dlc_20\DLC_AbilityTutorial_Yasuke_WhirlwindStance_Naginata.webm",9986532,9986532,9986808,20
"161A112427D4FCC7306B0712C7B9C859F8C4DA6B","dlc_20\dlc_20\DLC_AbilityTutorial_Yasuke_WhirlwindStance_Upgrade1.webm",9581970,9581970,9582237,20
"161A112427D4FCC7306B0712C7B9C859F8C4DA6B","dlc_20\dlc_20\DLC_AbilityTutorial_Yasuke_WhirlwindStance_Upgrade2.webm",8043522,8043522,8043741,20
"161A112427D4FCC7306B0712C7B9C859F8C4DA6B","dlc_20\dlc_20\DLC_AbilityTutorial_Yasuke_WindSlash_Okatana.webm",4109639,4109639,4109756,20
"161A112427D4FCC7306B0712C7B9C859F8C4DA6B","dlc_20\dlc_20\DLC_AbilityTutorial_Yasuke_WindSlash_Upgrade1.webm",3492087,3492087,3492189,20
"161A112427D4FCC7306B0712C7B9C859F8C4DA6B","dlc_20\dlc_20\DLC_AbilityTutorial_Yasuke_WindSlash_Upgrade2.webm",2460351,2460351,2460417,20
