"921","1E6AFF58CFEA5B2B65BB83545949B838CF9AAD11","0000-00-00",74,131992792539,3143773659,2067981144,3
"1E6AFF58CFEA5B2B65BB83545949B838CF9AAD11","Bin\Win64\amd_ags_x64.dll",167424,167424,81021,0
"1E6AFF58CFEA5B2B65BB83545949B838CF9AAD11","Bin\Win64\amd_fidelityfx_dx12.dll",6675664,6675664,1308223,0
"1E6AFF58CFEA5B2B65BB83545949B838CF9AAD11","Bin\Win64\GFSDK_Aftermath_Lib.x64.dll",5736000,5736000,1706038,0
"1E6AFF58CFEA5B2B65BB83545949B838CF9AAD11","Bin\Win64\Anno117.exe",389862904,389862904,195912889,0
"1E6AFF58CFEA5B2B65BB83545949B838CF9AAD11","Bin\Win64\Anno117_plus.exe",404468728,404468728,204515562,0
"1E6AFF58CFEA5B2B65BB83545949B838CF9AAD11","Bin\Win64\bink2w64.dll",466560,466560,229570,0
"1E6AFF58CFEA5B2B65BB83545949B838CF9AAD11","Bin\Win64\concrt140.dll",324208,324208,132353,0
"1E6AFF58CFEA5B2B65BB83545949B838CF9AAD11","Bin\Win64\dbdata.dll",149176,149176,70735,0
"1E6AFF58CFEA5B2B65BB83545949B838CF9AAD11","Bin\Win64\dbgcore.dll",166720,166720,73920,0
"1E6AFF58CFEA5B2B65BB83545949B838CF9AAD11","Bin\Win64\dbghelp.dll",1643840,1643840,632023,0
"1E6AFF58CFEA5B2B65BB83545949B838CF9AAD11","Bin\Win64\dxcompiler.dll",20761520,20761520,6576998,0
"1E6AFF58CFEA5B2B65BB83545949B838CF9AAD11","Bin\Win64\dxil.dll",1611696,1611696,566926,0
"1E6AFF58CFEA5B2B65BB83545949B838CF9AAD11","Bin\Win64\libxess.dll",120956304,120956304,72450607,0
"1E6AFF58CFEA5B2B65BB83545949B838CF9AAD11","Bin\Win64\msvcp140.dll",557728,557728,155385,0
"1E6AFF58CFEA5B2B65BB83545949B838CF9AAD11","Bin\Win64\msvcp140_1.dll",35952,35952,17437,0
"1E6AFF58CFEA5B2B65BB83545949B838CF9AAD11","Bin\Win64\msvcp140_2.dll",280200,280200,96512,0
"1E6AFF58CFEA5B2B65BB83545949B838CF9AAD11","Bin\Win64\nvngx_dlss.dll",54779504,54779504,21219547,0
"1E6AFF58CFEA5B2B65BB83545949B838CF9AAD11","Bin\Win64\nvngx_dlssd.dll",28596848,28596848,9421506,0
"1E6AFF58CFEA5B2B65BB83545949B838CF9AAD11","Bin\Win64\sl.common.dll",674432,674432,254613,0
"1E6AFF58CFEA5B2B65BB83545949B838CF9AAD11","Bin\Win64\sl.dlss.dll",240256,240256,92551,0
"1E6AFF58CFEA5B2B65BB83545949B838CF9AAD11","Bin\Win64\sl.dlss_d.dll",254080,254080,94772,0
"1E6AFF58CFEA5B2B65BB83545949B838CF9AAD11","Bin\Win64\sl.interposer.dll",569472,569472,207183,0
"1E6AFF58CFEA5B2B65BB83545949B838CF9AAD11","Bin\Win64\upc_r2_loader64.dll",151736,151736,71158,0
"1E6AFF58CFEA5B2B65BB83545949B838CF9AAD11","Bin\Win64\vccorlib140.dll",352384,352384,99186,0
"1E6AFF58CFEA5B2B65BB83545949B838CF9AAD11","Bin\Win64\vcruntime140.dll",124544,124544,57274,0
"1E6AFF58CFEA5B2B65BB83545949B838CF9AAD11","Bin\Win64\vcruntime140_1.dll",49792,49792,25515,0
"1E6AFF58CFEA5B2B65BB83545949B838CF9AAD11","Bin\Win64\WinPixEventRuntime.dll",58368,58368,27248,0
"1E6AFF58CFEA5B2B65BB83545949B838CF9AAD11","Bin\Win64\D3D12\D3D12Core.dll",4821064,4821064,1557202,0
"1E6AFF58CFEA5B2B65BB83545949B838CF9AAD11","Bin\Win64\Licenses.md",51336,51336,12968,0
"1E6AFF58CFEA5B2B65BB83545949B838CF9AAD11","maindata\checksum_h.db",32,32,41,1
"1E6AFF58CFEA5B2B65BB83545949B838CF9AAD11","maindata\file_h.db",89591168,89591168,8579259,1
"1E6AFF58CFEA5B2B65BB83545949B838CF9AAD11","maindata\file_browse_patterns.rda",8238232,8238232,478581,1
"1E6AFF58CFEA5B2B65BB83545949B838CF9AAD11","maindata\config.rda",126635556,126635556,16615610,1
"1E6AFF58CFEA5B2B65BB83545949B838CF9AAD11","maindata\cdlc01_graphics.rda",2404430979,2404430979,1424948092,1
"1E6AFF58CFEA5B2B65BB83545949B838CF9AAD11","maindata\cdlc02_graphics.rda",1552496007,1552496007,726674666,1
"1E6AFF58CFEA5B2B65BB83545949B838CF9AAD11","maindata\dlc01_graphics.rda",3380709146,3380709146,1653962774,1
"1E6AFF58CFEA5B2B65BB83545949B838CF9AAD11","maindata\dlc01_provinces.rda",1468010068,1468010068,481904657,1
"1E6AFF58CFEA5B2B65BB83545949B838CF9AAD11","maindata\graphics_celtic.rda",7386227632,3091260336,4221002077,1
"1E6AFF58CFEA5B2B65BB83545949B838CF9AAD11","maindata\graphics_engine.rda",85348722,85348722,41882419,1
"1E6AFF58CFEA5B2B65BB83545949B838CF9AAD11","maindata\graphics_library.rda",9103667214,513732622,508930123,1
"1E6AFF58CFEA5B2B65BB83545949B838CF9AAD11","maindata\graphics_misc.rda",11470160,11470160,4018234,1
"1E6AFF58CFEA5B2B65BB83545949B838CF9AAD11","maindata\graphics_portrait.rda",7453687973,3158720677,3784676972,1
"1E6AFF58CFEA5B2B65BB83545949B838CF9AAD11","maindata\graphics_roman.rda",28078532503,2308728727,1816965827,1
"1E6AFF58CFEA5B2B65BB83545949B838CF9AAD11","maindata\graphics_roman_celtic.rda",8519660334,4224693038,493990038,1
"1E6AFF58CFEA5B2B65BB83545949B838CF9AAD11","maindata\graphics_skins.rda",1454335830,1454335830,812612008,1
"1E6AFF58CFEA5B2B65BB83545949B838CF9AAD11","maindata\graphics_ui.rda",720356519,720356519,327328633,1
"1E6AFF58CFEA5B2B65BB83545949B838CF9AAD11","maindata\infotips.rda",1930560,1930560,76508,1
"1E6AFF58CFEA5B2B65BB83545949B838CF9AAD11","maindata\provinces_celtic.rda",4657783160,362815864,1837861693,1
"1E6AFF58CFEA5B2B65BB83545949B838CF9AAD11","maindata\provinces_roman.rda",5443115880,1148148584,1572182194,1
"1E6AFF58CFEA5B2B65BB83545949B838CF9AAD11","maindata\script.rda",9389150,9389150,7515793,1
"1E6AFF58CFEA5B2B65BB83545949B838CF9AAD11","maindata\shaders.rda",13116858068,231956180,1905961669,1
"1E6AFF58CFEA5B2B65BB83545949B838CF9AAD11","maindata\shared_configs.rda",2668227264,2668227264,628062133,1
"1E6AFF58CFEA5B2B65BB83545949B838CF9AAD11","maindata\sound.rda",713037459,713037459,504539188,1
"1E6AFF58CFEA5B2B65BB83545949B838CF9AAD11","maindata\ui.rda",8179344902,3884377606,4283823826,1
"1E6AFF58CFEA5B2B65BB83545949B838CF9AAD11","maindata\video.rda",18557506468,1377637284,1122028250,1
"1E6AFF58CFEA5B2B65BB83545949B838CF9AAD11","maindata\zz_patchfiles_150.rda",2686708356,2686708356,1276104047,1
"1E6AFF58CFEA5B2B65BB83545949B838CF9AAD11","maindata\zz_patchfiles_151.rda",39228733,39228733,14070301,1
"1E6AFF58CFEA5B2B65BB83545949B838CF9AAD11","maindata\zz_patchfiles_152.rda",45104720,45104720,32985400,1
"1E6AFF58CFEA5B2B65BB83545949B838CF9AAD11","maindata\zz_patchfiles_160.rda",685471667,685471667,193987122,1
"1E6AFF58CFEA5B2B65BB83545949B838CF9AAD11","Support\VC_redist.x64.exe",18537912,18537912,18182980,2
"1E6AFF58CFEA5B2B65BB83545949B838CF9AAD11","Support\GameInputRedist.msi",1200128,1200128,726665,2
"1E6AFF58CFEA5B2B65BB83545949B838CF9AAD11","mods\how-to.txt",1118,1118,571,3
"1E6AFF58CFEA5B2B65BB83545949B838CF9AAD11","mods\.ubi\free-farmfields-ubi\modinfo.jsonc",411,411,258,3
"1E6AFF58CFEA5B2B65BB83545949B838CF9AAD11","mods\.ubi\free-farmfields-ubi\data\base\config\export\assets.xml",295,295,202,3
"1E6AFF58CFEA5B2B65BB83545949B838CF9AAD11","mods\.ubi\infinite-material-ubi\modinfo.jsonc",657,657,356,3
"1E6AFF58CFEA5B2B65BB83545949B838CF9AAD11","mods\.ubi\infinite-material-ubi\ubi\infinite-material-ubi.lua",664,664,339,3
"1E6AFF58CFEA5B2B65BB83545949B838CF9AAD11","mods\.ubi\infinite-money-ubi\modinfo.jsonc",610,610,342,3
"1E6AFF58CFEA5B2B65BB83545949B838CF9AAD11","mods\.ubi\infinite-money-ubi\ubi\infinite-money-ubi.lua",414,414,238,3
"1E6AFF58CFEA5B2B65BB83545949B838CF9AAD11","mods\.ubi\hot-reload-ubi\modinfo.jsonc",445,445,289,3
"1E6AFF58CFEA5B2B65BB83545949B838CF9AAD11","mods\.ubi\hot-reload-ubi\data\base\config\export\assets.xml",564,564,319,3
"1E6AFF58CFEA5B2B65BB83545949B838CF9AAD11","maindata\en_us0.rda",482671963,482671963,387103131,4
"1E6AFF58CFEA5B2B65BB83545949B838CF9AAD11","maindata\fr_fr0.rda",520142192,520142192,427863171,5
"1E6AFF58CFEA5B2B65BB83545949B838CF9AAD11","maindata\de_de0.rda",535050425,535050425,441737199,6
"1E6AFF58CFEA5B2B65BB83545949B838CF9AAD11","maindata\zh_cn0.rda",743491839,743491839,635701099,7
