"926","095A07DDD2C8FFF3663CA41EC0B39C2AE625FCE4","0000-00-00",447,5793841616,1498874320,613616486,3
"095A07DDD2C8FFF3663CA41EC0B39C2AE625FCE4","baselib.dll",417984,417984,189404,0
"095A07DDD2C8FFF3663CA41EC0B39C2AE625FCE4","dbdata.dll",413256,413256,154356,0
"095A07DDD2C8FFF3663CA41EC0B39C2AE625FCE4","GameAssembly.dll",402097176,402097176,214761008,0
"095A07DDD2C8FFF3663CA41EC0B39C2AE625FCE4","MONOPOLY.exe",676888,676888,429954,0
"095A07DDD2C8FFF3663CA41EC0B39C2AE625FCE4","UnityCrashHandler64.exe",1112768,1112768,369790,0
"095A07DDD2C8FFF3663CA41EC0B39C2AE625FCE4","UnityPlayer.dll",30895808,30895808,11059632,0
"095A07DDD2C8FFF3663CA41EC0B39C2AE625FCE4","MONOPOLY_Data\app.info",16,16,25,0
"095A07DDD2C8FFF3663CA41EC0B39C2AE625FCE4","MONOPOLY_Data\boot.config",130,130,116,0
"095A07DDD2C8FFF3663CA41EC0B39C2AE625FCE4","MONOPOLY_Data\data.unity3d",807795982,807795982,647519114,0
"095A07DDD2C8FFF3663CA41EC0B39C2AE625FCE4","MONOPOLY_Data\RuntimeInitializeOnLoads.json",6974,6974,1138,0
"095A07DDD2C8FFF3663CA41EC0B39C2AE625FCE4","MONOPOLY_Data\ScriptingAssemblies.json",6134,6134,1453,0
"095A07DDD2C8FFF3663CA41EC0B39C2AE625FCE4","MONOPOLY_Data\sharedassets0.resource",939367,939367,854848,0
"095A07DDD2C8FFF3663CA41EC0B39C2AE625FCE4","MONOPOLY_Data\il2cpp_data\Metadata\global-metadata.dat",25867348,25867348,5657936,0
"095A07DDD2C8FFF3663CA41EC0B39C2AE625FCE4","MONOPOLY_Data\il2cpp_data\Resources\mscorlib.dll-resources.dat",337563,337563,123146,0
"095A07DDD2C8FFF3663CA41EC0B39C2AE625FCE4","MONOPOLY_Data\il2cpp_data\Resources\Newtonsoft.Json.dll-resources.dat",900,900,335,0
"095A07DDD2C8FFF3663CA41EC0B39C2AE625FCE4","MONOPOLY_Data\il2cpp_data\Resources\System.Data.dll-resources.dat",93718,93718,7291,0
"095A07DDD2C8FFF3663CA41EC0B39C2AE625FCE4","MONOPOLY_Data\il2cpp_data\Resources\System.Drawing.dll-resources.dat",25453,25453,9441,0
"095A07DDD2C8FFF3663CA41EC0B39C2AE625FCE4","MONOPOLY_Data\Plugins\x86_64\abci.dll",1513984,1513984,438542,0
"095A07DDD2C8FFF3663CA41EC0B39C2AE625FCE4","MONOPOLY_Data\Plugins\x86_64\AkSoundEngine.dll",2937096,2937096,1259355,0
"095A07DDD2C8FFF3663CA41EC0B39C2AE625FCE4","MONOPOLY_Data\Plugins\x86_64\cimgui-freetype.dll",590336,590336,295687,0
"095A07DDD2C8FFF3663CA41EC0B39C2AE625FCE4","MONOPOLY_Data\Plugins\x86_64\cimgui.dll",646656,646656,281404,0
"095A07DDD2C8FFF3663CA41EC0B39C2AE625FCE4","MONOPOLY_Data\Plugins\x86_64\lib_burst_generated.dll",976896,976896,343859,0
"095A07DDD2C8FFF3663CA41EC0B39C2AE625FCE4","MONOPOLY_Data\Plugins\x86_64\Rewired_DirectInput.dll",12800,12800,5341,0
"095A07DDD2C8FFF3663CA41EC0B39C2AE625FCE4","MONOPOLY_Data\Plugins\x86_64\Storm.dll",12597784,12597784,3198854,0
"095A07DDD2C8FFF3663CA41EC0B39C2AE625FCE4","MONOPOLY_Data\Plugins\x86_64\ubiservices.dll",15197208,15197208,12629002,0
"095A07DDD2C8FFF3663CA41EC0B39C2AE625FCE4","MONOPOLY_Data\Plugins\x86_64\upc_r2_loader64.dll",589632,589632,181672,0
"095A07DDD2C8FFF3663CA41EC0B39C2AE625FCE4","MONOPOLY_Data\Plugins\x86_64\uplay_aux_r1_loader64.dll",585536,585536,180780,0
"095A07DDD2C8FFF3663CA41EC0B39C2AE625FCE4","MONOPOLY_Data\Resources\unity default resources",1564256,1564256,222937,0
"095A07DDD2C8FFF3663CA41EC0B39C2AE625FCE4","MONOPOLY_Data\StreamingAssets\defaultKeyBindings.json",33265,33265,1284,0
"095A07DDD2C8FFF3663CA41EC0B39C2AE625FCE4","MONOPOLY_Data\StreamingAssets\desc.txt",238,238,172,0
"095A07DDD2C8FFF3663CA41EC0B39C2AE625FCE4","MONOPOLY_Data\StreamingAssets\InviteIcon.png",2871,2871,1274,0
"095A07DDD2C8FFF3663CA41EC0B39C2AE625FCE4","MONOPOLY_Data\StreamingAssets\UnityServicesProjectConfiguration.json",1320,1320,380,0
"095A07DDD2C8FFF3663CA41EC0B39C2AE625FCE4","MONOPOLY_Data\StreamingAssets\VersionGenerated.txt",18,18,27,0
"095A07DDD2C8FFF3663CA41EC0B39C2AE625FCE4","MONOPOLY_Data\StreamingAssets\Audio\GeneratedSoundBanks\ProjectInfo.xml",2276,2276,998,0
"095A07DDD2C8FFF3663CA41EC0B39C2AE625FCE4","MONOPOLY_Data\StreamingAssets\Audio\GeneratedSoundBanks\Wwise_IDs.h",63353,63353,7439,0
"095A07DDD2C8FFF3663CA41EC0B39C2AE625FCE4","MONOPOLY_Data\StreamingAssets\Audio\GeneratedSoundBanks\Windows\Garden.bnk",19684691,19684691,19487932,0
"095A07DDD2C8FFF3663CA41EC0B39C2AE625FCE4","MONOPOLY_Data\StreamingAssets\Audio\GeneratedSoundBanks\Windows\Init.bnk",3335,3335,1121,0
"095A07DDD2C8FFF3663CA41EC0B39C2AE625FCE4","MONOPOLY_Data\StreamingAssets\Audio\GeneratedSoundBanks\Windows\Living.bnk",19338864,19338864,17494940,0
"095A07DDD2C8FFF3663CA41EC0B39C2AE625FCE4","MONOPOLY_Data\StreamingAssets\Audio\GeneratedSoundBanks\Windows\Main.bnk",31311963,31311963,20576055,0
"095A07DDD2C8FFF3663CA41EC0B39C2AE625FCE4","MONOPOLY_Data\StreamingAssets\Audio\GeneratedSoundBanks\Windows\Music.bnk",31015,31015,5157,0
"095A07DDD2C8FFF3663CA41EC0B39C2AE625FCE4","MONOPOLY_Data\StreamingAssets\Audio\GeneratedSoundBanks\Windows\PlatformInfo.xml",1476,1476,565,0
"095A07DDD2C8FFF3663CA41EC0B39C2AE625FCE4","MONOPOLY_Data\StreamingAssets\Audio\GeneratedSoundBanks\Windows\PluginInfo.xml",926,926,399,0
"095A07DDD2C8FFF3663CA41EC0B39C2AE625FCE4","MONOPOLY_Data\StreamingAssets\Audio\GeneratedSoundBanks\Windows\SoundbanksInfo.xml",1583253,1583253,99568,0
"095A07DDD2C8FFF3663CA41EC0B39C2AE625FCE4","MONOPOLY_Data\StreamingAssets\Audio\GeneratedSoundBanks\Windows\Brasilian Portuguese\VO.bnk",27555771,27555771,27244287,0
"095A07DDD2C8FFF3663CA41EC0B39C2AE625FCE4","MONOPOLY_Data\StreamingAssets\Audio\GeneratedSoundBanks\Windows\English(US)\VO.bnk",25602380,25602380,25333720,0
"095A07DDD2C8FFF3663CA41EC0B39C2AE625FCE4","MONOPOLY_Data\StreamingAssets\Audio\GeneratedSoundBanks\Windows\French\VO.bnk",26528239,26528239,26245126,0
"095A07DDD2C8FFF3663CA41EC0B39C2AE625FCE4","MONOPOLY_Data\StreamingAssets\Audio\GeneratedSoundBanks\Windows\German\VO.bnk",28098552,28098552,27781408,0
"095A07DDD2C8FFF3663CA41EC0B39C2AE625FCE4","MONOPOLY_Data\StreamingAssets\Audio\GeneratedSoundBanks\Windows\Italian\VO.bnk",27388332,27388332,27100879,0
"095A07DDD2C8FFF3663CA41EC0B39C2AE625FCE4","MONOPOLY_Data\StreamingAssets\Audio\GeneratedSoundBanks\Windows\Japanese\VO.bnk",23697481,23697481,23478571,0
"095A07DDD2C8FFF3663CA41EC0B39C2AE625FCE4","MONOPOLY_Data\StreamingAssets\Audio\GeneratedSoundBanks\Windows\Media\1004915670.wem",1140687,1140687,1140723,0
"095A07DDD2C8FFF3663CA41EC0B39C2AE625FCE4","MONOPOLY_Data\StreamingAssets\Audio\GeneratedSoundBanks\Windows\Media\1007092465.wem",6851011,6851011,6851203,0
"095A07DDD2C8FFF3663CA41EC0B39C2AE625FCE4","MONOPOLY_Data\StreamingAssets\Audio\GeneratedSoundBanks\Windows\Media\1008268702.wem",13239559,13239559,13202982,0
"095A07DDD2C8FFF3663CA41EC0B39C2AE625FCE4","MONOPOLY_Data\StreamingAssets\Audio\GeneratedSoundBanks\Windows\Media\1011198946.wem",6518427,6518427,6518610,0
"095A07DDD2C8FFF3663CA41EC0B39C2AE625FCE4","MONOPOLY_Data\StreamingAssets\Audio\GeneratedSoundBanks\Windows\Media\1039092488.wem",2409975,2409975,2345689,0
"095A07DDD2C8FFF3663CA41EC0B39C2AE625FCE4","MONOPOLY_Data\StreamingAssets\Audio\GeneratedSoundBanks\Windows\Media\1045977690.wem",3169955,3169955,3170049,0
"095A07DDD2C8FFF3663CA41EC0B39C2AE625FCE4","MONOPOLY_Data\StreamingAssets\Audio\GeneratedSoundBanks\Windows\Media\1049668347.wem",6851011,6851011,6851203,0
"095A07DDD2C8FFF3663CA41EC0B39C2AE625FCE4","MONOPOLY_Data\StreamingAssets\Audio\GeneratedSoundBanks\Windows\Media\1049688146.wem",3800728,3800728,3759059,0
"095A07DDD2C8FFF3663CA41EC0B39C2AE625FCE4","MONOPOLY_Data\StreamingAssets\Audio\GeneratedSoundBanks\Windows\Media\117157874.wem",23096498,23096498,23093527,0
"095A07DDD2C8FFF3663CA41EC0B39C2AE625FCE4","MONOPOLY_Data\StreamingAssets\Audio\GeneratedSoundBanks\Windows\Media\118825466.wem",3395306,3395306,3395405,0
"095A07DDD2C8FFF3663CA41EC0B39C2AE625FCE4","MONOPOLY_Data\StreamingAssets\Audio\GeneratedSoundBanks\Windows\Media\124754023.wem",2118023,2118023,2112834,0
"095A07DDD2C8FFF3663CA41EC0B39C2AE625FCE4","MONOPOLY_Data\StreamingAssets\Audio\GeneratedSoundBanks\Windows\Media\125255699.wem",3971697,3971697,3474765,0
"095A07DDD2C8FFF3663CA41EC0B39C2AE625FCE4","MONOPOLY_Data\StreamingAssets\Audio\GeneratedSoundBanks\Windows\Media\125451529.wem",1222654,1222654,1222417,0
"095A07DDD2C8FFF3663CA41EC0B39C2AE625FCE4","MONOPOLY_Data\StreamingAssets\Audio\GeneratedSoundBanks\Windows\Media\125469741.wem",995214,995214,994851,0
"095A07DDD2C8FFF3663CA41EC0B39C2AE625FCE4","MONOPOLY_Data\StreamingAssets\Audio\GeneratedSoundBanks\Windows\Media\128765556.wem",20361455,20361455,20340798,0
"095A07DDD2C8FFF3663CA41EC0B39C2AE625FCE4","MONOPOLY_Data\StreamingAssets\Audio\GeneratedSoundBanks\Windows\Media\131830328.wem",1466861,1466861,1461297,0
"095A07DDD2C8FFF3663CA41EC0B39C2AE625FCE4","MONOPOLY_Data\StreamingAssets\Audio\GeneratedSoundBanks\Windows\Media\132395539.wem",6357982,6357982,6348516,0
"095A07DDD2C8FFF3663CA41EC0B39C2AE625FCE4","MONOPOLY_Data\StreamingAssets\Audio\GeneratedSoundBanks\Windows\Media\139330227.wem",7533705,7533705,7531688,0
"095A07DDD2C8FFF3663CA41EC0B39C2AE625FCE4","MONOPOLY_Data\StreamingAssets\Audio\GeneratedSoundBanks\Windows\Media\139954929.wem",8509481,8509481,8508504,0
"095A07DDD2C8FFF3663CA41EC0B39C2AE625FCE4","MONOPOLY_Data\StreamingAssets\Audio\GeneratedSoundBanks\Windows\Media\141175859.wem",27591471,27591471,27435135,0
"095A07DDD2C8FFF3663CA41EC0B39C2AE625FCE4","MONOPOLY_Data\StreamingAssets\Audio\GeneratedSoundBanks\Windows\Media\141230738.wem",5939084,5939084,5908380,0
"095A07DDD2C8FFF3663CA41EC0B39C2AE625FCE4","MONOPOLY_Data\StreamingAssets\Audio\GeneratedSoundBanks\Windows\Media\144822386.wem",18194285,18194285,18171119,0
"095A07DDD2C8FFF3663CA41EC0B39C2AE625FCE4","MONOPOLY_Data\StreamingAssets\Audio\GeneratedSoundBanks\Windows\Media\14568208.wem",6438261,6438261,6438444,0
"095A07DDD2C8FFF3663CA41EC0B39C2AE625FCE4","MONOPOLY_Data\StreamingAssets\Audio\GeneratedSoundBanks\Windows\Media\149177625.wem",7030466,7030466,6990554,0
"095A07DDD2C8FFF3663CA41EC0B39C2AE625FCE4","MONOPOLY_Data\StreamingAssets\Audio\GeneratedSoundBanks\Windows\Media\151029520.wem",22192958,22192958,22182114,0
"095A07DDD2C8FFF3663CA41EC0B39C2AE625FCE4","MONOPOLY_Data\StreamingAssets\Audio\GeneratedSoundBanks\Windows\Media\152027750.wem",6512484,6512484,6512667,0
"095A07DDD2C8FFF3663CA41EC0B39C2AE625FCE4","MONOPOLY_Data\StreamingAssets\Audio\GeneratedSoundBanks\Windows\Media\153547028.wem",6296057,6296057,6272252,0
"095A07DDD2C8FFF3663CA41EC0B39C2AE625FCE4","MONOPOLY_Data\StreamingAssets\Audio\GeneratedSoundBanks\Windows\Media\154684810.wem",14604604,14604604,14594871,0
"095A07DDD2C8FFF3663CA41EC0B39C2AE625FCE4","MONOPOLY_Data\StreamingAssets\Audio\GeneratedSoundBanks\Windows\Media\160504077.wem",3737424,3737424,3658319,0
"095A07DDD2C8FFF3663CA41EC0B39C2AE625FCE4","MONOPOLY_Data\StreamingAssets\Audio\GeneratedSoundBanks\Windows\Media\181597632.wem",1155113,1155113,1155149,0
"095A07DDD2C8FFF3663CA41EC0B39C2AE625FCE4","MONOPOLY_Data\StreamingAssets\Audio\GeneratedSoundBanks\Windows\Media\183312827.wem",384963,384963,352424,0
"095A07DDD2C8FFF3663CA41EC0B39C2AE625FCE4","MONOPOLY_Data\StreamingAssets\Audio\GeneratedSoundBanks\Windows\Media\203811609.wem",23935018,23935018,23923847,0
"095A07DDD2C8FFF3663CA41EC0B39C2AE625FCE4","MONOPOLY_Data\StreamingAssets\Audio\GeneratedSoundBanks\Windows\Media\20774558.wem",1961986,1961986,1962040,0
"095A07DDD2C8FFF3663CA41EC0B39C2AE625FCE4","MONOPOLY_Data\StreamingAssets\Audio\GeneratedSoundBanks\Windows\Media\208099014.wem",3918272,3918272,3918383,0
"095A07DDD2C8FFF3663CA41EC0B39C2AE625FCE4","MONOPOLY_Data\StreamingAssets\Audio\GeneratedSoundBanks\Windows\Media\212864469.wem",2075517,2075517,2071658,0
"095A07DDD2C8FFF3663CA41EC0B39C2AE625FCE4","MONOPOLY_Data\StreamingAssets\Audio\GeneratedSoundBanks\Windows\Media\219646740.wem",2289711,2289711,2289774,0
"095A07DDD2C8FFF3663CA41EC0B39C2AE625FCE4","MONOPOLY_Data\StreamingAssets\Audio\GeneratedSoundBanks\Windows\Media\224793384.wem",2688806,2688806,2687381,0
"095A07DDD2C8FFF3663CA41EC0B39C2AE625FCE4","MONOPOLY_Data\StreamingAssets\Audio\GeneratedSoundBanks\Windows\Media\226027051.wem",3882423,3882423,3871603,0
"095A07DDD2C8FFF3663CA41EC0B39C2AE625FCE4","MONOPOLY_Data\StreamingAssets\Audio\GeneratedSoundBanks\Windows\Media\226811473.wem",10795991,10795991,10733084,0
"095A07DDD2C8FFF3663CA41EC0B39C2AE625FCE4","MONOPOLY_Data\StreamingAssets\Audio\GeneratedSoundBanks\Windows\Media\228882556.wem",3975653,3975653,3442857,0
"095A07DDD2C8FFF3663CA41EC0B39C2AE625FCE4","MONOPOLY_Data\StreamingAssets\Audio\GeneratedSoundBanks\Windows\Media\233307424.wem",4198781,4198781,4139132,0
"095A07DDD2C8FFF3663CA41EC0B39C2AE625FCE4","MONOPOLY_Data\StreamingAssets\Audio\GeneratedSoundBanks\Windows\Media\23936302.wem",511051,511051,509222,0
"095A07DDD2C8FFF3663CA41EC0B39C2AE625FCE4","MONOPOLY_Data\StreamingAssets\Audio\GeneratedSoundBanks\Windows\Media\255037874.wem",1372786,1372786,1372828,0
"095A07DDD2C8FFF3663CA41EC0B39C2AE625FCE4","MONOPOLY_Data\StreamingAssets\Audio\GeneratedSoundBanks\Windows\Media\255424804.wem",12129581,12129581,11317107,0
"095A07DDD2C8FFF3663CA41EC0B39C2AE625FCE4","MONOPOLY_Data\StreamingAssets\Audio\GeneratedSoundBanks\Windows\Media\256000600.wem",1190408,1190408,1190401,0
"095A07DDD2C8FFF3663CA41EC0B39C2AE625FCE4","MONOPOLY_Data\StreamingAssets\Audio\GeneratedSoundBanks\Windows\Media\256499230.wem",6518460,6518460,6518643,0
"095A07DDD2C8FFF3663CA41EC0B39C2AE625FCE4","MONOPOLY_Data\StreamingAssets\Audio\GeneratedSoundBanks\Windows\Media\267798454.wem",2437526,2437526,2427243,0
"095A07DDD2C8FFF3663CA41EC0B39C2AE625FCE4","MONOPOLY_Data\StreamingAssets\Audio\GeneratedSoundBanks\Windows\Media\270098868.wem",1582191,1582191,1582239,0
"095A07DDD2C8FFF3663CA41EC0B39C2AE625FCE4","MONOPOLY_Data\StreamingAssets\Audio\GeneratedSoundBanks\Windows\Media\277834263.wem",15494946,15494946,15460953,0
"095A07DDD2C8FFF3663CA41EC0B39C2AE625FCE4","MONOPOLY_Data\StreamingAssets\Audio\GeneratedSoundBanks\Windows\Media\28086174.wem",536675,536675,533975,0
"095A07DDD2C8FFF3663CA41EC0B39C2AE625FCE4","MONOPOLY_Data\StreamingAssets\Audio\GeneratedSoundBanks\Windows\Media\292820539.wem",1173032,1173032,1173068,0
"095A07DDD2C8FFF3663CA41EC0B39C2AE625FCE4","MONOPOLY_Data\StreamingAssets\Audio\GeneratedSoundBanks\Windows\Media\294921395.wem",18407908,18407908,18384178,0
"095A07DDD2C8FFF3663CA41EC0B39C2AE625FCE4","MONOPOLY_Data\StreamingAssets\Audio\GeneratedSoundBanks\Windows\Media\29527412.wem",1678780,1678780,1678828,0
"095A07DDD2C8FFF3663CA41EC0B39C2AE625FCE4","MONOPOLY_Data\StreamingAssets\Audio\GeneratedSoundBanks\Windows\Media\299154538.wem",17981126,17981126,17927859,0
"095A07DDD2C8FFF3663CA41EC0B39C2AE625FCE4","MONOPOLY_Data\StreamingAssets\Audio\GeneratedSoundBanks\Windows\Media\305109485.wem",2770658,2770658,2770733,0
"095A07DDD2C8FFF3663CA41EC0B39C2AE625FCE4","MONOPOLY_Data\StreamingAssets\Audio\GeneratedSoundBanks\Windows\Media\306560821.wem",7641366,7641366,7584369,0
"095A07DDD2C8FFF3663CA41EC0B39C2AE625FCE4","MONOPOLY_Data\StreamingAssets\Audio\GeneratedSoundBanks\Windows\Media\318223635.wem",3131604,3131604,3130828,0
"095A07DDD2C8FFF3663CA41EC0B39C2AE625FCE4","MONOPOLY_Data\StreamingAssets\Audio\GeneratedSoundBanks\Windows\Media\318335576.wem",10600920,10600920,10554371,0
"095A07DDD2C8FFF3663CA41EC0B39C2AE625FCE4","MONOPOLY_Data\StreamingAssets\Audio\GeneratedSoundBanks\Windows\Media\324354365.wem",1274188,1274188,1227046,0
"095A07DDD2C8FFF3663CA41EC0B39C2AE625FCE4","MONOPOLY_Data\StreamingAssets\Audio\GeneratedSoundBanks\Windows\Media\333158077.wem",11679447,11679447,11628446,0
"095A07DDD2C8FFF3663CA41EC0B39C2AE625FCE4","MONOPOLY_Data\StreamingAssets\Audio\GeneratedSoundBanks\Windows\Media\336439770.wem",991815,991815,990132,0
"095A07DDD2C8FFF3663CA41EC0B39C2AE625FCE4","MONOPOLY_Data\StreamingAssets\Audio\GeneratedSoundBanks\Windows\Media\338416099.wem",8038094,8038094,8038313,0
"095A07DDD2C8FFF3663CA41EC0B39C2AE625FCE4","MONOPOLY_Data\StreamingAssets\Audio\GeneratedSoundBanks\Windows\Media\344026537.wem",23090791,23090791,23088932,0
"095A07DDD2C8FFF3663CA41EC0B39C2AE625FCE4","MONOPOLY_Data\StreamingAssets\Audio\GeneratedSoundBanks\Windows\Media\351446105.wem",640594,640594,638967,0
"095A07DDD2C8FFF3663CA41EC0B39C2AE625FCE4","MONOPOLY_Data\StreamingAssets\Audio\GeneratedSoundBanks\Windows\Media\355845048.wem",972956,972956,971324,0
"095A07DDD2C8FFF3663CA41EC0B39C2AE625FCE4","MONOPOLY_Data\StreamingAssets\Audio\GeneratedSoundBanks\Windows\Media\364779622.wem",2627469,2627469,2627541,0
"095A07DDD2C8FFF3663CA41EC0B39C2AE625FCE4","MONOPOLY_Data\StreamingAssets\Audio\GeneratedSoundBanks\Windows\Media\36740503.wem",999433,999433,998222,0
"095A07DDD2C8FFF3663CA41EC0B39C2AE625FCE4","MONOPOLY_Data\StreamingAssets\Audio\GeneratedSoundBanks\Windows\Media\377028926.wem",32518406,32518406,32517667,0
"095A07DDD2C8FFF3663CA41EC0B39C2AE625FCE4","MONOPOLY_Data\StreamingAssets\Audio\GeneratedSoundBanks\Windows\Media\385189395.wem",1914352,1914352,1914406,0
"095A07DDD2C8FFF3663CA41EC0B39C2AE625FCE4","MONOPOLY_Data\StreamingAssets\Audio\GeneratedSoundBanks\Windows\Media\395298796.wem",730131,730131,728642,0
"095A07DDD2C8FFF3663CA41EC0B39C2AE625FCE4","MONOPOLY_Data\StreamingAssets\Audio\GeneratedSoundBanks\Windows\Media\395573387.wem",23373129,23373129,23294092,0
"095A07DDD2C8FFF3663CA41EC0B39C2AE625FCE4","MONOPOLY_Data\StreamingAssets\Audio\GeneratedSoundBanks\Windows\Media\398941588.wem",6407791,6407791,6407971,0
"095A07DDD2C8FFF3663CA41EC0B39C2AE625FCE4","MONOPOLY_Data\StreamingAssets\Audio\GeneratedSoundBanks\Windows\Media\409473390.wem",32144786,32144786,32141292,0
"095A07DDD2C8FFF3663CA41EC0B39C2AE625FCE4","MONOPOLY_Data\StreamingAssets\Audio\GeneratedSoundBanks\Windows\Media\40995562.wem",13016106,13016106,12975242,0
"095A07DDD2C8FFF3663CA41EC0B39C2AE625FCE4","MONOPOLY_Data\StreamingAssets\Audio\GeneratedSoundBanks\Windows\Media\411772603.wem",25276083,25276083,25269292,0
"095A07DDD2C8FFF3663CA41EC0B39C2AE625FCE4","MONOPOLY_Data\StreamingAssets\Audio\GeneratedSoundBanks\Windows\Media\415017175.wem",607077,607077,605266,0
"095A07DDD2C8FFF3663CA41EC0B39C2AE625FCE4","MONOPOLY_Data\StreamingAssets\Audio\GeneratedSoundBanks\Windows\Media\416589723.wem",23153101,23153101,23129570,0
"095A07DDD2C8FFF3663CA41EC0B39C2AE625FCE4","MONOPOLY_Data\StreamingAssets\Audio\GeneratedSoundBanks\Windows\Media\421271766.wem",16410166,16410166,16406641,0
"095A07DDD2C8FFF3663CA41EC0B39C2AE625FCE4","MONOPOLY_Data\StreamingAssets\Audio\GeneratedSoundBanks\Windows\Media\431696037.wem",15089639,15089639,15041504,0
"095A07DDD2C8FFF3663CA41EC0B39C2AE625FCE4","MONOPOLY_Data\StreamingAssets\Audio\GeneratedSoundBanks\Windows\Media\443075351.wem",10013794,10013794,9937630,0
"095A07DDD2C8FFF3663CA41EC0B39C2AE625FCE4","MONOPOLY_Data\StreamingAssets\Audio\GeneratedSoundBanks\Windows\Media\445525212.wem",1181848,1181848,1180411,0
"095A07DDD2C8FFF3663CA41EC0B39C2AE625FCE4","MONOPOLY_Data\StreamingAssets\Audio\GeneratedSoundBanks\Windows\Media\44607799.wem",6023313,6023313,6022398,0
"095A07DDD2C8FFF3663CA41EC0B39C2AE625FCE4","MONOPOLY_Data\StreamingAssets\Audio\GeneratedSoundBanks\Windows\Media\450656896.wem",500116,500116,499105,0
"095A07DDD2C8FFF3663CA41EC0B39C2AE625FCE4","MONOPOLY_Data\StreamingAssets\Audio\GeneratedSoundBanks\Windows\Media\4606707.wem",12328422,12328422,12284597,0
"095A07DDD2C8FFF3663CA41EC0B39C2AE625FCE4","MONOPOLY_Data\StreamingAssets\Audio\GeneratedSoundBanks\Windows\Media\470741531.wem",11541891,11541891,11469792,0
"095A07DDD2C8FFF3663CA41EC0B39C2AE625FCE4","MONOPOLY_Data\StreamingAssets\Audio\GeneratedSoundBanks\Windows\Media\483210749.wem",6116662,6116662,6071147,0
"095A07DDD2C8FFF3663CA41EC0B39C2AE625FCE4","MONOPOLY_Data\StreamingAssets\Audio\GeneratedSoundBanks\Windows\Media\484670277.wem",5837206,5837206,5836829,0
"095A07DDD2C8FFF3663CA41EC0B39C2AE625FCE4","MONOPOLY_Data\StreamingAssets\Audio\GeneratedSoundBanks\Windows\Media\486374546.wem",849570,849570,848189,0
"095A07DDD2C8FFF3663CA41EC0B39C2AE625FCE4","MONOPOLY_Data\StreamingAssets\Audio\GeneratedSoundBanks\Windows\Media\489796346.wem",3586855,3586855,3586960,0
"095A07DDD2C8FFF3663CA41EC0B39C2AE625FCE4","MONOPOLY_Data\StreamingAssets\Audio\GeneratedSoundBanks\Windows\Media\497624490.wem",1466014,1466014,1466059,0
"095A07DDD2C8FFF3663CA41EC0B39C2AE625FCE4","MONOPOLY_Data\StreamingAssets\Audio\GeneratedSoundBanks\Windows\Media\498119860.wem",1139980,1139980,1140016,0
"095A07DDD2C8FFF3663CA41EC0B39C2AE625FCE4","MONOPOLY_Data\StreamingAssets\Audio\GeneratedSoundBanks\Windows\Media\50488075.wem",3864138,3864138,3857689,0
"095A07DDD2C8FFF3663CA41EC0B39C2AE625FCE4","MONOPOLY_Data\StreamingAssets\Audio\GeneratedSoundBanks\Windows\Media\50696852.wem",9381074,9381074,9163878,0
"095A07DDD2C8FFF3663CA41EC0B39C2AE625FCE4","MONOPOLY_Data\StreamingAssets\Audio\GeneratedSoundBanks\Windows\Media\510316953.wem",13964731,13964731,13953229,0
"095A07DDD2C8FFF3663CA41EC0B39C2AE625FCE4","MONOPOLY_Data\StreamingAssets\Audio\GeneratedSoundBanks\Windows\Media\51105404.wem",1194235,1194235,1194274,0
"095A07DDD2C8FFF3663CA41EC0B39C2AE625FCE4","MONOPOLY_Data\StreamingAssets\Audio\GeneratedSoundBanks\Windows\Media\512361532.wem",1457705,1457705,1457750,0
"095A07DDD2C8FFF3663CA41EC0B39C2AE625FCE4","MONOPOLY_Data\StreamingAssets\Audio\GeneratedSoundBanks\Windows\Media\529044088.wem",1705313,1705313,1705364,0
"095A07DDD2C8FFF3663CA41EC0B39C2AE625FCE4","MONOPOLY_Data\StreamingAssets\Audio\GeneratedSoundBanks\Windows\Media\530780079.wem",6976849,6976849,6973973,0
"095A07DDD2C8FFF3663CA41EC0B39C2AE625FCE4","MONOPOLY_Data\StreamingAssets\Audio\GeneratedSoundBanks\Windows\Media\530809198.wem",757178,757178,757205,0
"095A07DDD2C8FFF3663CA41EC0B39C2AE625FCE4","MONOPOLY_Data\StreamingAssets\Audio\GeneratedSoundBanks\Windows\Media\542544753.wem",6746543,6746543,6746732,0
"095A07DDD2C8FFF3663CA41EC0B39C2AE625FCE4","MONOPOLY_Data\StreamingAssets\Audio\GeneratedSoundBanks\Windows\Media\546281514.wem",657812,657812,656356,0
"095A07DDD2C8FFF3663CA41EC0B39C2AE625FCE4","MONOPOLY_Data\StreamingAssets\Audio\GeneratedSoundBanks\Windows\Media\546293130.wem",1339261,1339261,1339170,0
"095A07DDD2C8FFF3663CA41EC0B39C2AE625FCE4","MONOPOLY_Data\StreamingAssets\Audio\GeneratedSoundBanks\Windows\Media\546558691.wem",754019,754019,754046,0
"095A07DDD2C8FFF3663CA41EC0B39C2AE625FCE4","MONOPOLY_Data\StreamingAssets\Audio\GeneratedSoundBanks\Windows\Media\548984166.wem",19369672,19369672,19348572,0
"095A07DDD2C8FFF3663CA41EC0B39C2AE625FCE4","MONOPOLY_Data\StreamingAssets\Audio\GeneratedSoundBanks\Windows\Media\551066739.wem",19219640,19219640,19151463,0
"095A07DDD2C8FFF3663CA41EC0B39C2AE625FCE4","MONOPOLY_Data\StreamingAssets\Audio\GeneratedSoundBanks\Windows\Media\560052648.wem",731653,731653,731680,0
"095A07DDD2C8FFF3663CA41EC0B39C2AE625FCE4","MONOPOLY_Data\StreamingAssets\Audio\GeneratedSoundBanks\Windows\Media\563021226.wem",3505672,3505672,3426775,0
"095A07DDD2C8FFF3663CA41EC0B39C2AE625FCE4","MONOPOLY_Data\StreamingAssets\Audio\GeneratedSoundBanks\Windows\Media\563432834.wem",5514094,5514094,5514244,0
"095A07DDD2C8FFF3663CA41EC0B39C2AE625FCE4","MONOPOLY_Data\StreamingAssets\Audio\GeneratedSoundBanks\Windows\Media\570925781.wem",6093479,6093479,6093107,0
"095A07DDD2C8FFF3663CA41EC0B39C2AE625FCE4","MONOPOLY_Data\StreamingAssets\Audio\GeneratedSoundBanks\Windows\Media\58071253.wem",7850641,7850641,7737249,0
"095A07DDD2C8FFF3663CA41EC0B39C2AE625FCE4","MONOPOLY_Data\StreamingAssets\Audio\GeneratedSoundBanks\Windows\Media\581398478.wem",1294152,1294152,1294191,0
"095A07DDD2C8FFF3663CA41EC0B39C2AE625FCE4","MONOPOLY_Data\StreamingAssets\Audio\GeneratedSoundBanks\Windows\Media\584732187.wem",8596095,8596095,8570458,0
"095A07DDD2C8FFF3663CA41EC0B39C2AE625FCE4","MONOPOLY_Data\StreamingAssets\Audio\GeneratedSoundBanks\Windows\Media\597948394.wem",7849337,7849337,7798723,0
"095A07DDD2C8FFF3663CA41EC0B39C2AE625FCE4","MONOPOLY_Data\StreamingAssets\Audio\GeneratedSoundBanks\Windows\Media\59888680.wem",691218,691218,689947,0
"095A07DDD2C8FFF3663CA41EC0B39C2AE625FCE4","MONOPOLY_Data\StreamingAssets\Audio\GeneratedSoundBanks\Windows\Media\600067938.wem",2281919,2281919,2281982,0
"095A07DDD2C8FFF3663CA41EC0B39C2AE625FCE4","MONOPOLY_Data\StreamingAssets\Audio\GeneratedSoundBanks\Windows\Media\609413584.wem",3496958,3496958,3497060,0
"095A07DDD2C8FFF3663CA41EC0B39C2AE625FCE4","MONOPOLY_Data\StreamingAssets\Audio\GeneratedSoundBanks\Windows\Media\611178845.wem",978361,978361,977591,0
"095A07DDD2C8FFF3663CA41EC0B39C2AE625FCE4","MONOPOLY_Data\StreamingAssets\Audio\GeneratedSoundBanks\Windows\Media\619860508.wem",1183237,1183237,1181827,0
"095A07DDD2C8FFF3663CA41EC0B39C2AE625FCE4","MONOPOLY_Data\StreamingAssets\Audio\GeneratedSoundBanks\Windows\Media\627929329.wem",1169732,1169732,1169768,0
"095A07DDD2C8FFF3663CA41EC0B39C2AE625FCE4","MONOPOLY_Data\StreamingAssets\Audio\GeneratedSoundBanks\Windows\Media\630665279.wem",6851011,6851011,6851203,0
"095A07DDD2C8FFF3663CA41EC0B39C2AE625FCE4","MONOPOLY_Data\StreamingAssets\Audio\GeneratedSoundBanks\Windows\Media\631675469.wem",6518460,6518460,6518643,0
"095A07DDD2C8FFF3663CA41EC0B39C2AE625FCE4","MONOPOLY_Data\StreamingAssets\Audio\GeneratedSoundBanks\Windows\Media\63443525.wem",3842991,3842991,3831613,0
"095A07DDD2C8FFF3663CA41EC0B39C2AE625FCE4","MONOPOLY_Data\StreamingAssets\Audio\GeneratedSoundBanks\Windows\Media\63769060.wem",1063543,1063543,1060711,0
"095A07DDD2C8FFF3663CA41EC0B39C2AE625FCE4","MONOPOLY_Data\StreamingAssets\Audio\GeneratedSoundBanks\Windows\Media\638666866.wem",2443863,2443863,2443929,0
"095A07DDD2C8FFF3663CA41EC0B39C2AE625FCE4","MONOPOLY_Data\StreamingAssets\Audio\GeneratedSoundBanks\Windows\Media\643255205.wem",24200517,24200517,24185603,0
"095A07DDD2C8FFF3663CA41EC0B39C2AE625FCE4","MONOPOLY_Data\StreamingAssets\Audio\GeneratedSoundBanks\Windows\Media\6546735.wem",1147664,1147664,1143473,0
"095A07DDD2C8FFF3663CA41EC0B39C2AE625FCE4","MONOPOLY_Data\StreamingAssets\Audio\GeneratedSoundBanks\Windows\Media\66525421.wem",16400734,16400734,16397369,0
"095A07DDD2C8FFF3663CA41EC0B39C2AE625FCE4","MONOPOLY_Data\StreamingAssets\Audio\GeneratedSoundBanks\Windows\Media\67096489.wem",1462520,1462520,1457098,0
"095A07DDD2C8FFF3663CA41EC0B39C2AE625FCE4","MONOPOLY_Data\StreamingAssets\Audio\GeneratedSoundBanks\Windows\Media\673778540.wem",10013794,10013794,9937630,0
"095A07DDD2C8FFF3663CA41EC0B39C2AE625FCE4","MONOPOLY_Data\StreamingAssets\Audio\GeneratedSoundBanks\Windows\Media\687843457.wem",1625285,1625285,1625333,0
"095A07DDD2C8FFF3663CA41EC0B39C2AE625FCE4","MONOPOLY_Data\StreamingAssets\Audio\GeneratedSoundBanks\Windows\Media\692427285.wem",5012420,5012420,4954102,0
"095A07DDD2C8FFF3663CA41EC0B39C2AE625FCE4","MONOPOLY_Data\StreamingAssets\Audio\GeneratedSoundBanks\Windows\Media\696720743.wem",1108175,1108175,1108211,0
"095A07DDD2C8FFF3663CA41EC0B39C2AE625FCE4","MONOPOLY_Data\StreamingAssets\Audio\GeneratedSoundBanks\Windows\Media\700785874.wem",6851011,6851011,6851203,0
"095A07DDD2C8FFF3663CA41EC0B39C2AE625FCE4","MONOPOLY_Data\StreamingAssets\Audio\GeneratedSoundBanks\Windows\Media\704767981.wem",3499269,3499269,3499371,0
"095A07DDD2C8FFF3663CA41EC0B39C2AE625FCE4","MONOPOLY_Data\StreamingAssets\Audio\GeneratedSoundBanks\Windows\Media\706696933.wem",6518460,6518460,6518643,0
"095A07DDD2C8FFF3663CA41EC0B39C2AE625FCE4","MONOPOLY_Data\StreamingAssets\Audio\GeneratedSoundBanks\Windows\Media\706878080.wem",26919113,26919113,26918182,0
"095A07DDD2C8FFF3663CA41EC0B39C2AE625FCE4","MONOPOLY_Data\StreamingAssets\Audio\GeneratedSoundBanks\Windows\Media\712547724.wem",28555716,28555716,28546100,0
"095A07DDD2C8FFF3663CA41EC0B39C2AE625FCE4","MONOPOLY_Data\StreamingAssets\Audio\GeneratedSoundBanks\Windows\Media\730192195.wem",3275798,3275798,3275894,0
"095A07DDD2C8FFF3663CA41EC0B39C2AE625FCE4","MONOPOLY_Data\StreamingAssets\Audio\GeneratedSoundBanks\Windows\Media\737159327.wem",1014439,1014439,1013693,0
"095A07DDD2C8FFF3663CA41EC0B39C2AE625FCE4","MONOPOLY_Data\StreamingAssets\Audio\GeneratedSoundBanks\Windows\Media\738212520.wem",2795670,2795670,2792721,0
"095A07DDD2C8FFF3663CA41EC0B39C2AE625FCE4","MONOPOLY_Data\StreamingAssets\Audio\GeneratedSoundBanks\Windows\Media\744439807.wem",3298580,3298580,3298679,0
"095A07DDD2C8FFF3663CA41EC0B39C2AE625FCE4","MONOPOLY_Data\StreamingAssets\Audio\GeneratedSoundBanks\Windows\Media\761362019.wem",1206033,1206033,1163267,0
"095A07DDD2C8FFF3663CA41EC0B39C2AE625FCE4","MONOPOLY_Data\StreamingAssets\Audio\GeneratedSoundBanks\Windows\Media\769830436.wem",1688705,1688705,1688753,0
"095A07DDD2C8FFF3663CA41EC0B39C2AE625FCE4","MONOPOLY_Data\StreamingAssets\Audio\GeneratedSoundBanks\Windows\Media\770464965.wem",1141778,1141778,1138179,0
"095A07DDD2C8FFF3663CA41EC0B39C2AE625FCE4","MONOPOLY_Data\StreamingAssets\Audio\GeneratedSoundBanks\Windows\Media\770986557.wem",16415,16415,365,0
"095A07DDD2C8FFF3663CA41EC0B39C2AE625FCE4","MONOPOLY_Data\StreamingAssets\Audio\GeneratedSoundBanks\Windows\Media\77589345.wem",1110596,1110596,1110632,0
"095A07DDD2C8FFF3663CA41EC0B39C2AE625FCE4","MONOPOLY_Data\StreamingAssets\Audio\GeneratedSoundBanks\Windows\Media\784662504.wem",6739342,6739342,6738689,0
"095A07DDD2C8FFF3663CA41EC0B39C2AE625FCE4","MONOPOLY_Data\StreamingAssets\Audio\GeneratedSoundBanks\Windows\Media\797627100.wem",1068731,1068731,1065939,0
"095A07DDD2C8FFF3663CA41EC0B39C2AE625FCE4","MONOPOLY_Data\StreamingAssets\Audio\GeneratedSoundBanks\Windows\Media\799034335.wem",1805440,1805440,1805491,0
"095A07DDD2C8FFF3663CA41EC0B39C2AE625FCE4","MONOPOLY_Data\StreamingAssets\Audio\GeneratedSoundBanks\Windows\Media\80956268.wem",10014931,10014931,9938915,0
"095A07DDD2C8FFF3663CA41EC0B39C2AE625FCE4","MONOPOLY_Data\StreamingAssets\Audio\GeneratedSoundBanks\Windows\Media\811111129.wem",9902462,9902462,9830501,0
"095A07DDD2C8FFF3663CA41EC0B39C2AE625FCE4","MONOPOLY_Data\StreamingAssets\Audio\GeneratedSoundBanks\Windows\Media\829295071.wem",1403566,1403566,1403608,0
"095A07DDD2C8FFF3663CA41EC0B39C2AE625FCE4","MONOPOLY_Data\StreamingAssets\Audio\GeneratedSoundBanks\Windows\Media\8349539.wem",5837206,5837206,5836829,0
"095A07DDD2C8FFF3663CA41EC0B39C2AE625FCE4","MONOPOLY_Data\StreamingAssets\Audio\GeneratedSoundBanks\Windows\Media\835384893.wem",1136700,1136700,1136736,0
"095A07DDD2C8FFF3663CA41EC0B39C2AE625FCE4","MONOPOLY_Data\StreamingAssets\Audio\GeneratedSoundBanks\Windows\Media\864606880.wem",6211270,6211270,6211435,0
"095A07DDD2C8FFF3663CA41EC0B39C2AE625FCE4","MONOPOLY_Data\StreamingAssets\Audio\GeneratedSoundBanks\Windows\Media\868541213.wem",846855,846855,845156,0
"095A07DDD2C8FFF3663CA41EC0B39C2AE625FCE4","MONOPOLY_Data\StreamingAssets\Audio\GeneratedSoundBanks\Windows\Media\868892285.wem",19211014,19211014,19190432,0
"095A07DDD2C8FFF3663CA41EC0B39C2AE625FCE4","MONOPOLY_Data\StreamingAssets\Audio\GeneratedSoundBanks\Windows\Media\871919074.wem",12703677,12703677,12690949,0
"095A07DDD2C8FFF3663CA41EC0B39C2AE625FCE4","MONOPOLY_Data\StreamingAssets\Audio\GeneratedSoundBanks\Windows\Media\886367703.wem",1604563,1604563,1604611,0
"095A07DDD2C8FFF3663CA41EC0B39C2AE625FCE4","MONOPOLY_Data\StreamingAssets\Audio\GeneratedSoundBanks\Windows\Media\886419988.wem",30983265,30983265,30822249,0
"095A07DDD2C8FFF3663CA41EC0B39C2AE625FCE4","MONOPOLY_Data\StreamingAssets\Audio\GeneratedSoundBanks\Windows\Media\892034110.wem",14010772,14010772,13964818,0
"095A07DDD2C8FFF3663CA41EC0B39C2AE625FCE4","MONOPOLY_Data\StreamingAssets\Audio\GeneratedSoundBanks\Windows\Media\9113580.wem",2893579,2893579,2892157,0
"095A07DDD2C8FFF3663CA41EC0B39C2AE625FCE4","MONOPOLY_Data\StreamingAssets\Audio\GeneratedSoundBanks\Windows\Media\914417305.wem",3511708,3511708,3511810,0
"095A07DDD2C8FFF3663CA41EC0B39C2AE625FCE4","MONOPOLY_Data\StreamingAssets\Audio\GeneratedSoundBanks\Windows\Media\917546413.wem",976330,976330,976363,0
"095A07DDD2C8FFF3663CA41EC0B39C2AE625FCE4","MONOPOLY_Data\StreamingAssets\Audio\GeneratedSoundBanks\Windows\Media\919468578.wem",22581117,22581117,22563189,0
"095A07DDD2C8FFF3663CA41EC0B39C2AE625FCE4","MONOPOLY_Data\StreamingAssets\Audio\GeneratedSoundBanks\Windows\Media\926728274.wem",2883580,2883580,2883655,0
"095A07DDD2C8FFF3663CA41EC0B39C2AE625FCE4","MONOPOLY_Data\StreamingAssets\Audio\GeneratedSoundBanks\Windows\Media\950177176.wem",7284869,7284869,7233141,0
"095A07DDD2C8FFF3663CA41EC0B39C2AE625FCE4","MONOPOLY_Data\StreamingAssets\Audio\GeneratedSoundBanks\Windows\Media\953194210.wem",10659531,10659531,10619329,0
"095A07DDD2C8FFF3663CA41EC0B39C2AE625FCE4","MONOPOLY_Data\StreamingAssets\Audio\GeneratedSoundBanks\Windows\Media\966706286.wem",854247,854247,853179,0
"095A07DDD2C8FFF3663CA41EC0B39C2AE625FCE4","MONOPOLY_Data\StreamingAssets\Audio\GeneratedSoundBanks\Windows\Media\981739548.wem",30873020,30873020,30869531,0
"095A07DDD2C8FFF3663CA41EC0B39C2AE625FCE4","MONOPOLY_Data\StreamingAssets\Audio\GeneratedSoundBanks\Windows\Spanish\VO.bnk",28435891,28435891,28098675,0
"095A07DDD2C8FFF3663CA41EC0B39C2AE625FCE4","MONOPOLY_PLUS\baselib.dll",417984,417984,189404,0
"095A07DDD2C8FFF3663CA41EC0B39C2AE625FCE4","MONOPOLY_PLUS\dbdata.dll",413256,413256,154356,0
"095A07DDD2C8FFF3663CA41EC0B39C2AE625FCE4","MONOPOLY_PLUS\GameAssembly.dll",470981144,470981144,259876166,0
"095A07DDD2C8FFF3663CA41EC0B39C2AE625FCE4","MONOPOLY_PLUS\MONOPOLY_PLUS.exe",676888,676888,429960,0
"095A07DDD2C8FFF3663CA41EC0B39C2AE625FCE4","MONOPOLY_PLUS\UnityCrashHandler64.exe",1112768,1112768,369790,0
"095A07DDD2C8FFF3663CA41EC0B39C2AE625FCE4","MONOPOLY_PLUS\UnityPlayer.dll",30895808,30895808,11059632,0
"095A07DDD2C8FFF3663CA41EC0B39C2AE625FCE4","MONOPOLY_PLUS\MONOPOLY_PLUS_Data\app.info",16,16,25,0
"095A07DDD2C8FFF3663CA41EC0B39C2AE625FCE4","MONOPOLY_PLUS\MONOPOLY_PLUS_Data\boot.config",130,130,116,0
"095A07DDD2C8FFF3663CA41EC0B39C2AE625FCE4","MONOPOLY_PLUS\MONOPOLY_PLUS_Data\data.unity3d",807795982,807795982,647519114,0
"095A07DDD2C8FFF3663CA41EC0B39C2AE625FCE4","MONOPOLY_PLUS\MONOPOLY_PLUS_Data\RuntimeInitializeOnLoads.json",6974,6974,1138,0
"095A07DDD2C8FFF3663CA41EC0B39C2AE625FCE4","MONOPOLY_PLUS\MONOPOLY_PLUS_Data\ScriptingAssemblies.json",6134,6134,1453,0
"095A07DDD2C8FFF3663CA41EC0B39C2AE625FCE4","MONOPOLY_PLUS\MONOPOLY_PLUS_Data\sharedassets0.resource",939367,939367,854848,0
"095A07DDD2C8FFF3663CA41EC0B39C2AE625FCE4","MONOPOLY_PLUS\MONOPOLY_PLUS_Data\il2cpp_data\Metadata\global-metadata.dat",25867348,25867348,5657936,0
"095A07DDD2C8FFF3663CA41EC0B39C2AE625FCE4","MONOPOLY_PLUS\MONOPOLY_PLUS_Data\il2cpp_data\Resources\mscorlib.dll-resources.dat",337563,337563,123146,0
"095A07DDD2C8FFF3663CA41EC0B39C2AE625FCE4","MONOPOLY_PLUS\MONOPOLY_PLUS_Data\il2cpp_data\Resources\Newtonsoft.Json.dll-resources.dat",900,900,335,0
"095A07DDD2C8FFF3663CA41EC0B39C2AE625FCE4","MONOPOLY_PLUS\MONOPOLY_PLUS_Data\il2cpp_data\Resources\System.Data.dll-resources.dat",93718,93718,7291,0
"095A07DDD2C8FFF3663CA41EC0B39C2AE625FCE4","MONOPOLY_PLUS\MONOPOLY_PLUS_Data\il2cpp_data\Resources\System.Drawing.dll-resources.dat",25453,25453,9441,0
"095A07DDD2C8FFF3663CA41EC0B39C2AE625FCE4","MONOPOLY_PLUS\MONOPOLY_PLUS_Data\Plugins\x86_64\abci.dll",1513984,1513984,438542,0
"095A07DDD2C8FFF3663CA41EC0B39C2AE625FCE4","MONOPOLY_PLUS\MONOPOLY_PLUS_Data\Plugins\x86_64\AkSoundEngine.dll",2937096,2937096,1259355,0
"095A07DDD2C8FFF3663CA41EC0B39C2AE625FCE4","MONOPOLY_PLUS\MONOPOLY_PLUS_Data\Plugins\x86_64\cimgui-freetype.dll",590336,590336,295687,0
"095A07DDD2C8FFF3663CA41EC0B39C2AE625FCE4","MONOPOLY_PLUS\MONOPOLY_PLUS_Data\Plugins\x86_64\cimgui.dll",646656,646656,281404,0
"095A07DDD2C8FFF3663CA41EC0B39C2AE625FCE4","MONOPOLY_PLUS\MONOPOLY_PLUS_Data\Plugins\x86_64\lib_burst_generated.dll",976896,976896,343859,0
"095A07DDD2C8FFF3663CA41EC0B39C2AE625FCE4","MONOPOLY_PLUS\MONOPOLY_PLUS_Data\Plugins\x86_64\Rewired_DirectInput.dll",12800,12800,5341,0
"095A07DDD2C8FFF3663CA41EC0B39C2AE625FCE4","MONOPOLY_PLUS\MONOPOLY_PLUS_Data\Plugins\x86_64\Storm.dll",12597784,12597784,3198854,0
"095A07DDD2C8FFF3663CA41EC0B39C2AE625FCE4","MONOPOLY_PLUS\MONOPOLY_PLUS_Data\Plugins\x86_64\ubiservices.dll",15197208,15197208,12629002,0
"095A07DDD2C8FFF3663CA41EC0B39C2AE625FCE4","MONOPOLY_PLUS\MONOPOLY_PLUS_Data\Plugins\x86_64\upc_r2_loader64.dll",589632,589632,181672,0
"095A07DDD2C8FFF3663CA41EC0B39C2AE625FCE4","MONOPOLY_PLUS\MONOPOLY_PLUS_Data\Plugins\x86_64\uplay_aux_r1_loader64.dll",585536,585536,180780,0
"095A07DDD2C8FFF3663CA41EC0B39C2AE625FCE4","MONOPOLY_PLUS\MONOPOLY_PLUS_Data\Resources\unity default resources",1564256,1564256,222937,0
"095A07DDD2C8FFF3663CA41EC0B39C2AE625FCE4","MONOPOLY_PLUS\MONOPOLY_PLUS_Data\StreamingAssets\defaultKeyBindings.json",33265,33265,1284,0
"095A07DDD2C8FFF3663CA41EC0B39C2AE625FCE4","MONOPOLY_PLUS\MONOPOLY_PLUS_Data\StreamingAssets\desc.txt",238,238,172,0
"095A07DDD2C8FFF3663CA41EC0B39C2AE625FCE4","MONOPOLY_PLUS\MONOPOLY_PLUS_Data\StreamingAssets\InviteIcon.png",2871,2871,1274,0
"095A07DDD2C8FFF3663CA41EC0B39C2AE625FCE4","MONOPOLY_PLUS\MONOPOLY_PLUS_Data\StreamingAssets\UnityServicesProjectConfiguration.json",1320,1320,380,0
"095A07DDD2C8FFF3663CA41EC0B39C2AE625FCE4","MONOPOLY_PLUS\MONOPOLY_PLUS_Data\StreamingAssets\VersionGenerated.txt",18,18,27,0
"095A07DDD2C8FFF3663CA41EC0B39C2AE625FCE4","MONOPOLY_PLUS\MONOPOLY_PLUS_Data\StreamingAssets\Audio\GeneratedSoundBanks\ProjectInfo.xml",2276,2276,998,0
"095A07DDD2C8FFF3663CA41EC0B39C2AE625FCE4","MONOPOLY_PLUS\MONOPOLY_PLUS_Data\StreamingAssets\Audio\GeneratedSoundBanks\Wwise_IDs.h",63353,63353,7439,0
"095A07DDD2C8FFF3663CA41EC0B39C2AE625FCE4","MONOPOLY_PLUS\MONOPOLY_PLUS_Data\StreamingAssets\Audio\GeneratedSoundBanks\Windows\Garden.bnk",19684691,19684691,19487932,0
"095A07DDD2C8FFF3663CA41EC0B39C2AE625FCE4","MONOPOLY_PLUS\MONOPOLY_PLUS_Data\StreamingAssets\Audio\GeneratedSoundBanks\Windows\Init.bnk",3335,3335,1121,0
"095A07DDD2C8FFF3663CA41EC0B39C2AE625FCE4","MONOPOLY_PLUS\MONOPOLY_PLUS_Data\StreamingAssets\Audio\GeneratedSoundBanks\Windows\Living.bnk",19338864,19338864,17494940,0
"095A07DDD2C8FFF3663CA41EC0B39C2AE625FCE4","MONOPOLY_PLUS\MONOPOLY_PLUS_Data\StreamingAssets\Audio\GeneratedSoundBanks\Windows\Main.bnk",31311963,31311963,20576055,0
"095A07DDD2C8FFF3663CA41EC0B39C2AE625FCE4","MONOPOLY_PLUS\MONOPOLY_PLUS_Data\StreamingAssets\Audio\GeneratedSoundBanks\Windows\Music.bnk",31015,31015,5157,0
"095A07DDD2C8FFF3663CA41EC0B39C2AE625FCE4","MONOPOLY_PLUS\MONOPOLY_PLUS_Data\StreamingAssets\Audio\GeneratedSoundBanks\Windows\PlatformInfo.xml",1476,1476,565,0
"095A07DDD2C8FFF3663CA41EC0B39C2AE625FCE4","MONOPOLY_PLUS\MONOPOLY_PLUS_Data\StreamingAssets\Audio\GeneratedSoundBanks\Windows\PluginInfo.xml",926,926,399,0
"095A07DDD2C8FFF3663CA41EC0B39C2AE625FCE4","MONOPOLY_PLUS\MONOPOLY_PLUS_Data\StreamingAssets\Audio\GeneratedSoundBanks\Windows\SoundbanksInfo.xml",1583253,1583253,99568,0
"095A07DDD2C8FFF3663CA41EC0B39C2AE625FCE4","MONOPOLY_PLUS\MONOPOLY_PLUS_Data\StreamingAssets\Audio\GeneratedSoundBanks\Windows\Brasilian Portuguese\VO.bnk",27555771,27555771,27244287,0
"095A07DDD2C8FFF3663CA41EC0B39C2AE625FCE4","MONOPOLY_PLUS\MONOPOLY_PLUS_Data\StreamingAssets\Audio\GeneratedSoundBanks\Windows\English(US)\VO.bnk",25602380,25602380,25333720,0
"095A07DDD2C8FFF3663CA41EC0B39C2AE625FCE4","MONOPOLY_PLUS\MONOPOLY_PLUS_Data\StreamingAssets\Audio\GeneratedSoundBanks\Windows\French\VO.bnk",26528239,26528239,26245126,0
"095A07DDD2C8FFF3663CA41EC0B39C2AE625FCE4","MONOPOLY_PLUS\MONOPOLY_PLUS_Data\StreamingAssets\Audio\GeneratedSoundBanks\Windows\German\VO.bnk",28098552,28098552,27781408,0
"095A07DDD2C8FFF3663CA41EC0B39C2AE625FCE4","MONOPOLY_PLUS\MONOPOLY_PLUS_Data\StreamingAssets\Audio\GeneratedSoundBanks\Windows\Italian\VO.bnk",27388332,27388332,27100879,0
"095A07DDD2C8FFF3663CA41EC0B39C2AE625FCE4","MONOPOLY_PLUS\MONOPOLY_PLUS_Data\StreamingAssets\Audio\GeneratedSoundBanks\Windows\Japanese\VO.bnk",23697481,23697481,23478571,0
"095A07DDD2C8FFF3663CA41EC0B39C2AE625FCE4","MONOPOLY_PLUS\MONOPOLY_PLUS_Data\StreamingAssets\Audio\GeneratedSoundBanks\Windows\Media\1004915670.wem",1140687,1140687,1140723,0
"095A07DDD2C8FFF3663CA41EC0B39C2AE625FCE4","MONOPOLY_PLUS\MONOPOLY_PLUS_Data\StreamingAssets\Audio\GeneratedSoundBanks\Windows\Media\1007092465.wem",6851011,6851011,6851203,0
"095A07DDD2C8FFF3663CA41EC0B39C2AE625FCE4","MONOPOLY_PLUS\MONOPOLY_PLUS_Data\StreamingAssets\Audio\GeneratedSoundBanks\Windows\Media\1008268702.wem",13239559,13239559,13202982,0
"095A07DDD2C8FFF3663CA41EC0B39C2AE625FCE4","MONOPOLY_PLUS\MONOPOLY_PLUS_Data\StreamingAssets\Audio\GeneratedSoundBanks\Windows\Media\1011198946.wem",6518427,6518427,6518610,0
"095A07DDD2C8FFF3663CA41EC0B39C2AE625FCE4","MONOPOLY_PLUS\MONOPOLY_PLUS_Data\StreamingAssets\Audio\GeneratedSoundBanks\Windows\Media\1039092488.wem",2409975,2409975,2345689,0
"095A07DDD2C8FFF3663CA41EC0B39C2AE625FCE4","MONOPOLY_PLUS\MONOPOLY_PLUS_Data\StreamingAssets\Audio\GeneratedSoundBanks\Windows\Media\1045977690.wem",3169955,3169955,3170049,0
"095A07DDD2C8FFF3663CA41EC0B39C2AE625FCE4","MONOPOLY_PLUS\MONOPOLY_PLUS_Data\StreamingAssets\Audio\GeneratedSoundBanks\Windows\Media\1049668347.wem",6851011,6851011,6851203,0
"095A07DDD2C8FFF3663CA41EC0B39C2AE625FCE4","MONOPOLY_PLUS\MONOPOLY_PLUS_Data\StreamingAssets\Audio\GeneratedSoundBanks\Windows\Media\1049688146.wem",3800728,3800728,3759059,0
"095A07DDD2C8FFF3663CA41EC0B39C2AE625FCE4","MONOPOLY_PLUS\MONOPOLY_PLUS_Data\StreamingAssets\Audio\GeneratedSoundBanks\Windows\Media\117157874.wem",23096498,23096498,23093527,0
"095A07DDD2C8FFF3663CA41EC0B39C2AE625FCE4","MONOPOLY_PLUS\MONOPOLY_PLUS_Data\StreamingAssets\Audio\GeneratedSoundBanks\Windows\Media\118825466.wem",3395306,3395306,3395405,0
"095A07DDD2C8FFF3663CA41EC0B39C2AE625FCE4","MONOPOLY_PLUS\MONOPOLY_PLUS_Data\StreamingAssets\Audio\GeneratedSoundBanks\Windows\Media\124754023.wem",2118023,2118023,2112834,0
"095A07DDD2C8FFF3663CA41EC0B39C2AE625FCE4","MONOPOLY_PLUS\MONOPOLY_PLUS_Data\StreamingAssets\Audio\GeneratedSoundBanks\Windows\Media\125255699.wem",3971697,3971697,3474765,0
"095A07DDD2C8FFF3663CA41EC0B39C2AE625FCE4","MONOPOLY_PLUS\MONOPOLY_PLUS_Data\StreamingAssets\Audio\GeneratedSoundBanks\Windows\Media\125451529.wem",1222654,1222654,1222417,0
"095A07DDD2C8FFF3663CA41EC0B39C2AE625FCE4","MONOPOLY_PLUS\MONOPOLY_PLUS_Data\StreamingAssets\Audio\GeneratedSoundBanks\Windows\Media\125469741.wem",995214,995214,994851,0
"095A07DDD2C8FFF3663CA41EC0B39C2AE625FCE4","MONOPOLY_PLUS\MONOPOLY_PLUS_Data\StreamingAssets\Audio\GeneratedSoundBanks\Windows\Media\128765556.wem",20361455,20361455,20340798,0
"095A07DDD2C8FFF3663CA41EC0B39C2AE625FCE4","MONOPOLY_PLUS\MONOPOLY_PLUS_Data\StreamingAssets\Audio\GeneratedSoundBanks\Windows\Media\131830328.wem",1466861,1466861,1461297,0
"095A07DDD2C8FFF3663CA41EC0B39C2AE625FCE4","MONOPOLY_PLUS\MONOPOLY_PLUS_Data\StreamingAssets\Audio\GeneratedSoundBanks\Windows\Media\132395539.wem",6357982,6357982,6348516,0
"095A07DDD2C8FFF3663CA41EC0B39C2AE625FCE4","MONOPOLY_PLUS\MONOPOLY_PLUS_Data\StreamingAssets\Audio\GeneratedSoundBanks\Windows\Media\139330227.wem",7533705,7533705,7531688,0
"095A07DDD2C8FFF3663CA41EC0B39C2AE625FCE4","MONOPOLY_PLUS\MONOPOLY_PLUS_Data\StreamingAssets\Audio\GeneratedSoundBanks\Windows\Media\139954929.wem",8509481,8509481,8508504,0
"095A07DDD2C8FFF3663CA41EC0B39C2AE625FCE4","MONOPOLY_PLUS\MONOPOLY_PLUS_Data\StreamingAssets\Audio\GeneratedSoundBanks\Windows\Media\141175859.wem",27591471,27591471,27435135,0
"095A07DDD2C8FFF3663CA41EC0B39C2AE625FCE4","MONOPOLY_PLUS\MONOPOLY_PLUS_Data\StreamingAssets\Audio\GeneratedSoundBanks\Windows\Media\141230738.wem",5939084,5939084,5908380,0
"095A07DDD2C8FFF3663CA41EC0B39C2AE625FCE4","MONOPOLY_PLUS\MONOPOLY_PLUS_Data\StreamingAssets\Audio\GeneratedSoundBanks\Windows\Media\144822386.wem",18194285,18194285,18171119,0
"095A07DDD2C8FFF3663CA41EC0B39C2AE625FCE4","MONOPOLY_PLUS\MONOPOLY_PLUS_Data\StreamingAssets\Audio\GeneratedSoundBanks\Windows\Media\14568208.wem",6438261,6438261,6438444,0
"095A07DDD2C8FFF3663CA41EC0B39C2AE625FCE4","MONOPOLY_PLUS\MONOPOLY_PLUS_Data\StreamingAssets\Audio\GeneratedSoundBanks\Windows\Media\149177625.wem",7030466,7030466,6990554,0
"095A07DDD2C8FFF3663CA41EC0B39C2AE625FCE4","MONOPOLY_PLUS\MONOPOLY_PLUS_Data\StreamingAssets\Audio\GeneratedSoundBanks\Windows\Media\151029520.wem",22192958,22192958,22182114,0
"095A07DDD2C8FFF3663CA41EC0B39C2AE625FCE4","MONOPOLY_PLUS\MONOPOLY_PLUS_Data\StreamingAssets\Audio\GeneratedSoundBanks\Windows\Media\152027750.wem",6512484,6512484,6512667,0
"095A07DDD2C8FFF3663CA41EC0B39C2AE625FCE4","MONOPOLY_PLUS\MONOPOLY_PLUS_Data\StreamingAssets\Audio\GeneratedSoundBanks\Windows\Media\153547028.wem",6296057,6296057,6272252,0
"095A07DDD2C8FFF3663CA41EC0B39C2AE625FCE4","MONOPOLY_PLUS\MONOPOLY_PLUS_Data\StreamingAssets\Audio\GeneratedSoundBanks\Windows\Media\154684810.wem",14604604,14604604,14594871,0
"095A07DDD2C8FFF3663CA41EC0B39C2AE625FCE4","MONOPOLY_PLUS\MONOPOLY_PLUS_Data\StreamingAssets\Audio\GeneratedSoundBanks\Windows\Media\160504077.wem",3737424,3737424,3658319,0
"095A07DDD2C8FFF3663CA41EC0B39C2AE625FCE4","MONOPOLY_PLUS\MONOPOLY_PLUS_Data\StreamingAssets\Audio\GeneratedSoundBanks\Windows\Media\181597632.wem",1155113,1155113,1155149,0
"095A07DDD2C8FFF3663CA41EC0B39C2AE625FCE4","MONOPOLY_PLUS\MONOPOLY_PLUS_Data\StreamingAssets\Audio\GeneratedSoundBanks\Windows\Media\183312827.wem",384963,384963,352424,0
"095A07DDD2C8FFF3663CA41EC0B39C2AE625FCE4","MONOPOLY_PLUS\MONOPOLY_PLUS_Data\StreamingAssets\Audio\GeneratedSoundBanks\Windows\Media\203811609.wem",23935018,23935018,23923847,0
"095A07DDD2C8FFF3663CA41EC0B39C2AE625FCE4","MONOPOLY_PLUS\MONOPOLY_PLUS_Data\StreamingAssets\Audio\GeneratedSoundBanks\Windows\Media\20774558.wem",1961986,1961986,1962040,0
"095A07DDD2C8FFF3663CA41EC0B39C2AE625FCE4","MONOPOLY_PLUS\MONOPOLY_PLUS_Data\StreamingAssets\Audio\GeneratedSoundBanks\Windows\Media\208099014.wem",3918272,3918272,3918383,0
"095A07DDD2C8FFF3663CA41EC0B39C2AE625FCE4","MONOPOLY_PLUS\MONOPOLY_PLUS_Data\StreamingAssets\Audio\GeneratedSoundBanks\Windows\Media\212864469.wem",2075517,2075517,2071658,0
"095A07DDD2C8FFF3663CA41EC0B39C2AE625FCE4","MONOPOLY_PLUS\MONOPOLY_PLUS_Data\StreamingAssets\Audio\GeneratedSoundBanks\Windows\Media\219646740.wem",2289711,2289711,2289774,0
"095A07DDD2C8FFF3663CA41EC0B39C2AE625FCE4","MONOPOLY_PLUS\MONOPOLY_PLUS_Data\StreamingAssets\Audio\GeneratedSoundBanks\Windows\Media\224793384.wem",2688806,2688806,2687381,0
"095A07DDD2C8FFF3663CA41EC0B39C2AE625FCE4","MONOPOLY_PLUS\MONOPOLY_PLUS_Data\StreamingAssets\Audio\GeneratedSoundBanks\Windows\Media\226027051.wem",3882423,3882423,3871603,0
"095A07DDD2C8FFF3663CA41EC0B39C2AE625FCE4","MONOPOLY_PLUS\MONOPOLY_PLUS_Data\StreamingAssets\Audio\GeneratedSoundBanks\Windows\Media\226811473.wem",10795991,10795991,10733084,0
"095A07DDD2C8FFF3663CA41EC0B39C2AE625FCE4","MONOPOLY_PLUS\MONOPOLY_PLUS_Data\StreamingAssets\Audio\GeneratedSoundBanks\Windows\Media\228882556.wem",3975653,3975653,3442857,0
"095A07DDD2C8FFF3663CA41EC0B39C2AE625FCE4","MONOPOLY_PLUS\MONOPOLY_PLUS_Data\StreamingAssets\Audio\GeneratedSoundBanks\Windows\Media\233307424.wem",4198781,4198781,4139132,0
"095A07DDD2C8FFF3663CA41EC0B39C2AE625FCE4","MONOPOLY_PLUS\MONOPOLY_PLUS_Data\StreamingAssets\Audio\GeneratedSoundBanks\Windows\Media\23936302.wem",511051,511051,509222,0
"095A07DDD2C8FFF3663CA41EC0B39C2AE625FCE4","MONOPOLY_PLUS\MONOPOLY_PLUS_Data\StreamingAssets\Audio\GeneratedSoundBanks\Windows\Media\255037874.wem",1372786,1372786,1372828,0
"095A07DDD2C8FFF3663CA41EC0B39C2AE625FCE4","MONOPOLY_PLUS\MONOPOLY_PLUS_Data\StreamingAssets\Audio\GeneratedSoundBanks\Windows\Media\255424804.wem",12129581,12129581,11317107,0
"095A07DDD2C8FFF3663CA41EC0B39C2AE625FCE4","MONOPOLY_PLUS\MONOPOLY_PLUS_Data\StreamingAssets\Audio\GeneratedSoundBanks\Windows\Media\256000600.wem",1190408,1190408,1190401,0
"095A07DDD2C8FFF3663CA41EC0B39C2AE625FCE4","MONOPOLY_PLUS\MONOPOLY_PLUS_Data\StreamingAssets\Audio\GeneratedSoundBanks\Windows\Media\256499230.wem",6518460,6518460,6518643,0
"095A07DDD2C8FFF3663CA41EC0B39C2AE625FCE4","MONOPOLY_PLUS\MONOPOLY_PLUS_Data\StreamingAssets\Audio\GeneratedSoundBanks\Windows\Media\267798454.wem",2437526,2437526,2427243,0
"095A07DDD2C8FFF3663CA41EC0B39C2AE625FCE4","MONOPOLY_PLUS\MONOPOLY_PLUS_Data\StreamingAssets\Audio\GeneratedSoundBanks\Windows\Media\270098868.wem",1582191,1582191,1582239,0
"095A07DDD2C8FFF3663CA41EC0B39C2AE625FCE4","MONOPOLY_PLUS\MONOPOLY_PLUS_Data\StreamingAssets\Audio\GeneratedSoundBanks\Windows\Media\277834263.wem",15494946,15494946,15460953,0
"095A07DDD2C8FFF3663CA41EC0B39C2AE625FCE4","MONOPOLY_PLUS\MONOPOLY_PLUS_Data\StreamingAssets\Audio\GeneratedSoundBanks\Windows\Media\28086174.wem",536675,536675,533975,0
"095A07DDD2C8FFF3663CA41EC0B39C2AE625FCE4","MONOPOLY_PLUS\MONOPOLY_PLUS_Data\StreamingAssets\Audio\GeneratedSoundBanks\Windows\Media\292820539.wem",1173032,1173032,1173068,0
"095A07DDD2C8FFF3663CA41EC0B39C2AE625FCE4","MONOPOLY_PLUS\MONOPOLY_PLUS_Data\StreamingAssets\Audio\GeneratedSoundBanks\Windows\Media\294921395.wem",18407908,18407908,18384178,0
"095A07DDD2C8FFF3663CA41EC0B39C2AE625FCE4","MONOPOLY_PLUS\MONOPOLY_PLUS_Data\StreamingAssets\Audio\GeneratedSoundBanks\Windows\Media\29527412.wem",1678780,1678780,1678828,0
"095A07DDD2C8FFF3663CA41EC0B39C2AE625FCE4","MONOPOLY_PLUS\MONOPOLY_PLUS_Data\StreamingAssets\Audio\GeneratedSoundBanks\Windows\Media\299154538.wem",17981126,17981126,17927859,0
"095A07DDD2C8FFF3663CA41EC0B39C2AE625FCE4","MONOPOLY_PLUS\MONOPOLY_PLUS_Data\StreamingAssets\Audio\GeneratedSoundBanks\Windows\Media\305109485.wem",2770658,2770658,2770733,0
"095A07DDD2C8FFF3663CA41EC0B39C2AE625FCE4","MONOPOLY_PLUS\MONOPOLY_PLUS_Data\StreamingAssets\Audio\GeneratedSoundBanks\Windows\Media\306560821.wem",7641366,7641366,7584369,0
"095A07DDD2C8FFF3663CA41EC0B39C2AE625FCE4","MONOPOLY_PLUS\MONOPOLY_PLUS_Data\StreamingAssets\Audio\GeneratedSoundBanks\Windows\Media\318223635.wem",3131604,3131604,3130828,0
"095A07DDD2C8FFF3663CA41EC0B39C2AE625FCE4","MONOPOLY_PLUS\MONOPOLY_PLUS_Data\StreamingAssets\Audio\GeneratedSoundBanks\Windows\Media\318335576.wem",10600920,10600920,10554371,0
"095A07DDD2C8FFF3663CA41EC0B39C2AE625FCE4","MONOPOLY_PLUS\MONOPOLY_PLUS_Data\StreamingAssets\Audio\GeneratedSoundBanks\Windows\Media\324354365.wem",1274188,1274188,1227046,0
"095A07DDD2C8FFF3663CA41EC0B39C2AE625FCE4","MONOPOLY_PLUS\MONOPOLY_PLUS_Data\StreamingAssets\Audio\GeneratedSoundBanks\Windows\Media\333158077.wem",11679447,11679447,11628446,0
"095A07DDD2C8FFF3663CA41EC0B39C2AE625FCE4","MONOPOLY_PLUS\MONOPOLY_PLUS_Data\StreamingAssets\Audio\GeneratedSoundBanks\Windows\Media\336439770.wem",991815,991815,990132,0
"095A07DDD2C8FFF3663CA41EC0B39C2AE625FCE4","MONOPOLY_PLUS\MONOPOLY_PLUS_Data\StreamingAssets\Audio\GeneratedSoundBanks\Windows\Media\338416099.wem",8038094,8038094,8038313,0
"095A07DDD2C8FFF3663CA41EC0B39C2AE625FCE4","MONOPOLY_PLUS\MONOPOLY_PLUS_Data\StreamingAssets\Audio\GeneratedSoundBanks\Windows\Media\344026537.wem",23090791,23090791,23088932,0
"095A07DDD2C8FFF3663CA41EC0B39C2AE625FCE4","MONOPOLY_PLUS\MONOPOLY_PLUS_Data\StreamingAssets\Audio\GeneratedSoundBanks\Windows\Media\351446105.wem",640594,640594,638967,0
"095A07DDD2C8FFF3663CA41EC0B39C2AE625FCE4","MONOPOLY_PLUS\MONOPOLY_PLUS_Data\StreamingAssets\Audio\GeneratedSoundBanks\Windows\Media\355845048.wem",972956,972956,971324,0
"095A07DDD2C8FFF3663CA41EC0B39C2AE625FCE4","MONOPOLY_PLUS\MONOPOLY_PLUS_Data\StreamingAssets\Audio\GeneratedSoundBanks\Windows\Media\364779622.wem",2627469,2627469,2627541,0
"095A07DDD2C8FFF3663CA41EC0B39C2AE625FCE4","MONOPOLY_PLUS\MONOPOLY_PLUS_Data\StreamingAssets\Audio\GeneratedSoundBanks\Windows\Media\36740503.wem",999433,999433,998222,0
"095A07DDD2C8FFF3663CA41EC0B39C2AE625FCE4","MONOPOLY_PLUS\MONOPOLY_PLUS_Data\StreamingAssets\Audio\GeneratedSoundBanks\Windows\Media\377028926.wem",32518406,32518406,32517667,0
"095A07DDD2C8FFF3663CA41EC0B39C2AE625FCE4","MONOPOLY_PLUS\MONOPOLY_PLUS_Data\StreamingAssets\Audio\GeneratedSoundBanks\Windows\Media\385189395.wem",1914352,1914352,1914406,0
"095A07DDD2C8FFF3663CA41EC0B39C2AE625FCE4","MONOPOLY_PLUS\MONOPOLY_PLUS_Data\StreamingAssets\Audio\GeneratedSoundBanks\Windows\Media\395298796.wem",730131,730131,728642,0
"095A07DDD2C8FFF3663CA41EC0B39C2AE625FCE4","MONOPOLY_PLUS\MONOPOLY_PLUS_Data\StreamingAssets\Audio\GeneratedSoundBanks\Windows\Media\395573387.wem",23373129,23373129,23294092,0
"095A07DDD2C8FFF3663CA41EC0B39C2AE625FCE4","MONOPOLY_PLUS\MONOPOLY_PLUS_Data\StreamingAssets\Audio\GeneratedSoundBanks\Windows\Media\398941588.wem",6407791,6407791,6407971,0
"095A07DDD2C8FFF3663CA41EC0B39C2AE625FCE4","MONOPOLY_PLUS\MONOPOLY_PLUS_Data\StreamingAssets\Audio\GeneratedSoundBanks\Windows\Media\409473390.wem",32144786,32144786,32141292,0
"095A07DDD2C8FFF3663CA41EC0B39C2AE625FCE4","MONOPOLY_PLUS\MONOPOLY_PLUS_Data\StreamingAssets\Audio\GeneratedSoundBanks\Windows\Media\40995562.wem",13016106,13016106,12975242,0
"095A07DDD2C8FFF3663CA41EC0B39C2AE625FCE4","MONOPOLY_PLUS\MONOPOLY_PLUS_Data\StreamingAssets\Audio\GeneratedSoundBanks\Windows\Media\411772603.wem",25276083,25276083,25269292,0
"095A07DDD2C8FFF3663CA41EC0B39C2AE625FCE4","MONOPOLY_PLUS\MONOPOLY_PLUS_Data\StreamingAssets\Audio\GeneratedSoundBanks\Windows\Media\415017175.wem",607077,607077,605266,0
"095A07DDD2C8FFF3663CA41EC0B39C2AE625FCE4","MONOPOLY_PLUS\MONOPOLY_PLUS_Data\StreamingAssets\Audio\GeneratedSoundBanks\Windows\Media\416589723.wem",23153101,23153101,23129570,0
"095A07DDD2C8FFF3663CA41EC0B39C2AE625FCE4","MONOPOLY_PLUS\MONOPOLY_PLUS_Data\StreamingAssets\Audio\GeneratedSoundBanks\Windows\Media\421271766.wem",16410166,16410166,16406641,0
"095A07DDD2C8FFF3663CA41EC0B39C2AE625FCE4","MONOPOLY_PLUS\MONOPOLY_PLUS_Data\StreamingAssets\Audio\GeneratedSoundBanks\Windows\Media\431696037.wem",15089639,15089639,15041504,0
"095A07DDD2C8FFF3663CA41EC0B39C2AE625FCE4","MONOPOLY_PLUS\MONOPOLY_PLUS_Data\StreamingAssets\Audio\GeneratedSoundBanks\Windows\Media\443075351.wem",10013794,10013794,9937630,0
"095A07DDD2C8FFF3663CA41EC0B39C2AE625FCE4","MONOPOLY_PLUS\MONOPOLY_PLUS_Data\StreamingAssets\Audio\GeneratedSoundBanks\Windows\Media\445525212.wem",1181848,1181848,1180411,0
"095A07DDD2C8FFF3663CA41EC0B39C2AE625FCE4","MONOPOLY_PLUS\MONOPOLY_PLUS_Data\StreamingAssets\Audio\GeneratedSoundBanks\Windows\Media\44607799.wem",6023313,6023313,6022398,0
"095A07DDD2C8FFF3663CA41EC0B39C2AE625FCE4","MONOPOLY_PLUS\MONOPOLY_PLUS_Data\StreamingAssets\Audio\GeneratedSoundBanks\Windows\Media\450656896.wem",500116,500116,499105,0
"095A07DDD2C8FFF3663CA41EC0B39C2AE625FCE4","MONOPOLY_PLUS\MONOPOLY_PLUS_Data\StreamingAssets\Audio\GeneratedSoundBanks\Windows\Media\4606707.wem",12328422,12328422,12284597,0
"095A07DDD2C8FFF3663CA41EC0B39C2AE625FCE4","MONOPOLY_PLUS\MONOPOLY_PLUS_Data\StreamingAssets\Audio\GeneratedSoundBanks\Windows\Media\470741531.wem",11541891,11541891,11469792,0
"095A07DDD2C8FFF3663CA41EC0B39C2AE625FCE4","MONOPOLY_PLUS\MONOPOLY_PLUS_Data\StreamingAssets\Audio\GeneratedSoundBanks\Windows\Media\483210749.wem",6116662,6116662,6071147,0
"095A07DDD2C8FFF3663CA41EC0B39C2AE625FCE4","MONOPOLY_PLUS\MONOPOLY_PLUS_Data\StreamingAssets\Audio\GeneratedSoundBanks\Windows\Media\484670277.wem",5837206,5837206,5836829,0
"095A07DDD2C8FFF3663CA41EC0B39C2AE625FCE4","MONOPOLY_PLUS\MONOPOLY_PLUS_Data\StreamingAssets\Audio\GeneratedSoundBanks\Windows\Media\486374546.wem",849570,849570,848189,0
"095A07DDD2C8FFF3663CA41EC0B39C2AE625FCE4","MONOPOLY_PLUS\MONOPOLY_PLUS_Data\StreamingAssets\Audio\GeneratedSoundBanks\Windows\Media\489796346.wem",3586855,3586855,3586960,0
"095A07DDD2C8FFF3663CA41EC0B39C2AE625FCE4","MONOPOLY_PLUS\MONOPOLY_PLUS_Data\StreamingAssets\Audio\GeneratedSoundBanks\Windows\Media\497624490.wem",1466014,1466014,1466059,0
"095A07DDD2C8FFF3663CA41EC0B39C2AE625FCE4","MONOPOLY_PLUS\MONOPOLY_PLUS_Data\StreamingAssets\Audio\GeneratedSoundBanks\Windows\Media\498119860.wem",1139980,1139980,1140016,0
"095A07DDD2C8FFF3663CA41EC0B39C2AE625FCE4","MONOPOLY_PLUS\MONOPOLY_PLUS_Data\StreamingAssets\Audio\GeneratedSoundBanks\Windows\Media\50488075.wem",3864138,3864138,3857689,0
"095A07DDD2C8FFF3663CA41EC0B39C2AE625FCE4","MONOPOLY_PLUS\MONOPOLY_PLUS_Data\StreamingAssets\Audio\GeneratedSoundBanks\Windows\Media\50696852.wem",9381074,9381074,9163878,0
"095A07DDD2C8FFF3663CA41EC0B39C2AE625FCE4","MONOPOLY_PLUS\MONOPOLY_PLUS_Data\StreamingAssets\Audio\GeneratedSoundBanks\Windows\Media\510316953.wem",13964731,13964731,13953229,0
"095A07DDD2C8FFF3663CA41EC0B39C2AE625FCE4","MONOPOLY_PLUS\MONOPOLY_PLUS_Data\StreamingAssets\Audio\GeneratedSoundBanks\Windows\Media\51105404.wem",1194235,1194235,1194274,0
"095A07DDD2C8FFF3663CA41EC0B39C2AE625FCE4","MONOPOLY_PLUS\MONOPOLY_PLUS_Data\StreamingAssets\Audio\GeneratedSoundBanks\Windows\Media\512361532.wem",1457705,1457705,1457750,0
"095A07DDD2C8FFF3663CA41EC0B39C2AE625FCE4","MONOPOLY_PLUS\MONOPOLY_PLUS_Data\StreamingAssets\Audio\GeneratedSoundBanks\Windows\Media\529044088.wem",1705313,1705313,1705364,0
"095A07DDD2C8FFF3663CA41EC0B39C2AE625FCE4","MONOPOLY_PLUS\MONOPOLY_PLUS_Data\StreamingAssets\Audio\GeneratedSoundBanks\Windows\Media\530780079.wem",6976849,6976849,6973973,0
"095A07DDD2C8FFF3663CA41EC0B39C2AE625FCE4","MONOPOLY_PLUS\MONOPOLY_PLUS_Data\StreamingAssets\Audio\GeneratedSoundBanks\Windows\Media\530809198.wem",757178,757178,757205,0
"095A07DDD2C8FFF3663CA41EC0B39C2AE625FCE4","MONOPOLY_PLUS\MONOPOLY_PLUS_Data\StreamingAssets\Audio\GeneratedSoundBanks\Windows\Media\542544753.wem",6746543,6746543,6746732,0
"095A07DDD2C8FFF3663CA41EC0B39C2AE625FCE4","MONOPOLY_PLUS\MONOPOLY_PLUS_Data\StreamingAssets\Audio\GeneratedSoundBanks\Windows\Media\546281514.wem",657812,657812,656356,0
"095A07DDD2C8FFF3663CA41EC0B39C2AE625FCE4","MONOPOLY_PLUS\MONOPOLY_PLUS_Data\StreamingAssets\Audio\GeneratedSoundBanks\Windows\Media\546293130.wem",1339261,1339261,1339170,0
"095A07DDD2C8FFF3663CA41EC0B39C2AE625FCE4","MONOPOLY_PLUS\MONOPOLY_PLUS_Data\StreamingAssets\Audio\GeneratedSoundBanks\Windows\Media\546558691.wem",754019,754019,754046,0
"095A07DDD2C8FFF3663CA41EC0B39C2AE625FCE4","MONOPOLY_PLUS\MONOPOLY_PLUS_Data\StreamingAssets\Audio\GeneratedSoundBanks\Windows\Media\548984166.wem",19369672,19369672,19348572,0
"095A07DDD2C8FFF3663CA41EC0B39C2AE625FCE4","MONOPOLY_PLUS\MONOPOLY_PLUS_Data\StreamingAssets\Audio\GeneratedSoundBanks\Windows\Media\551066739.wem",19219640,19219640,19151463,0
"095A07DDD2C8FFF3663CA41EC0B39C2AE625FCE4","MONOPOLY_PLUS\MONOPOLY_PLUS_Data\StreamingAssets\Audio\GeneratedSoundBanks\Windows\Media\560052648.wem",731653,731653,731680,0
"095A07DDD2C8FFF3663CA41EC0B39C2AE625FCE4","MONOPOLY_PLUS\MONOPOLY_PLUS_Data\StreamingAssets\Audio\GeneratedSoundBanks\Windows\Media\563021226.wem",3505672,3505672,3426775,0
"095A07DDD2C8FFF3663CA41EC0B39C2AE625FCE4","MONOPOLY_PLUS\MONOPOLY_PLUS_Data\StreamingAssets\Audio\GeneratedSoundBanks\Windows\Media\563432834.wem",5514094,5514094,5514244,0
"095A07DDD2C8FFF3663CA41EC0B39C2AE625FCE4","MONOPOLY_PLUS\MONOPOLY_PLUS_Data\StreamingAssets\Audio\GeneratedSoundBanks\Windows\Media\570925781.wem",6093479,6093479,6093107,0
"095A07DDD2C8FFF3663CA41EC0B39C2AE625FCE4","MONOPOLY_PLUS\MONOPOLY_PLUS_Data\StreamingAssets\Audio\GeneratedSoundBanks\Windows\Media\58071253.wem",7850641,7850641,7737249,0
"095A07DDD2C8FFF3663CA41EC0B39C2AE625FCE4","MONOPOLY_PLUS\MONOPOLY_PLUS_Data\StreamingAssets\Audio\GeneratedSoundBanks\Windows\Media\581398478.wem",1294152,1294152,1294191,0
"095A07DDD2C8FFF3663CA41EC0B39C2AE625FCE4","MONOPOLY_PLUS\MONOPOLY_PLUS_Data\StreamingAssets\Audio\GeneratedSoundBanks\Windows\Media\584732187.wem",8596095,8596095,8570458,0
"095A07DDD2C8FFF3663CA41EC0B39C2AE625FCE4","MONOPOLY_PLUS\MONOPOLY_PLUS_Data\StreamingAssets\Audio\GeneratedSoundBanks\Windows\Media\597948394.wem",7849337,7849337,7798723,0
"095A07DDD2C8FFF3663CA41EC0B39C2AE625FCE4","MONOPOLY_PLUS\MONOPOLY_PLUS_Data\StreamingAssets\Audio\GeneratedSoundBanks\Windows\Media\59888680.wem",691218,691218,689947,0
"095A07DDD2C8FFF3663CA41EC0B39C2AE625FCE4","MONOPOLY_PLUS\MONOPOLY_PLUS_Data\StreamingAssets\Audio\GeneratedSoundBanks\Windows\Media\600067938.wem",2281919,2281919,2281982,0
"095A07DDD2C8FFF3663CA41EC0B39C2AE625FCE4","MONOPOLY_PLUS\MONOPOLY_PLUS_Data\StreamingAssets\Audio\GeneratedSoundBanks\Windows\Media\609413584.wem",3496958,3496958,3497060,0
"095A07DDD2C8FFF3663CA41EC0B39C2AE625FCE4","MONOPOLY_PLUS\MONOPOLY_PLUS_Data\StreamingAssets\Audio\GeneratedSoundBanks\Windows\Media\611178845.wem",978361,978361,977591,0
"095A07DDD2C8FFF3663CA41EC0B39C2AE625FCE4","MONOPOLY_PLUS\MONOPOLY_PLUS_Data\StreamingAssets\Audio\GeneratedSoundBanks\Windows\Media\619860508.wem",1183237,1183237,1181827,0
"095A07DDD2C8FFF3663CA41EC0B39C2AE625FCE4","MONOPOLY_PLUS\MONOPOLY_PLUS_Data\StreamingAssets\Audio\GeneratedSoundBanks\Windows\Media\627929329.wem",1169732,1169732,1169768,0
"095A07DDD2C8FFF3663CA41EC0B39C2AE625FCE4","MONOPOLY_PLUS\MONOPOLY_PLUS_Data\StreamingAssets\Audio\GeneratedSoundBanks\Windows\Media\630665279.wem",6851011,6851011,6851203,0
"095A07DDD2C8FFF3663CA41EC0B39C2AE625FCE4","MONOPOLY_PLUS\MONOPOLY_PLUS_Data\StreamingAssets\Audio\GeneratedSoundBanks\Windows\Media\631675469.wem",6518460,6518460,6518643,0
"095A07DDD2C8FFF3663CA41EC0B39C2AE625FCE4","MONOPOLY_PLUS\MONOPOLY_PLUS_Data\StreamingAssets\Audio\GeneratedSoundBanks\Windows\Media\63443525.wem",3842991,3842991,3831613,0
"095A07DDD2C8FFF3663CA41EC0B39C2AE625FCE4","MONOPOLY_PLUS\MONOPOLY_PLUS_Data\StreamingAssets\Audio\GeneratedSoundBanks\Windows\Media\63769060.wem",1063543,1063543,1060711,0
"095A07DDD2C8FFF3663CA41EC0B39C2AE625FCE4","MONOPOLY_PLUS\MONOPOLY_PLUS_Data\StreamingAssets\Audio\GeneratedSoundBanks\Windows\Media\638666866.wem",2443863,2443863,2443929,0
"095A07DDD2C8FFF3663CA41EC0B39C2AE625FCE4","MONOPOLY_PLUS\MONOPOLY_PLUS_Data\StreamingAssets\Audio\GeneratedSoundBanks\Windows\Media\643255205.wem",24200517,24200517,24185603,0
"095A07DDD2C8FFF3663CA41EC0B39C2AE625FCE4","MONOPOLY_PLUS\MONOPOLY_PLUS_Data\StreamingAssets\Audio\GeneratedSoundBanks\Windows\Media\6546735.wem",1147664,1147664,1143473,0
"095A07DDD2C8FFF3663CA41EC0B39C2AE625FCE4","MONOPOLY_PLUS\MONOPOLY_PLUS_Data\StreamingAssets\Audio\GeneratedSoundBanks\Windows\Media\66525421.wem",16400734,16400734,16397369,0
"095A07DDD2C8FFF3663CA41EC0B39C2AE625FCE4","MONOPOLY_PLUS\MONOPOLY_PLUS_Data\StreamingAssets\Audio\GeneratedSoundBanks\Windows\Media\67096489.wem",1462520,1462520,1457098,0
"095A07DDD2C8FFF3663CA41EC0B39C2AE625FCE4","MONOPOLY_PLUS\MONOPOLY_PLUS_Data\StreamingAssets\Audio\GeneratedSoundBanks\Windows\Media\673778540.wem",10013794,10013794,9937630,0
"095A07DDD2C8FFF3663CA41EC0B39C2AE625FCE4","MONOPOLY_PLUS\MONOPOLY_PLUS_Data\StreamingAssets\Audio\GeneratedSoundBanks\Windows\Media\687843457.wem",1625285,1625285,1625333,0
"095A07DDD2C8FFF3663CA41EC0B39C2AE625FCE4","MONOPOLY_PLUS\MONOPOLY_PLUS_Data\StreamingAssets\Audio\GeneratedSoundBanks\Windows\Media\692427285.wem",5012420,5012420,4954102,0
"095A07DDD2C8FFF3663CA41EC0B39C2AE625FCE4","MONOPOLY_PLUS\MONOPOLY_PLUS_Data\StreamingAssets\Audio\GeneratedSoundBanks\Windows\Media\696720743.wem",1108175,1108175,1108211,0
"095A07DDD2C8FFF3663CA41EC0B39C2AE625FCE4","MONOPOLY_PLUS\MONOPOLY_PLUS_Data\StreamingAssets\Audio\GeneratedSoundBanks\Windows\Media\700785874.wem",6851011,6851011,6851203,0
"095A07DDD2C8FFF3663CA41EC0B39C2AE625FCE4","MONOPOLY_PLUS\MONOPOLY_PLUS_Data\StreamingAssets\Audio\GeneratedSoundBanks\Windows\Media\704767981.wem",3499269,3499269,3499371,0
"095A07DDD2C8FFF3663CA41EC0B39C2AE625FCE4","MONOPOLY_PLUS\MONOPOLY_PLUS_Data\StreamingAssets\Audio\GeneratedSoundBanks\Windows\Media\706696933.wem",6518460,6518460,6518643,0
"095A07DDD2C8FFF3663CA41EC0B39C2AE625FCE4","MONOPOLY_PLUS\MONOPOLY_PLUS_Data\StreamingAssets\Audio\GeneratedSoundBanks\Windows\Media\706878080.wem",26919113,26919113,26918182,0
"095A07DDD2C8FFF3663CA41EC0B39C2AE625FCE4","MONOPOLY_PLUS\MONOPOLY_PLUS_Data\StreamingAssets\Audio\GeneratedSoundBanks\Windows\Media\712547724.wem",28555716,28555716,28546100,0
"095A07DDD2C8FFF3663CA41EC0B39C2AE625FCE4","MONOPOLY_PLUS\MONOPOLY_PLUS_Data\StreamingAssets\Audio\GeneratedSoundBanks\Windows\Media\730192195.wem",3275798,3275798,3275894,0
"095A07DDD2C8FFF3663CA41EC0B39C2AE625FCE4","MONOPOLY_PLUS\MONOPOLY_PLUS_Data\StreamingAssets\Audio\GeneratedSoundBanks\Windows\Media\737159327.wem",1014439,1014439,1013693,0
"095A07DDD2C8FFF3663CA41EC0B39C2AE625FCE4","MONOPOLY_PLUS\MONOPOLY_PLUS_Data\StreamingAssets\Audio\GeneratedSoundBanks\Windows\Media\738212520.wem",2795670,2795670,2792721,0
"095A07DDD2C8FFF3663CA41EC0B39C2AE625FCE4","MONOPOLY_PLUS\MONOPOLY_PLUS_Data\StreamingAssets\Audio\GeneratedSoundBanks\Windows\Media\744439807.wem",3298580,3298580,3298679,0
"095A07DDD2C8FFF3663CA41EC0B39C2AE625FCE4","MONOPOLY_PLUS\MONOPOLY_PLUS_Data\StreamingAssets\Audio\GeneratedSoundBanks\Windows\Media\761362019.wem",1206033,1206033,1163267,0
"095A07DDD2C8FFF3663CA41EC0B39C2AE625FCE4","MONOPOLY_PLUS\MONOPOLY_PLUS_Data\StreamingAssets\Audio\GeneratedSoundBanks\Windows\Media\769830436.wem",1688705,1688705,1688753,0
"095A07DDD2C8FFF3663CA41EC0B39C2AE625FCE4","MONOPOLY_PLUS\MONOPOLY_PLUS_Data\StreamingAssets\Audio\GeneratedSoundBanks\Windows\Media\770464965.wem",1141778,1141778,1138179,0
"095A07DDD2C8FFF3663CA41EC0B39C2AE625FCE4","MONOPOLY_PLUS\MONOPOLY_PLUS_Data\StreamingAssets\Audio\GeneratedSoundBanks\Windows\Media\770986557.wem",16415,16415,365,0
"095A07DDD2C8FFF3663CA41EC0B39C2AE625FCE4","MONOPOLY_PLUS\MONOPOLY_PLUS_Data\StreamingAssets\Audio\GeneratedSoundBanks\Windows\Media\77589345.wem",1110596,1110596,1110632,0
"095A07DDD2C8FFF3663CA41EC0B39C2AE625FCE4","MONOPOLY_PLUS\MONOPOLY_PLUS_Data\StreamingAssets\Audio\GeneratedSoundBanks\Windows\Media\784662504.wem",6739342,6739342,6738689,0
"095A07DDD2C8FFF3663CA41EC0B39C2AE625FCE4","MONOPOLY_PLUS\MONOPOLY_PLUS_Data\StreamingAssets\Audio\GeneratedSoundBanks\Windows\Media\797627100.wem",1068731,1068731,1065939,0
"095A07DDD2C8FFF3663CA41EC0B39C2AE625FCE4","MONOPOLY_PLUS\MONOPOLY_PLUS_Data\StreamingAssets\Audio\GeneratedSoundBanks\Windows\Media\799034335.wem",1805440,1805440,1805491,0
"095A07DDD2C8FFF3663CA41EC0B39C2AE625FCE4","MONOPOLY_PLUS\MONOPOLY_PLUS_Data\StreamingAssets\Audio\GeneratedSoundBanks\Windows\Media\80956268.wem",10014931,10014931,9938915,0
"095A07DDD2C8FFF3663CA41EC0B39C2AE625FCE4","MONOPOLY_PLUS\MONOPOLY_PLUS_Data\StreamingAssets\Audio\GeneratedSoundBanks\Windows\Media\811111129.wem",9902462,9902462,9830501,0
"095A07DDD2C8FFF3663CA41EC0B39C2AE625FCE4","MONOPOLY_PLUS\MONOPOLY_PLUS_Data\StreamingAssets\Audio\GeneratedSoundBanks\Windows\Media\829295071.wem",1403566,1403566,1403608,0
"095A07DDD2C8FFF3663CA41EC0B39C2AE625FCE4","MONOPOLY_PLUS\MONOPOLY_PLUS_Data\StreamingAssets\Audio\GeneratedSoundBanks\Windows\Media\8349539.wem",5837206,5837206,5836829,0
"095A07DDD2C8FFF3663CA41EC0B39C2AE625FCE4","MONOPOLY_PLUS\MONOPOLY_PLUS_Data\StreamingAssets\Audio\GeneratedSoundBanks\Windows\Media\835384893.wem",1136700,1136700,1136736,0
"095A07DDD2C8FFF3663CA41EC0B39C2AE625FCE4","MONOPOLY_PLUS\MONOPOLY_PLUS_Data\StreamingAssets\Audio\GeneratedSoundBanks\Windows\Media\864606880.wem",6211270,6211270,6211435,0
"095A07DDD2C8FFF3663CA41EC0B39C2AE625FCE4","MONOPOLY_PLUS\MONOPOLY_PLUS_Data\StreamingAssets\Audio\GeneratedSoundBanks\Windows\Media\868541213.wem",846855,846855,845156,0
"095A07DDD2C8FFF3663CA41EC0B39C2AE625FCE4","MONOPOLY_PLUS\MONOPOLY_PLUS_Data\StreamingAssets\Audio\GeneratedSoundBanks\Windows\Media\868892285.wem",19211014,19211014,19190432,0
"095A07DDD2C8FFF3663CA41EC0B39C2AE625FCE4","MONOPOLY_PLUS\MONOPOLY_PLUS_Data\StreamingAssets\Audio\GeneratedSoundBanks\Windows\Media\871919074.wem",12703677,12703677,12690949,0
"095A07DDD2C8FFF3663CA41EC0B39C2AE625FCE4","MONOPOLY_PLUS\MONOPOLY_PLUS_Data\StreamingAssets\Audio\GeneratedSoundBanks\Windows\Media\886367703.wem",1604563,1604563,1604611,0
"095A07DDD2C8FFF3663CA41EC0B39C2AE625FCE4","MONOPOLY_PLUS\MONOPOLY_PLUS_Data\StreamingAssets\Audio\GeneratedSoundBanks\Windows\Media\886419988.wem",30983265,30983265,30822249,0
"095A07DDD2C8FFF3663CA41EC0B39C2AE625FCE4","MONOPOLY_PLUS\MONOPOLY_PLUS_Data\StreamingAssets\Audio\GeneratedSoundBanks\Windows\Media\892034110.wem",14010772,14010772,13964818,0
"095A07DDD2C8FFF3663CA41EC0B39C2AE625FCE4","MONOPOLY_PLUS\MONOPOLY_PLUS_Data\StreamingAssets\Audio\GeneratedSoundBanks\Windows\Media\9113580.wem",2893579,2893579,2892157,0
"095A07DDD2C8FFF3663CA41EC0B39C2AE625FCE4","MONOPOLY_PLUS\MONOPOLY_PLUS_Data\StreamingAssets\Audio\GeneratedSoundBanks\Windows\Media\914417305.wem",3511708,3511708,3511810,0
"095A07DDD2C8FFF3663CA41EC0B39C2AE625FCE4","MONOPOLY_PLUS\MONOPOLY_PLUS_Data\StreamingAssets\Audio\GeneratedSoundBanks\Windows\Media\917546413.wem",976330,976330,976363,0
"095A07DDD2C8FFF3663CA41EC0B39C2AE625FCE4","MONOPOLY_PLUS\MONOPOLY_PLUS_Data\StreamingAssets\Audio\GeneratedSoundBanks\Windows\Media\919468578.wem",22581117,22581117,22563189,0
"095A07DDD2C8FFF3663CA41EC0B39C2AE625FCE4","MONOPOLY_PLUS\MONOPOLY_PLUS_Data\StreamingAssets\Audio\GeneratedSoundBanks\Windows\Media\926728274.wem",2883580,2883580,2883655,0
"095A07DDD2C8FFF3663CA41EC0B39C2AE625FCE4","MONOPOLY_PLUS\MONOPOLY_PLUS_Data\StreamingAssets\Audio\GeneratedSoundBanks\Windows\Media\950177176.wem",7284869,7284869,7233141,0
"095A07DDD2C8FFF3663CA41EC0B39C2AE625FCE4","MONOPOLY_PLUS\MONOPOLY_PLUS_Data\StreamingAssets\Audio\GeneratedSoundBanks\Windows\Media\953194210.wem",10659531,10659531,10619329,0
"095A07DDD2C8FFF3663CA41EC0B39C2AE625FCE4","MONOPOLY_PLUS\MONOPOLY_PLUS_Data\StreamingAssets\Audio\GeneratedSoundBanks\Windows\Media\966706286.wem",854247,854247,853179,0
"095A07DDD2C8FFF3663CA41EC0B39C2AE625FCE4","MONOPOLY_PLUS\MONOPOLY_PLUS_Data\StreamingAssets\Audio\GeneratedSoundBanks\Windows\Media\981739548.wem",30873020,30873020,30869531,0
"095A07DDD2C8FFF3663CA41EC0B39C2AE625FCE4","MONOPOLY_PLUS\MONOPOLY_PLUS_Data\StreamingAssets\Audio\GeneratedSoundBanks\Windows\Spanish\VO.bnk",28435891,28435891,28098675,0
"095A07DDD2C8FFF3663CA41EC0B39C2AE625FCE4","Support\.NET_Framework_4.6.2\NDP462-KB3151800-x86-x64-AllOS-ENU.exe",62008080,62008080,61888362,0
"095A07DDD2C8FFF3663CA41EC0B39C2AE625FCE4","Support\Visual_C++_2013\vcredist_x64.exe",7194312,7194312,6957235,0
"095A07DDD2C8FFF3663CA41EC0B39C2AE625FCE4","Support\Visual_C++_2013\vcredist_x86.exe",6503984,6503984,6262443,0
"095A07DDD2C8FFF3663CA41EC0B39C2AE625FCE4","Support\Visual_C++_2015\vc_redist_x64.exe",14572000,14572000,14099651,0
"095A07DDD2C8FFF3663CA41EC0B39C2AE625FCE4","Support\Visual_C++_2015\vc_redist_x86.exe",13767776,13767776,13295931,0
"095A07DDD2C8FFF3663CA41EC0B39C2AE625FCE4","Support\Visual_C++_2017-19\VC_redist_x64.exe",25169400,25169400,24054419,0
"095A07DDD2C8FFF3663CA41EC0B39C2AE625FCE4","Support\Visual_C++_2017-19\VC_redist_x86.exe",13782072,13782072,12678967,0
